Name,Locus,Genome,Contig,Start,Stop,Protein_ID,Coding_Strand,Proteome_ID,Proteome_Product,Proteome_Gene_Name,Proteome_Species,Proteome_BSR,Name
CBO_0001,GCA-001273255.1-protein1045,GCA_001273255.1,LGIK01000019.1,438701,439402,1045,-1,tr|A5I052|A5I052_CLOBH,Pirin-family protein,CBO0860,Clostridium botulinum (strain Hall / ATCC 3502 / NCTC 13319 / Type A),1.0,CBO_0001
CBO_0002,GCA-001273255.1-protein3538,GCA_001273255.1,LGIK01000007.1,3391,4302,3538,1,tr|A5HYS8|A5HYS8_CLOBH,Phosphate-binding protein,CBO0384,Clostridium botulinum (strain Hall / ATCC 3502 / NCTC 13319 / Type A),1.0,CBO_0002
CBO_0003,GCA-001273255.1-protein1166,GCA_001273255.1,LGIK01000021.1,47552,51850,1166,1,tr|A5I4J9|A5I4J9_CLOBH,DNA polymerase III PolC-type,polC,Clostridium botulinum (strain Hall / ATCC 3502 / NCTC 13319 / Type A),0.99,CBO_0003
CBO_0004,GCA-001273255.1-protein3221,GCA_001273255.1,LGIK01000054.1,15079,15690,3221,1,tr|A5HXW1|A5HXW1_CLOBH,DUF1836 domain-containing protein,CBO0064,Clostridium botulinum (strain Hall / ATCC 3502 / NCTC 13319 / Type A),1.0,CBO_0004
CBO_0005,GCA-001573385.1-protein3368,GCA_001573385.1,LFOT01000007.1,167544,168197,3368,1,tr|A5I624|A5I624_CLOBH,Ubiquitin-interacting protein,CBO2944,Clostridium botulinum (strain Hall / ATCC 3502 / NCTC 13319 / Type A),0.93,CBO_0005
CBO_0006,GCA-001273255.1-protein1642,GCA_001273255.1,LGIK01000026.1,42094,43158,1642,-1,tr|A5I170|A5I170_CLOBH,Exported protein,CBO1232,Clostridium botulinum (strain Hall / ATCC 3502 / NCTC 13319 / Type A),1.0,CBO_0006
CBO_0007,GCA-001273255.1-protein2651,GCA_001273255.1,LGIK01000049.1,96317,97057,2651,-1,sp|A5I6F4|Y3073_CLOBH,Probable transcriptional regulatory protein CBO3073/CLC_2975,CBO3073,Clostridium botulinum (strain Hall / ATCC 3502 / NCTC 13319 / Type A),1.0,CBO_0007
CBO_0008,GCA-001574355.1-protein819,GCA_001574355.1,LFQF01000016.1,144398,144946,819,-1,tr|A5HZ77|A5HZ77_CLOBH,Probable chromate transport protein,CBO0533,Clostridium botulinum (strain Hall / ATCC 3502 / NCTC 13319 / Type A),0.96,CBO_0008
CBO_0009,GCA-001573665.1-protein2467,GCA_001573665.1,LFPF01000004.1,19115,19999,2467,1,tr|A5I3N0|A5I3N0_CLOBH,Propanediol/ethanolamine utilization protein,CBO2109,Clostridium botulinum (strain Hall / ATCC 3502 / NCTC 13319 / Type A),0.99,CBO_0009
CBO_0010,GCA-001273255.1-protein2822,GCA_001273255.1,LGIK01000005.1,161768,163480,2822,1,tr|A5I5R4|A5I5R4_CLOBH,Methyl-accepting chemotaxis protein,CBO2828,Clostridium botulinum (strain Hall / ATCC 3502 / NCTC 13319 / Type A),1.0,CBO_0010
CBO_0011,GCA-001273255.1-protein2537,GCA_001273255.1,LGIK01000047.1,120143,121105,2537,1,tr|A5I5C4|A5I5C4_CLOBH,LytR-family transcriptional regulator,CBO2690,Clostridium botulinum (strain Hall / ATCC 3502 / NCTC 13319 / Type A),0.98,CBO_0011
CBO_0012,GCA-001273255.1-protein2874,GCA_001273255.1,LGIK01000050.1,32694,34175,2874,1,tr|A5I4U7|A5I4U7_CLOBH,Stage IV sporulation protein A,spoIVA,Clostridium botulinum (strain Hall / ATCC 3502 / NCTC 13319 / Type A),1.0,CBO_0012
CBO_0013,GCA-001273255.1-protein3540,GCA_001273255.1,LGIK01000007.1,5405,6235,3540,1,tr|A5HYT0|A5HYT0_CLOBH,Phosphate transport system permease protein PstA,CBO0386,Clostridium botulinum (strain Hall / ATCC 3502 / NCTC 13319 / Type A),1.0,CBO_0013
CBO_0014,GCA-001273255.1-protein170,GCA_001273255.1,LGIK01000012.1,173100,175640,170,1,tr|A5I3N9|A5I3N9_CLOBH,Choline trimethylamine-lyase,cutC,Clostridium botulinum (strain Hall / ATCC 3502 / NCTC 13319 / Type A),1.0,CBO_0014
CBO_0015,GCA-001273255.1-protein2628,GCA_001273255.1,LGIK01000049.1,75414,75704,2628,-1,tr|A5I6D2|A5I6D2_CLOBH,Uncharacterized protein,CBO3051,Clostridium botulinum (strain Hall / ATCC 3502 / NCTC 13319 / Type A),1.0,CBO_0015
CBO_0016,GCA-001273255.1-protein2889,GCA_001273255.1,LGIK01000050.1,50289,51167,2889,1,sp|A5I4T1|RSGA_CLOBH,Small ribosomal subunit biogenesis GTPase RsgA,rsgA,Clostridium botulinum (strain Hall / ATCC 3502 / NCTC 13319 / Type A),1.0,CBO_0016
CBO_0017,GCA-001273255.1-protein3104,GCA_001273255.1,LGIK01000051.1,204342,205907,3104,-1,tr|A5I1Y3|A5I1Y3_CLOBH,Oxidoreductase,CBO1505,Clostridium botulinum (strain Hall / ATCC 3502 / NCTC 13319 / Type A),1.0,CBO_0017
CBO_0018,GCA-001273255.1-protein3191,GCA_001273255.1,LGIK01000051.1,297558,298547,3191,1,tr|A5I271|A5I271_CLOBH,AraC-family transcriptional regulator,CBO1598,Clostridium botulinum (strain Hall / ATCC 3502 / NCTC 13319 / Type A),1.0,CBO_0018
CBO_0019,GCA-001273255.1-protein2631,GCA_001273255.1,LGIK01000049.1,76608,78389,2631,-1,sp|A5I6D5|SYD_CLOBH,Aspartate--tRNA ligase,aspS,Clostridium botulinum (strain Hall / ATCC 3502 / NCTC 13319 / Type A),1.0,CBO_0019
CBO_0020,GCA-001573255.1-protein3064,GCA_001573255.1,LFON01000041.1,8118,8564,3064,1,tr|A5HXS5|A5HXS5_CLOBH,tRNA-specific adenosine deaminase,tadA,Clostridium botulinum (strain Hall / ATCC 3502 / NCTC 13319 / Type A),0.97,CBO_0020
CBO_0021,GCA-001273255.1-protein579,GCA_001273255.1,LGIK01000017.1,62386,64554,579,1,tr|A5I0I3|A5I0I3_CLOBH,Membrane protein,CBO0992,Clostridium botulinum (strain Hall / ATCC 3502 / NCTC 13319 / Type A),1.0,CBO_0021
CBO_0022,GCA-001273255.1-protein1934,GCA_001273255.1,LGIK01000030.1,86260,88158,1934,-1,tr|A5I7T8|A5I7T8_CLOBH,glutamine synthetase,glnA,Clostridium botulinum (strain Hall / ATCC 3502 / NCTC 13319 / Type A),1.0,CBO_0022
CBO_0023,GCA-001273255.1-protein618,GCA_001273255.1,LGIK01000017.1,105450,105671,618,1,tr|A5I0M1|A5I0M1_CLOBH,Ferrous iron transport protein A,feoA,Clostridium botulinum (strain Hall / ATCC 3502 / NCTC 13319 / Type A),1.0,CBO_0023
CBO_0024,GCA-001273255.1-protein628,GCA_001273255.1,LGIK01000017.1,114845,116653,628,-1,tr|A5I0N1|A5I0N1_CLOBH,Heavy metal transporter,CBO1039,Clostridium botulinum (strain Hall / ATCC 3502 / NCTC 13319 / Type A),0.98,CBO_0024
CBO_0025,GCA-001273255.1-protein347,GCA_001273255.1,LGIK01000012.1,379163,379939,347,1,tr|A5I352|A5I352_CLOBH,Membrane protein,CBO1927,Clostridium botulinum (strain Hall / ATCC 3502 / NCTC 13319 / Type A),1.0,CBO_0025
CBO_0026,GCA-001273255.1-protein2771,GCA_001273255.1,LGIK01000005.1,88973,90169,2771,1,tr|A5I5W9|A5I5W9_CLOBH,Aspartate/ornithine carbamoyltransferase,CBO2885,Clostridium botulinum (strain Hall / ATCC 3502 / NCTC 13319 / Type A),1.0,CBO_0026
CBO_0027,GCA-001273255.1-protein2231,GCA_001273255.1,LGIK01000043.1,113112,113798,2231,1,tr|A5I7B5|A5I7B5_CLOBH,Cell division ATP-binding protein FtsE,ftsE,Clostridium botulinum (strain Hall / ATCC 3502 / NCTC 13319 / Type A),1.0,CBO_0027
CBO_0028,GCA-001273255.1-protein2182,GCA_001273255.1,LGIK01000043.1,64235,66244,2182,-1,tr|A5I7G4|A5I7G4_CLOBH,HTH-type transcriptional regulatory protein TyrR,CBO3439,Clostridium botulinum (strain Hall / ATCC 3502 / NCTC 13319 / Type A),1.0,CBO_0028
CBO_0029,GCA-001273255.1-protein3321,GCA_001273255.1,LGIK01000054.1,123360,124382,3321,1,tr|A5HY64|A5HY64_CLOBH,Competence protein ComF,CBO0170,Clostridium botulinum (strain Hall / ATCC 3502 / NCTC 13319 / Type A),1.0,CBO_0029
CBO_0030,GCA-001273255.1-protein2018,GCA_001273255.1,LGIK01000035.1,6345,8405,2018,1,tr|A5I5P7|A5I5P7_CLOBH,Methyl-accepting chemotaxis protein,CBO2811,Clostridium botulinum (strain Hall / ATCC 3502 / NCTC 13319 / Type A),1.0,CBO_0030
CBO_0031,GCA-001273255.1-protein859,GCA_001273255.1,LGIK01000019.1,231344,231832,859,1,tr|A5HZI7|A5HZI7_CLOBH,Rubrerythrin diiron-binding domain-containing protein,CBO0644,Clostridium botulinum (strain Hall / ATCC 3502 / NCTC 13319 / Type A),1.0,CBO_0031
CBO_0032,GCA-001273255.1-protein2967,GCA_001273255.1,LGIK01000051.1,60393,61400,2967,1,tr|A5I1K1|A5I1K1_CLOBH,"ABC transporter, substrate-binding lipoprotein",CBO1368,Clostridium botulinum (strain Hall / ATCC 3502 / NCTC 13319 / Type A),0.99,CBO_0032
CBO_0033,GCA-016990285.1-protein305,GCA_016990285.1,NQVS01000001.1,343992,344909,305,-1,tr|A5HZR7|A5HZR7_CLOBH,Cysteine synthase,cysK,Clostridium botulinum (strain Hall / ATCC 3502 / NCTC 13319 / Type A),0.96,CBO_0033
CBO_0034,GCA-001273255.1-protein1148,GCA_001273255.1,LGIK01000021.1,29406,30215,1148,1,sp|A5I4L9|RNH2_CLOBH,Ribonuclease HII,rnhB,Clostridium botulinum (strain Hall / ATCC 3502 / NCTC 13319 / Type A),0.99,CBO_0034
CBO_0035,GCA-001273255.1-protein342,GCA_001273255.1,LGIK01000012.1,371790,372233,342,-1,tr|A5I357|A5I357_CLOBH,MarR-family transcriptional regulator,CBO1932,Clostridium botulinum (strain Hall / ATCC 3502 / NCTC 13319 / Type A),1.0,CBO_0035
CBO_0036,GCA-001273255.1-protein2331,GCA_001273255.1,LGIK01000043.1,251238,252371,2331,1,tr|A5I713|A5I713_CLOBH,Acyl-CoA dehydrogenase,acdA,Clostridium botulinum (strain Hall / ATCC 3502 / NCTC 13319 / Type A),1.0,CBO_0036
CBO_0037,GCA-001273255.1-protein1538,GCA_001273255.1,LGIK01000025.1,173637,174173,1538,-1,tr|A5I554|A5I554_CLOBH,Peptide deformylase,def,Clostridium botulinum (strain Hall / ATCC 3502 / NCTC 13319 / Type A),0.88,CBO_0037
CBO_0038,GCA-001273255.1-protein3361,GCA_001273255.1,LGIK01000054.1,168433,169662,3361,-1,tr|A5HYA4|A5HYA4_CLOBH,Putative competence-damage inducible protein,cinA,Clostridium botulinum (strain Hall / ATCC 3502 / NCTC 13319 / Type A),0.99,CBO_0038
CBO_0039,GCA-001273255.1-protein1958,GCA_001273255.1,LGIK01000030.1,111039,114545,1958,1,tr|A5I7R4|A5I7R4_CLOBH,Transcription-repair-coupling factor,mfd,Clostridium botulinum (strain Hall / ATCC 3502 / NCTC 13319 / Type A),1.0,CBO_0039
CBO_0040,GCA-001273255.1-protein1709,GCA_001273255.1,LGIK01000026.1,117993,119000,1709,-1,tr|A5I102|A5I102_CLOBH,"ABC transporter, substrate-binding lipoprotein",CBO1162,Clostridium botulinum (strain Hall / ATCC 3502 / NCTC 13319 / Type A),1.0,CBO_0040
CBO_0041,GCA-001273255.1-protein2954,GCA_001273255.1,LGIK01000051.1,44786,46504,2954,1,tr|A5I1I8|A5I1I8_CLOBH,Methyl-accepting chemotaxis protein,CBO1354,Clostridium botulinum (strain Hall / ATCC 3502 / NCTC 13319 / Type A),1.0,CBO_0041
CBO_0042,GCA-001573665.1-protein832,GCA_001573665.1,LFPF01000014.1,63764,64252,832,1,tr|A5I7W2|A5I7W2_CLOBH,dUTPase,CBO3588,Clostridium botulinum (strain Hall / ATCC 3502 / NCTC 13319 / Type A),0.97,CBO_0042
CBO_0043,GCA-001273255.1-protein1912,GCA_001273255.1,LGIK01000030.1,65144,66388,1912,-1,tr|A5I7W0|A5I7W0_CLOBH,Glycosyl transferase,CBO3586,Clostridium botulinum (strain Hall / ATCC 3502 / NCTC 13319 / Type A),0.99,CBO_0043
CBO_0044,GCA-001273255.1-protein3379,GCA_001273255.1,LGIK01000054.1,189734,191263,3379,1,tr|A5HYC2|A5HYC2_CLOBH,"2,3-bisphosphoglycerate-independent phosphoglycerate mutase",gpmI,Clostridium botulinum (strain Hall / ATCC 3502 / NCTC 13319 / Type A),1.0,CBO_0044
CBO_0045,GCA-001273255.1-protein270,GCA_001273255.1,LGIK01000012.1,284813,286117,270,1,sp|A5I3D3|Y2008_CLOBH,UPF0597 protein CBO2008/CLC_1955,CBO2008,Clostridium botulinum (strain Hall / ATCC 3502 / NCTC 13319 / Type A),1.0,CBO_0045
CBO_0046,GCA-001273255.1-protein3431,GCA_001273255.1,LGIK01000054.1,250787,251548,3431,1,tr|A5HYH3|A5HYH3_CLOBH,Transcriptional regulator of phosphosugar synthesis,CBO0280,Clostridium botulinum (strain Hall / ATCC 3502 / NCTC 13319 / Type A),1.0,CBO_0046
CBO_0047,GCA-001273255.1-protein932,GCA_001273255.1,LGIK01000019.1,315267,315893,932,-1,tr|A5HZS0|A5HZS0_CLOBH,Methyltransferase domain-containing protein,CBO0727,Clostridium botulinum (strain Hall / ATCC 3502 / NCTC 13319 / Type A),1.0,CBO_0047
CBO_0048,GCA-001573255.1-protein3707,GCA_001573255.1,LFON01000007.1,105681,106910,3707,-1,tr|A5I285|A5I285_CLOBH,Transporter,CBO1614,Clostridium botulinum (strain Hall / ATCC 3502 / NCTC 13319 / Type A),0.96,CBO_0048
CBO_0049,GCA-001273255.1-protein2372,GCA_001273255.1,LGIK01000044.1,17957,20338,2372,-1,tr|A5I6L0|A5I6L0_CLOBH,Phenylalanine--tRNA ligase beta subunit,pheT,Clostridium botulinum (strain Hall / ATCC 3502 / NCTC 13319 / Type A),1.0,CBO_0049
CBO_0050,GCA-001273255.1-protein1118,GCA_001273255.1,LGIK01000020.1,11061,11954,1118,-1,tr|A5I6S2|A5I6S2_CLOBH,DUF2229 domain-containing protein,CBO3193,Clostridium botulinum (strain Hall / ATCC 3502 / NCTC 13319 / Type A),1.0,CBO_0050
CBO_0051,GCA-001273255.1-protein2667,GCA_001273255.1,LGIK01000049.1,111159,111494,2667,-1,tr|A5I6H0|A5I6H0_CLOBH,Anti-sigma F factor antagonist,spoIIAA,Clostridium botulinum (strain Hall / ATCC 3502 / NCTC 13319 / Type A),1.0,CBO_0051
CBO_0052,GCA-001273255.1-protein568,GCA_001273255.1,LGIK01000017.1,53819,54283,568,1,tr|A5I0H1|A5I0H1_CLOBH,Acetyltransferase,CBO0980,Clostridium botulinum (strain Hall / ATCC 3502 / NCTC 13319 / Type A),1.0,CBO_0052
CBO_0053,GCA-001273255.1-protein1979,GCA_001273255.1,LGIK01000030.1,136641,138032,1979,1,tr|A5I7P3|A5I7P3_CLOBH,Glycine--tRNA ligase,glyS,Clostridium botulinum (strain Hall / ATCC 3502 / NCTC 13319 / Type A),1.0,CBO_0053
CBO_0054,GCA-001273255.1-protein136,GCA_001273255.1,LGIK01000012.1,134158,134442,136,1,tr|A5I3S3|A5I3S3_CLOBH,"PTS system, EIIB component",CBO2151,Clostridium botulinum (strain Hall / ATCC 3502 / NCTC 13319 / Type A),1.0,CBO_0054
CBO_0055,GCA-001273255.1-protein2050,GCA_001273255.1,LGIK01000036.1,22898,23701,2050,1,tr|A5I1D8|A5I1D8_CLOBH,Lipid II flippase Amj,amj,Clostridium botulinum (strain Hall / ATCC 3502 / NCTC 13319 / Type A),1.0,CBO_0055
CBO_0056,GCA-001273255.1-protein2001,GCA_001273255.1,LGIK01000034.1,10753,13341,2001,1,tr|A5HYN9|A5HYN9_CLOBH,Aldehyde-alcohol dehydrogenase,adhE,Clostridium botulinum (strain Hall / ATCC 3502 / NCTC 13319 / Type A),1.0,CBO_0056
CBO_0057,GCA-001273255.1-protein3055,GCA_001273255.1,LGIK01000051.1,154577,155506,3055,1,sp|A5I1T3|RSMH_CLOBH,Ribosomal RNA small subunit methyltransferase H,rsmH,Clostridium botulinum (strain Hall / ATCC 3502 / NCTC 13319 / Type A),1.0,CBO_0057
CBO_0058,GCA-001273255.1-protein3205,GCA_001273255.1,LGIK01000054.1,1648,2556,3205,-1,tr|A5HXU5|A5HXU5_CLOBH,Muramoyl-tetrapeptide carboxypeptidase,CBO0049,Clostridium botulinum (strain Hall / ATCC 3502 / NCTC 13319 / Type A),0.97,CBO_0058
CBO_0059,GCA-001273255.1-protein2571,GCA_001273255.1,LGIK01000049.1,25563,26348,2571,-1,tr|A5I674|A5I674_CLOBH,Cell wall endopeptidase,CBO2994,Clostridium botulinum (strain Hall / ATCC 3502 / NCTC 13319 / Type A),0.99,CBO_0059
CBO_0060,GCA-001273255.1-protein545,GCA_001273255.1,LGIK01000017.1,29787,30476,545,1,tr|A5I0E8|A5I0E8_CLOBH,Crp-family transcriptional regulator,CBO0955,Clostridium botulinum (strain Hall / ATCC 3502 / NCTC 13319 / Type A),1.0,CBO_0060
CBO_0061,GCA-001273255.1-protein2951,GCA_001273255.1,LGIK01000051.1,42060,43298,2951,1,tr|A5I1I5|A5I1I5_CLOBH,Exported protein,CBO1351,Clostridium botulinum (strain Hall / ATCC 3502 / NCTC 13319 / Type A),1.0,CBO_0061
CBO_0062,GCA-001273255.1-protein2666,GCA_001273255.1,LGIK01000049.1,110720,111142,2666,-1,tr|A5I6G9|A5I6G9_CLOBH,Anti-sigma F factor,spoIIAB,Clostridium botulinum (strain Hall / ATCC 3502 / NCTC 13319 / Type A),1.0,CBO_0062
CBO_0063,GCA-001273255.1-protein2021,GCA_001273255.1,LGIK01000035.1,10505,11422,2021,1,sp|A5I5P4|GLSA_CLOBH,Glutaminase,glsA,Clostridium botulinum (strain Hall / ATCC 3502 / NCTC 13319 / Type A),1.0,CBO_0063
CBO_0064,GCA-001273255.1-protein2789,GCA_001273255.1,LGIK01000005.1,116601,117806,2789,1,tr|A5I5V0|A5I5V0_CLOBH,Riboflavin biosynthesis protein RibBA,ribA,Clostridium botulinum (strain Hall / ATCC 3502 / NCTC 13319 / Type A),1.0,CBO_0064
CBO_0065,GCA-001273255.1-protein487,GCA_001273255.1,LGIK01000015.1,30061,31017,487,1,tr|A5I6V2|A5I6V2_CLOBH,WYL domain-containing protein,CBO3223,Clostridium botulinum (strain Hall / ATCC 3502 / NCTC 13319 / Type A),1.0,CBO_0065
CBO_0066,GCA-001273255.1-protein1732,GCA_001273255.1,LGIK01000028.1,19009,21012,1732,-1,tr|A5I2P5|A5I2P5_CLOBH,Methyl-accepting chemotaxis protein,CBO1773,Clostridium botulinum (strain Hall / ATCC 3502 / NCTC 13319 / Type A),1.0,CBO_0066
CBO_0067,GCA-001273255.1-protein844,GCA_001273255.1,LGIK01000019.1,215476,216027,844,-1,tr|A5HZG8|A5HZG8_CLOBH,DNA-binding protein,CBO0624,Clostridium botulinum (strain Hall / ATCC 3502 / NCTC 13319 / Type A),0.96,CBO_0067
CBO_0068,GCA-001273255.1-protein591,GCA_001273255.1,LGIK01000017.1,77851,79524,591,1,tr|A5I0J5|A5I0J5_CLOBH,Uncharacterized AAA domain-containing protein ycf46,CBO1003,Clostridium botulinum (strain Hall / ATCC 3502 / NCTC 13319 / Type A),0.99,CBO_0068
CBO_0069,GCA-001273255.1-protein761,GCA_001273255.1,LGIK01000019.1,123117,123707,761,1,tr|A5HZ79|A5HZ79_CLOBH,PemK-family protein,CBO0535,Clostridium botulinum (strain Hall / ATCC 3502 / NCTC 13319 / Type A),1.0,CBO_0069
CBO_0070,GCA-001273255.1-protein414,GCA_001273255.1,LGIK01000012.1,445452,445700,414,1,tr|A5I2Y5|A5I2Y5_CLOBH,Iron-only hydrogenase system regulator,CBO1862,Clostridium botulinum (strain Hall / ATCC 3502 / NCTC 13319 / Type A),1.0,CBO_0070
CBO_0071,GCA-001273255.1-protein2711,GCA_001273255.1,LGIK01000005.1,20835,22922,2711,1,tr|A5I630|A5I630_CLOBH,Membrane-associated phosphohydrolase,CBO2950,Clostridium botulinum (strain Hall / ATCC 3502 / NCTC 13319 / Type A),1.0,CBO_0071
CBO_0072,GCA-001273255.1-protein2012,GCA_001273255.1,LGIK01000034.1,22959,23633,2012,1,tr|A5HYQ0|A5HYQ0_CLOBH,TVP38/TMEM64 family membrane protein,CBO0356,Clostridium botulinum (strain Hall / ATCC 3502 / NCTC 13319 / Type A),1.0,CBO_0072
CBO_0073,GCA-001573255.1-protein1965,GCA_001573255.1,LFON01000028.1,7758,8960,1965,-1,tr|A5I6S8|A5I6S8_CLOBH,Butyryl-CoA dehydrogenase,bcd,Clostridium botulinum (strain Hall / ATCC 3502 / NCTC 13319 / Type A),0.94,CBO_0073
CBO_0074,GCA-001273255.1-protein1325,GCA_001273255.1,LGIK01000023.1,18108,18686,1325,-1,tr|A5HYR6|A5HYR6_CLOBH,Ion-translocating oxidoreductase complex subunit A,rnfA,Clostridium botulinum (strain Hall / ATCC 3502 / NCTC 13319 / Type A),1.0,CBO_0074
CBO_0075,GCA-001273255.1-protein1895,GCA_001273255.1,LGIK01000030.1,50174,50398,1895,1,tr|A5I7X7|A5I7X7_CLOBH,Acyl carrier protein,acpP,Clostridium botulinum (strain Hall / ATCC 3502 / NCTC 13319 / Type A),1.0,CBO_0075
CBO_0076,GCA-001574335.1-protein1037,GCA_001574335.1,LFQE01000016.1,68459,69163,1037,-1,tr|A5HYQ9|A5HYQ9_CLOBH,Stage 0 sporulation protein A homolog,CBO0365,Clostridium botulinum (strain Hall / ATCC 3502 / NCTC 13319 / Type A),0.98,CBO_0076
CBO_0077,GCA-001273255.1-protein1636,GCA_001273255.1,LGIK01000026.1,37827,38582,1636,1,tr|A5I176|A5I176_CLOBH,"2,3-dihydro-2,3-dihydroxybenzoate dehydrogenase",CBO1238,Clostridium botulinum (strain Hall / ATCC 3502 / NCTC 13319 / Type A),1.0,CBO_0077
CBO_0078,GCA-001573175.1-protein835,GCA_001573175.1,LFOK01000014.1,372970,373566,835,-1,tr|A5I5Y4|A5I5Y4_CLOBH,Exported protein,CBO2900,Clostridium botulinum (strain Hall / ATCC 3502 / NCTC 13319 / Type A),0.98,CBO_0078
CBO_0079,GCA-001273255.1-protein1761,GCA_001273255.1,LGIK01000028.1,53397,54737,1761,-1,tr|A5I2D0|A5I2D0_CLOBH,Xanthine/uracil permease,CBO1662,Clostridium botulinum (strain Hall / ATCC 3502 / NCTC 13319 / Type A),0.96,CBO_0079
CBO_0080,GCA-001573385.1-protein1630,GCA_001573385.1,LFOT01000024.1,51566,51970,1630,1,tr|A5HZ99|A5HZ99_CLOBH,Large-conductance mechanosensitive channel,mscL,Clostridium botulinum (strain Hall / ATCC 3502 / NCTC 13319 / Type A),0.85,CBO_0080
CBO_0081,GCA-001273255.1-protein3355,GCA_001273255.1,LGIK01000054.1,162805,163719,3355,1,tr|A5HY98|A5HY98_CLOBH,Cysteine synthase,cysK1,Clostridium botulinum (strain Hall / ATCC 3502 / NCTC 13319 / Type A),0.99,CBO_0081
CBO_0082,GCA-001273255.1-protein505,GCA_001273255.1,LGIK01000015.1,47937,49229,505,1,tr|A5I6T4|A5I6T4_CLOBH,Integral membrane transport protein,CBO3205,Clostridium botulinum (strain Hall / ATCC 3502 / NCTC 13319 / Type A),1.0,CBO_0082
CBO_0083,GCA-001273255.1-protein680,GCA_001273255.1,LGIK01000019.1,31403,32305,680,1,sp|A5HYZ6|DDL_CLOBH,D-alanine--D-alanine ligase,ddl,Clostridium botulinum (strain Hall / ATCC 3502 / NCTC 13319 / Type A),1.0,CBO_0083
CBO_0084,GCA-001273255.1-protein3325,GCA_001273255.1,LGIK01000054.1,129083,130060,3325,1,tr|A5HY68|A5HY68_CLOBH,Peptide chain release factor 2,prfB,Clostridium botulinum (strain Hall / ATCC 3502 / NCTC 13319 / Type A),0.99,CBO_0084
CBO_0085,GCA-001573175.1-protein3349,GCA_001573175.1,LFOK01000007.1,301909,302652,3349,1,tr|A5I127|A5I127_CLOBH,Membrane protein,CBO1189,Clostridium botulinum (strain Hall / ATCC 3502 / NCTC 13319 / Type A),0.79,CBO_0085
CBO_0086,GCA-001273255.1-protein1559,GCA_001273255.1,LGIK01000025.1,195813,196541,1559,-1,tr|A5I575|A5I575_CLOBH,RNA polymerase sigma factor,sigD,Clostridium botulinum (strain Hall / ATCC 3502 / NCTC 13319 / Type A),1.0,CBO_0086
CBO_0087,GCA-001273255.1-protein2885,GCA_001273255.1,LGIK01000050.1,45025,46353,2885,1,tr|A5I4T5|A5I4T5_CLOBH,16S rRNA (cytosine(967)-C(5))-methyltransferase,CBO2507,Clostridium botulinum (strain Hall / ATCC 3502 / NCTC 13319 / Type A),1.0,CBO_0087
CBO_0088,GCA-001273255.1-protein2940,GCA_001273255.1,LGIK01000051.1,28888,29886,2940,1,tr|A5I1H3|A5I1H3_CLOBH,"Iron ABC transporter, permease protein",CBO1338,Clostridium botulinum (strain Hall / ATCC 3502 / NCTC 13319 / Type A),1.0,CBO_0088
CBO_0089,GCA-001273255.1-protein2473,GCA_001273255.1,LGIK01000047.1,55133,55966,2473,1,tr|A5I5J0|A5I5J0_CLOBH,Aminotransferase,CBO2756,Clostridium botulinum (strain Hall / ATCC 3502 / NCTC 13319 / Type A),0.99,CBO_0089
CBO_0090,GCA-001273255.1-protein676,GCA_001273255.1,LGIK01000019.1,27349,27966,676,-1,sp|A5HYZ3|THIE_CLOBH,Thiamine-phosphate synthase,thiE,Clostridium botulinum (strain Hall / ATCC 3502 / NCTC 13319 / Type A),1.0,CBO_0090
CBO_0091,GCA-001273255.1-protein2278,GCA_001273255.1,LGIK01000043.1,173939,175915,2278,1,tr|A5I766|A5I766_CLOBH,ATP-dependent zinc metalloprotease FtsH,ftsH,Clostridium botulinum (strain Hall / ATCC 3502 / NCTC 13319 / Type A),1.0,CBO_0091
CBO_0092,GCA-001273255.1-protein1427,GCA_001273255.1,LGIK01000025.1,61766,62179,1427,-1,sp|A5I4Z3|YQGF_CLOBH,Putative pre-16S rRNA nuclease,CBO2562,Clostridium botulinum (strain Hall / ATCC 3502 / NCTC 13319 / Type A),1.0,CBO_0092
CBO_0093,GCA-001273255.1-protein326,GCA_001273255.1,LGIK01000012.1,355707,356351,326,1,tr|A5I374|A5I374_CLOBH,TVP38/TMEM64 family membrane protein,CBO1949,Clostridium botulinum (strain Hall / ATCC 3502 / NCTC 13319 / Type A),1.0,CBO_0093
CBO_0094,GCA-001273255.1-protein2977,GCA_001273255.1,LGIK01000051.1,70336,70989,2977,1,tr|A5I1L1|A5I1L1_CLOBH,Stage 0 sporulation protein A homolog,CBO1380,Clostridium botulinum (strain Hall / ATCC 3502 / NCTC 13319 / Type A),1.0,CBO_0094
CBO_0095,GCA-001273255.1-protein2754,GCA_001273255.1,LGIK01000005.1,72046,73488,2754,1,tr|A5I5Y5|A5I5Y5_CLOBH,Purine transporter,CBO2901,Clostridium botulinum (strain Hall / ATCC 3502 / NCTC 13319 / Type A),1.0,CBO_0095
CBO_0096,GCA-001273255.1-protein2763,GCA_001273255.1,LGIK01000005.1,79152,79961,2763,-1,tr|A5I5X7|A5I5X7_CLOBH,Xanthine dehydrogenase accessory protein,CBO2893,Clostridium botulinum (strain Hall / ATCC 3502 / NCTC 13319 / Type A),1.0,CBO_0096
CBO_0097,GCA-001273255.1-protein782,GCA_001273255.1,LGIK01000019.1,148174,148554,782,1,tr|A5HZA3|A5HZA3_CLOBH,GntR-family transcriptional regulator,CBO0558A,Clostridium botulinum (strain Hall / ATCC 3502 / NCTC 13319 / Type A),1.0,CBO_0097
CBO_0098,GCA-001273255.1-protein1338,GCA_001273255.1,LGIK01000023.1,33193,34533,1338,-1,tr|A5HYQ3|A5HYQ3_CLOBH,Probable multidrug resistance protein NorM,CBO0359,Clostridium botulinum (strain Hall / ATCC 3502 / NCTC 13319 / Type A),1.0,CBO_0098
CBO_0099,GCA-001273255.1-protein383,GCA_001273255.1,LGIK01000012.1,412537,412920,383,1,tr|A5I316|A5I316_CLOBH,Stage III sporulation protein AD,spoIIIAD,Clostridium botulinum (strain Hall / ATCC 3502 / NCTC 13319 / Type A),1.0,CBO_0099
CBO_0100,GCA-001273255.1-protein92,GCA_001273255.1,LGIK01000012.1,86948,87766,92,1,tr|A5I3X1|A5I3X1_CLOBH,Ferredoxin,fesA,Clostridium botulinum (strain Hall / ATCC 3502 / NCTC 13319 / Type A),0.98,CBO_0100
CBO_0101,GCA-001273255.1-protein229,GCA_001273255.1,LGIK01000012.1,234143,235123,229,-1,tr|A5I3H7|A5I3H7_CLOBH,"dTDP-glucose 4,6-dehydratase",rmlB,Clostridium botulinum (strain Hall / ATCC 3502 / NCTC 13319 / Type A),1.0,CBO_0101
CBO_0102,GCA-054635055.1-protein513,GCA_054635055.1,NKRQ01000001.1,575641,577263,513,-1,tr|A5I0S4|A5I0S4_CLOBH,Chitinase,CBO1081,Clostridium botulinum (strain Hall / ATCC 3502 / NCTC 13319 / Type A),0.95,CBO_0102
CBO_0103,GCA-001273255.1-protein2116,GCA_001273255.1,LGIK01000043.1,13545,15182,2116,1,tr|A5I7N0|A5I7N0_CLOBH,Prolyl-tRNA synthetase,proS2,Clostridium botulinum (strain Hall / ATCC 3502 / NCTC 13319 / Type A),0.99,CBO_0103
CBO_0104,GCA-001273255.1-protein2736,GCA_001273255.1,LGIK01000005.1,49812,50489,2736,-1,tr|A5I605|A5I605_CLOBH,Cyclic AMP-binding regulatory protein,CBO2923,Clostridium botulinum (strain Hall / ATCC 3502 / NCTC 13319 / Type A),1.0,CBO_0104
CBO_0105,GCA-001273255.1-protein630,GCA_001273255.1,LGIK01000017.1,117696,118397,630,1,tr|A5I0N3|A5I0N3_CLOBH,Stage 0 sporulation protein A homolog,CBO1041,Clostridium botulinum (strain Hall / ATCC 3502 / NCTC 13319 / Type A),0.99,CBO_0105
CBO_0106,GCA-001273255.1-protein1629,GCA_001273255.1,LGIK01000026.1,33380,33613,1629,-1,tr|A5I182|A5I182_CLOBH,Uncharacterized protein,CBO1244,Clostridium botulinum (strain Hall / ATCC 3502 / NCTC 13319 / Type A),1.0,CBO_0106
CBO_0107,GCA-001273255.1-protein339,GCA_001273255.1,LGIK01000012.1,368596,370413,339,1,tr|A5I360|A5I360_CLOBH,Tungsten-containing aldehyde ferredoxin oxidoreductase,aorA,Clostridium botulinum (strain Hall / ATCC 3502 / NCTC 13319 / Type A),1.0,CBO_0107
CBO_0108,GCA-001273255.1-protein1902,GCA_001273255.1,LGIK01000030.1,55403,56749,1902,1,tr|A5I7X0|A5I7X0_CLOBH,Biotin carboxylase,accC,Clostridium botulinum (strain Hall / ATCC 3502 / NCTC 13319 / Type A),1.0,CBO_0108
CBO_0109,GCA-001273255.1-protein684,GCA_001273255.1,LGIK01000019.1,35436,36173,684,1,tr|A5HZ00|A5HZ00_CLOBH,"Branched-chain amino acid transport system,ATP-binding protein",CBO0456,Clostridium botulinum (strain Hall / ATCC 3502 / NCTC 13319 / Type A),1.0,CBO_0109
CBO_0110,GCA-001273255.1-protein476,GCA_001273255.1,LGIK01000015.1,17630,18442,476,1,tr|A5I6W4|A5I6W4_CLOBH,Secreted protein,CBO3234,Clostridium botulinum (strain Hall / ATCC 3502 / NCTC 13319 / Type A),1.0,CBO_0110
CBO_0111,GCA-001273255.1-protein2968,GCA_001273255.1,LGIK01000051.1,61372,62133,2968,1,tr|A5I1K2|A5I1K2_CLOBH,"ABC transporter, permease protein",CBO1369,Clostridium botulinum (strain Hall / ATCC 3502 / NCTC 13319 / Type A),1.0,CBO_0111
CBO_0112,GCA-001273255.1-protein1762,GCA_001273255.1,LGIK01000028.1,54825,56297,1762,-1,tr|A5I2C9|A5I2C9_CLOBH,Methyl-accepting chemotaxis protein,CBO1661,Clostridium botulinum (strain Hall / ATCC 3502 / NCTC 13319 / Type A),1.0,CBO_0112
CBO_0113,GCA-001573665.1-protein1901,GCA_001573665.1,LFPF01000029.1,18825,20561,1901,-1,tr|A5HYU4|A5HYU4_CLOBH,ATP-dependent zinc metalloprotease FtsH,ftsH,Clostridium botulinum (strain Hall / ATCC 3502 / NCTC 13319 / Type A),0.99,CBO_0113
CBO_0114,GCA-001573665.1-protein2147,GCA_001573665.1,LFPF01000030.1,15231,15866,2147,1,tr|A5I0K7|A5I0K7_CLOBH,Cyclase,CBO1015,Clostridium botulinum (strain Hall / ATCC 3502 / NCTC 13319 / Type A),0.89,CBO_0114
CBO_0115,GCA-001273255.1-protein2358,GCA_001273255.1,LGIK01000043.1,280854,281453,2358,1,tr|A5I6Y8|A5I6Y8_CLOBH,dITP/XTP pyrophosphatase,CBO3261,Clostridium botulinum (strain Hall / ATCC 3502 / NCTC 13319 / Type A),1.0,CBO_0115
CBO_0116,GCA-001273255.1-protein392,GCA_001273255.1,LGIK01000012.1,418824,419696,392,1,tr|A5I307|A5I307_CLOBH,Farnesyl diphosphate synthase,ispA,Clostridium botulinum (strain Hall / ATCC 3502 / NCTC 13319 / Type A),0.98,CBO_0116
CBO_0117,GCA-001273255.1-protein2144,GCA_001273255.1,LGIK01000043.1,41857,42141,2144,1,sp|A5I7K2|RS19_CLOBH,Small ribosomal subunit protein uS19,rpsS,Clostridium botulinum (strain Hall / ATCC 3502 / NCTC 13319 / Type A),1.0,CBO_0117
CBO_0118,GCA-001273255.1-protein288,GCA_001273255.1,LGIK01000012.1,304719,306386,288,-1,tr|A5I3B3|A5I3B3_CLOBH,"Alpha,alpha-phosphotrehalase",treA,Clostridium botulinum (strain Hall / ATCC 3502 / NCTC 13319 / Type A),1.0,CBO_0118
CBO_0119,GCA-001273255.1-protein95,GCA_001273255.1,LGIK01000012.1,90863,91990,95,1,tr|A5I3W8|A5I3W8_CLOBH,Subunit of oxygen-sensitive 2-hydroxyisocaproyl-CoA dehydratase,hadC,Clostridium botulinum (strain Hall / ATCC 3502 / NCTC 13319 / Type A),1.0,CBO_0119
CBO_0120,GCA-001573175.1-protein1191,GCA_001573175.1,LFOK01000018.1,38975,39217,1191,-1,tr|A5I7L2|A5I7L2_CLOBH,50S ribosomal protein L7ae,CBO3486,Clostridium botulinum (strain Hall / ATCC 3502 / NCTC 13319 / Type A),0.97,CBO_0120
CBO_0121,GCA-001273255.1-protein3430,GCA_001273255.1,LGIK01000054.1,249995,250504,3430,1,tr|A5HYH2|A5HYH2_CLOBH,"PTS system, IIa component",ptsG,Clostridium botulinum (strain Hall / ATCC 3502 / NCTC 13319 / Type A),1.0,CBO_0121
CBO_0122,GCA-001273255.1-protein2112,GCA_001273255.1,LGIK01000043.1,10840,11238,2112,-1,tr|A5I7N3|A5I7N3_CLOBH,DUF1573 domain-containing protein,CBO3506,Clostridium botulinum (strain Hall / ATCC 3502 / NCTC 13319 / Type A),1.0,CBO_0122
CBO_0123,GCA-001273255.1-protein409,GCA_001273255.1,LGIK01000012.1,441104,441757,409,1,tr|A5I2Z0|A5I2Z0_CLOBH,Stage II sporulation protein,spoIIM,Clostridium botulinum (strain Hall / ATCC 3502 / NCTC 13319 / Type A),1.0,CBO_0123
CBO_0124,GCA-001273255.1-protein1649,GCA_001273255.1,LGIK01000026.1,48524,49381,1649,1,tr|A5I163|A5I163_CLOBH,"Oligopeptide ABC transporter, permease protein",appC,Clostridium botulinum (strain Hall / ATCC 3502 / NCTC 13319 / Type A),1.0,CBO_0124
CBO_0125,GCA-001273255.1-protein3124,GCA_001273255.1,LGIK01000051.1,229433,231505,3124,1,tr|A5I203|A5I203_CLOBH,Methyl-accepting chemotaxis protein,CBO1526,Clostridium botulinum (strain Hall / ATCC 3502 / NCTC 13319 / Type A),1.0,CBO_0125
CBO_0126,GCA-001273255.1-protein3085,GCA_001273255.1,LGIK01000051.1,184550,185221,3085,1,tr|A5I1W3|A5I1W3_CLOBH,"Molybdenum ABC transporter, ATP-binding protein",modC,Clostridium botulinum (strain Hall / ATCC 3502 / NCTC 13319 / Type A),1.0,CBO_0126
CBO_0127,GCA-001573665.1-protein3062,GCA_001573665.1,LFPF01000006.1,150241,151107,3062,1,tr|A5I3Z3|A5I3Z3_CLOBH,4Fe-4S cluster containing ParA family ATPase protein,CBO2222,Clostridium botulinum (strain Hall / ATCC 3502 / NCTC 13319 / Type A),0.95,CBO_0127
CBO_0128,GCA-001273255.1-protein559,GCA_001273255.1,LGIK01000017.1,43038,43760,559,1,tr|A5I0G2|A5I0G2_CLOBH,Stage 0 sporulation protein A homolog,CBO0970,Clostridium botulinum (strain Hall / ATCC 3502 / NCTC 13319 / Type A),1.0,CBO_0128
CBO_0129,GCA-001273255.1-protein1144,GCA_001273255.1,LGIK01000021.1,26126,26848,1144,1,sp|A5I4M3|TRMD_CLOBH,tRNA (guanine-N(1)-)-methyltransferase,trmD,Clostridium botulinum (strain Hall / ATCC 3502 / NCTC 13319 / Type A),1.0,CBO_0129
CBO_0130,GCA-001573255.1-protein12,GCA_001573255.1,LFON01000001.1,10668,11957,12,-1,tr|A5HZ42|A5HZ42_CLOBH,Arsenical pump membrane protein,CBO0497,Clostridium botulinum (strain Hall / ATCC 3502 / NCTC 13319 / Type A),1.0,CBO_0130
CBO_0131,GCA-001273255.1-protein1410,GCA_001273255.1,LGIK01000025.1,44603,44857,1410,1,,,,,,CBO_0131
CBO_0132,GCA-001573555.1-protein2927,GCA_001573555.1,LFQV01000006.1,10803,11963,2927,1,tr|A5HZF9|A5HZF9_CLOBH,Peptidoglycan glycosyltransferase RodA,rodA,Clostridium botulinum (strain Hall / ATCC 3502 / NCTC 13319 / Type A),0.98,CBO_0132
CBO_0133,GCA-001273255.1-protein2542,GCA_001273255.1,LGIK01000047.1,124328,125428,2542,1,tr|A5I5B9|A5I5B9_CLOBH,UDP-galactopyranose mutase,CBO2685,Clostridium botulinum (strain Hall / ATCC 3502 / NCTC 13319 / Type A),0.98,CBO_0133
CBO_0134,GCA-001273255.1-protein1522,GCA_001273255.1,LGIK01000025.1,159227,160150,1522,-1,tr|A5I539|A5I539_CLOBH,HPr kinase/phosphorylase,hprK,Clostridium botulinum (strain Hall / ATCC 3502 / NCTC 13319 / Type A),1.0,CBO_0134
CBO_0135,GCA-001273255.1-protein2373,GCA_001273255.1,LGIK01000044.1,20499,21518,2373,-1,sp|A5I6L1|SYFA_CLOBH,Phenylalanine--tRNA ligase alpha subunit,pheS,Clostridium botulinum (strain Hall / ATCC 3502 / NCTC 13319 / Type A),1.0,CBO_0135
CBO_0136,GCA-001273255.1-protein2072,GCA_001273255.1,LGIK01000037.1,9031,10320,2072,1,tr|A5I2T6|A5I2T6_CLOBH,Uncharacterized protein,CBO1814,Clostridium botulinum (strain Hall / ATCC 3502 / NCTC 13319 / Type A),1.0,CBO_0136
CBO_0137,GCA-001276985.1-protein3028,GCA_001276985.1,LHUL01000008.1,333264,334115,3028,1,tr|A5I1R2|A5I1R2_CLOBH,N-acetylmuramoyl-L-alanine amidase,CBO1432,Clostridium botulinum (strain Hall / ATCC 3502 / NCTC 13319 / Type A),1.0,CBO_0137
CBO_0138,GCA-001273255.1-protein3268,GCA_001273255.1,LGIK01000054.1,69319,70323,3268,1,tr|A5HY11|A5HY11_CLOBH,Spore coat protein,CBO0114,Clostridium botulinum (strain Hall / ATCC 3502 / NCTC 13319 / Type A),1.0,CBO_0138
CBO_0139,GCA-001273255.1-protein783,GCA_001273255.1,LGIK01000019.1,148547,149242,783,1,tr|A5HZA4|A5HZA4_CLOBH,"ABC transporter, ATP-binding protein",CBO0559,Clostridium botulinum (strain Hall / ATCC 3502 / NCTC 13319 / Type A),1.0,CBO_0139
CBO_0140,GCA-001273255.1-protein3597,GCA_001273255.1,LGIK01000009.1,29703,30353,3597,-1,tr|A5I0T2|A5I0T2_CLOBH,YprB ribonuclease H-like domain-containing protein,CBO1090,Clostridium botulinum (strain Hall / ATCC 3502 / NCTC 13319 / Type A),1.0,CBO_0140
CBO_0141,GCA-001273255.1-protein1443,GCA_001273255.1,LGIK01000025.1,80630,81283,1443,1,tr|A5I509|A5I509_CLOBH,DUF4397 domain-containing protein,CBO2578,Clostridium botulinum (strain Hall / ATCC 3502 / NCTC 13319 / Type A),1.0,CBO_0141
CBO_0142,GCA-001273255.1-protein1962,GCA_001273255.1,LGIK01000030.1,118072,119517,1962,1,tr|A5I7R0|A5I7R0_CLOBH,Tetrapyrrole (Corrin/Porphyrin) methylase and nucleoside triphosphate pyrophosphohydrolase fusion protein,CBO3535,Clostridium botulinum (strain Hall / ATCC 3502 / NCTC 13319 / Type A),1.0,CBO_0142
CBO_0143,GCA-001273255.1-protein1866,GCA_001273255.1,LGIK01000030.1,21462,22616,1866,-1,tr|A5I806|A5I806_CLOBH,Selenocysteine lyase,csdB,Clostridium botulinum (strain Hall / ATCC 3502 / NCTC 13319 / Type A),1.0,CBO_0143
CBO_0144,GCA-001573825.1-protein1473,GCA_001573825.1,LFPL01000023.1,50306,51337,1473,-1,tr|A5I0W8|A5I0W8_CLOBH,2-oxoglutarate reductase,serA,Clostridium botulinum (strain Hall / ATCC 3502 / NCTC 13319 / Type A),0.9,CBO_0144
CBO_0145,GCA-001273255.1-protein2078,GCA_001273255.1,LGIK01000037.1,16213,16863,2078,1,sp|A5I2T0|KCY_CLOBH,Cytidylate kinase,cmk,Clostridium botulinum (strain Hall / ATCC 3502 / NCTC 13319 / Type A),0.99,CBO_0145
CBO_0146,GCA-001273255.1-protein1032,GCA_001273255.1,LGIK01000019.1,428108,428902,1032,-1,tr|A5I037|A5I037_CLOBH,"ABC transporter, membrane protein",CBO0845,Clostridium botulinum (strain Hall / ATCC 3502 / NCTC 13319 / Type A),0.97,CBO_0146
CBO_0147,GCA-001273255.1-protein27,GCA_001273255.1,LGIK01000012.1,19454,21247,27,-1,tr|A5I432|A5I432_CLOBH,Metallopeptidase family M24 protein,CBO2263,Clostridium botulinum (strain Hall / ATCC 3502 / NCTC 13319 / Type A),1.0,CBO_0147
CBO_0148,GCA-001573175.1-protein2039,GCA_001573175.1,LFOK01000030.1,8474,11170,2039,1,tr|A5HZX7|A5HZX7_CLOBH,Permease,CBO0784,Clostridium botulinum (strain Hall / ATCC 3502 / NCTC 13319 / Type A),0.8,CBO_0148
CBO_0149,GCA-001273255.1-protein646,GCA_001273255.1,LGIK01000017.1,138681,140180,646,1,tr|A5I0Q0|A5I0Q0_CLOBH,chitinase,chiD,Clostridium botulinum (strain Hall / ATCC 3502 / NCTC 13319 / Type A),1.0,CBO_0149
CBO_0150,GCA-001273255.1-protein1339,GCA_001273255.1,LGIK01000023.1,34786,35973,1339,1,tr|A5HYQ2|A5HYQ2_CLOBH,Exported protein,CBO0358,Clostridium botulinum (strain Hall / ATCC 3502 / NCTC 13319 / Type A),0.99,CBO_0150
CBO_0151,GCA-001273255.1-protein1999,GCA_001273255.1,LGIK01000034.1,7718,9124,1999,1,tr|A5HYN7|A5HYN7_CLOBH,Amino acid permease,CBO0343,Clostridium botulinum (strain Hall / ATCC 3502 / NCTC 13319 / Type A),1.0,CBO_0151
CBO_0152,GCA-001273255.1-protein3378,GCA_001273255.1,LGIK01000054.1,188896,189642,3378,1,tr|A5HYC1|A5HYC1_CLOBH,Triosephosphate isomerase,tpiA,Clostridium botulinum (strain Hall / ATCC 3502 / NCTC 13319 / Type A),1.0,CBO_0152
CBO_0153,GCA-001273255.1-protein393,GCA_001273255.1,LGIK01000012.1,420499,421068,393,1,tr|A5I306|A5I306_CLOBH,Membrane protein,CBO1882,Clostridium botulinum (strain Hall / ATCC 3502 / NCTC 13319 / Type A),0.97,CBO_0153
CBO_0154,GCA-001273255.1-protein31,GCA_001273255.1,LGIK01000012.1,23048,23608,31,1,tr|A5I428|A5I428_CLOBH,Biotin transporter,CBO2260,Clostridium botulinum (strain Hall / ATCC 3502 / NCTC 13319 / Type A),0.99,CBO_0154
CBO_0155,GCA-001273255.1-protein3075,GCA_001273255.1,LGIK01000051.1,174255,174878,3075,1,tr|A5I1V3|A5I1V3_CLOBH,General stress protein,CBO1474,Clostridium botulinum (strain Hall / ATCC 3502 / NCTC 13319 / Type A),1.0,CBO_0155
CBO_0156,GCA-001273255.1-protein298,GCA_001273255.1,LGIK01000012.1,318776,319894,298,-1,tr|A5I3A2|A5I3A2_CLOBH,Spore germination protein,gerAC,Clostridium botulinum (strain Hall / ATCC 3502 / NCTC 13319 / Type A),1.0,CBO_0156
CBO_0157,GCA-001273255.1-protein2780,GCA_001273255.1,LGIK01000005.1,103337,103954,2780,1,tr|A5I5W0|A5I5W0_CLOBH,Phosphoribosylglycinamide formyltransferase,purN,Clostridium botulinum (strain Hall / ATCC 3502 / NCTC 13319 / Type A),1.0,CBO_0157
CBO_0158,GCA-001273255.1-protein3334,GCA_001273255.1,LGIK01000054.1,140613,141494,3334,-1,tr|A5HY77|A5HY77_CLOBH,DUF2225 domain-containing protein,CBO0184,Clostridium botulinum (strain Hall / ATCC 3502 / NCTC 13319 / Type A),0.97,CBO_0158
CBO_0159,GCA-001273255.1-protein2266,GCA_001273255.1,LGIK01000043.1,159780,160865,2266,1,tr|A5I779|A5I779_CLOBH,DUF871 domain-containing protein,CBO3354,Clostridium botulinum (strain Hall / ATCC 3502 / NCTC 13319 / Type A),1.0,CBO_0159
CBO_0160,GCA-001273255.1-protein2972,GCA_001273255.1,LGIK01000051.1,64195,65466,2972,1,tr|A5I1K6|A5I1K6_CLOBH,Gamma-D-glutamyl-L-diamino acid endopeptidase,CBO1374,Clostridium botulinum (strain Hall / ATCC 3502 / NCTC 13319 / Type A),1.0,CBO_0160
CBO_0161,GCA-016990285.1-protein767,GCA_016990285.1,NQVS01000001.1,834398,835393,767,1,tr|A5I138|A5I138_CLOBH,Sugar kinase,CBO1201,Clostridium botulinum (strain Hall / ATCC 3502 / NCTC 13319 / Type A),0.9,CBO_0161
CBO_0162,GCA-054635055.1-protein638,GCA_054635055.1,NKRQ01000001.1,713880,714911,638,-1,tr|A5I0F0|A5I0F0_CLOBH,Anaerobic sulfite reductase subunit A,asrA,Clostridium botulinum (strain Hall / ATCC 3502 / NCTC 13319 / Type A),0.95,CBO_0162
CBO_0163,GCA-001273255.1-protein678,GCA_001273255.1,LGIK01000019.1,28980,29780,678,-1,tr|A5HYZ5|A5HYZ5_CLOBH,Hydroxymethylpyrimidine/phosphomethylpyrimidine kinase,thiD1,Clostridium botulinum (strain Hall / ATCC 3502 / NCTC 13319 / Type A),1.0,CBO_0163
CBO_0164,GCA-001273255.1-protein2201,GCA_001273255.1,LGIK01000043.1,84724,86073,2201,1,sp|A5I7E5|GLMM_CLOBH,Phosphoglucosamine mutase,glmM,Clostridium botulinum (strain Hall / ATCC 3502 / NCTC 13319 / Type A),1.0,CBO_0164
CBO_0165,GCA-001273255.1-protein2353,GCA_001273255.1,LGIK01000043.1,274467,275924,2353,1,sp|A5I6Z3|GATA_CLOBH,Glutamyl-tRNA(Gln) amidotransferase subunit A,gatA,Clostridium botulinum (strain Hall / ATCC 3502 / NCTC 13319 / Type A),1.0,CBO_0165
CBO_0166,GCA-001273255.1-protein3333,GCA_001273255.1,LGIK01000054.1,138132,140585,3333,1,tr|A5HY76|A5HY76_CLOBH,Pyridine nucleotide-disulphide oxidoreductase,CBO0183,Clostridium botulinum (strain Hall / ATCC 3502 / NCTC 13319 / Type A),1.0,CBO_0166
CBO_0167,GCA-001273255.1-protein1672,GCA_001273255.1,LGIK01000026.1,74986,76314,1672,-1,tr|A5I137|A5I137_CLOBH,Glucosylceramidase/O-glycosyl hydrolase,CBO1200,Clostridium botulinum (strain Hall / ATCC 3502 / NCTC 13319 / Type A),1.0,CBO_0167
CBO_0168,GCA-001273255.1-protein77,GCA_001273255.1,LGIK01000012.1,69742,70335,77,1,tr|A5I3Y4|A5I3Y4_CLOBH,TetR-family regulatory protein,CBO2213,Clostridium botulinum (strain Hall / ATCC 3502 / NCTC 13319 / Type A),0.99,CBO_0168
CBO_0169,GCA-001573665.1-protein437,GCA_001573665.1,LFPF01000011.1,16233,16691,437,1,sp|A5I322|AROQ_CLOBH,3-dehydroquinate dehydratase,aroQ,Clostridium botulinum (strain Hall / ATCC 3502 / NCTC 13319 / Type A),0.96,CBO_0169
CBO_0170,GCA-001273255.1-protein1575,GCA_001273255.1,LGIK01000025.1,209670,211058,1575,-1,tr|A5I591|A5I591_CLOBH,Flagellar hook-length control protein,CBO2657,Clostridium botulinum (strain Hall / ATCC 3502 / NCTC 13319 / Type A),0.99,CBO_0170
CBO_0171,GCA-001273255.1-protein1939,GCA_001273255.1,LGIK01000030.1,91161,92957,1939,1,tr|A5I7T3|A5I7T3_CLOBH,Sensor of nitric oxide (Methyl-accepting chemotaxis protein),sonO,Clostridium botulinum (strain Hall / ATCC 3502 / NCTC 13319 / Type A),1.0,CBO_0171
CBO_0172,GCA-001273255.1-protein2704,GCA_001273255.1,LGIK01000005.1,15993,16751,2704,1,tr|A5I637|A5I637_CLOBH,Ribosomal RNA small subunit methyltransferase E,CBO2956,Clostridium botulinum (strain Hall / ATCC 3502 / NCTC 13319 / Type A),1.0,CBO_0172
CBO_0173,GCA-001273255.1-protein37,GCA_001273255.1,LGIK01000012.1,27591,28421,37,1,sp|A5I421|THIM2_CLOBH,Hydroxyethylthiazole kinase 2,thiM2,Clostridium botulinum (strain Hall / ATCC 3502 / NCTC 13319 / Type A),0.93,CBO_0173
CBO_0174,GCA-001273255.1-protein3095,GCA_001273255.1,LGIK01000051.1,194980,196002,3095,1,tr|A5I1X3|A5I1X3_CLOBH,Methylcobamide:CoM methyltransferase,mtbA,Clostridium botulinum (strain Hall / ATCC 3502 / NCTC 13319 / Type A),1.0,CBO_0174
CBO_0175,GCA-001273255.1-protein2744,GCA_001273255.1,LGIK01000005.1,56845,57126,2744,1,tr|A5I5Z7|A5I5Z7_CLOBH,DUF503 domain-containing protein,CBO2914,Clostridium botulinum (strain Hall / ATCC 3502 / NCTC 13319 / Type A),0.98,CBO_0175
CBO_0176,GCA-001273255.1-protein2561,GCA_001273255.1,LGIK01000049.1,16513,17118,2561,-1,sp|A5I664|NADD_CLOBH,Probable nicotinate-nucleotide adenylyltransferase,nadD,Clostridium botulinum (strain Hall / ATCC 3502 / NCTC 13319 / Type A),1.0,CBO_0176
CBO_0177,GCA-001573555.1-protein1589,GCA_001573555.1,LFQV01000028.1,31554,31964,1589,1,tr|A5I5H5|A5I5H5_CLOBH,FlgN protein protein,CBO2741,Clostridium botulinum (strain Hall / ATCC 3502 / NCTC 13319 / Type A),0.94,CBO_0177
CBO_0178,GCA-001273255.1-protein434,GCA_001273255.1,LGIK01000012.1,466746,467447,434,-1,tr|A5I2W5|A5I2W5_CLOBH,F pilin acetylation protein,CBO1842,Clostridium botulinum (strain Hall / ATCC 3502 / NCTC 13319 / Type A),1.0,CBO_0178
CBO_0179,GCA-001273255.1-protein3515,GCA_001273255.1,LGIK01000006.1,7071,7571,3515,-1,tr|A5I0X4|A5I0X4_CLOBH,Flavin reductase like domain-containing protein,CBO1133,Clostridium botulinum (strain Hall / ATCC 3502 / NCTC 13319 / Type A),1.0,CBO_0179
CBO_0180,GCA-001273255.1-protein2410,GCA_001273255.1,LGIK01000044.1,60872,61900,2410,1,tr|A5I6P8|A5I6P8_CLOBH,"ABC transporter, periplasmic-binding protein",CBO3169,Clostridium botulinum (strain Hall / ATCC 3502 / NCTC 13319 / Type A),1.0,CBO_0180
CBO_0181,GCA-001273255.1-protein1542,GCA_001273255.1,LGIK01000025.1,178239,178556,1542,-1,tr|A5I558|A5I558_CLOBH,V-type sodium ATP synthase subunit G,ntpG,Clostridium botulinum (strain Hall / ATCC 3502 / NCTC 13319 / Type A),0.97,CBO_0181
CBO_0182,GCA-054771215.1-protein3545,GCA_054771215.1,NKTA01000008.1,155747,156595,3545,-1,tr|A5I0E6|A5I0E6_CLOBH,Propanediol utilization protein,pduX,Clostridium botulinum (strain Hall / ATCC 3502 / NCTC 13319 / Type A),0.91,CBO_0182
CBO_0183,GCA-001273255.1-protein233,GCA_001273255.1,LGIK01000012.1,238604,239248,233,1,tr|A5I3H3|A5I3H3_CLOBH,Transferase,CBO2052,Clostridium botulinum (strain Hall / ATCC 3502 / NCTC 13319 / Type A),1.0,CBO_0183
CBO_0184,GCA-001273255.1-protein2817,GCA_001273255.1,LGIK01000005.1,154214,154948,2817,1,sp|A5I5R9|NAGB_CLOBH,Glucosamine-6-phosphate deaminase,nagB,Clostridium botulinum (strain Hall / ATCC 3502 / NCTC 13319 / Type A),1.0,CBO_0184
CBO_0185,GCA-001273255.1-protein343,GCA_001273255.1,LGIK01000012.1,372637,374964,343,1,tr|A5I356|A5I356_CLOBH,"ABC transporter, ATP-binding/permease protein",CBO1931,Clostridium botulinum (strain Hall / ATCC 3502 / NCTC 13319 / Type A),1.0,CBO_0185
CBO_0186,GCA-001273255.1-protein1641,GCA_001273255.1,LGIK01000026.1,40956,41447,1641,-1,tr|A5I171|A5I171_CLOBH,Tubby C 2 family protein,CBO1233,Clostridium botulinum (strain Hall / ATCC 3502 / NCTC 13319 / Type A),1.0,CBO_0186
CBO_0187,GCA-001273255.1-protein2863,GCA_001273255.1,LGIK01000050.1,20822,21520,2863,1,tr|A5I4V8|A5I4V8_CLOBH,Stage 0 sporulation protein A homolog,CBO2527,Clostridium botulinum (strain Hall / ATCC 3502 / NCTC 13319 / Type A),1.0,CBO_0187
CBO_0188,GCA-001273255.1-protein699,GCA_001273255.1,LGIK01000019.1,48375,49604,699,1,tr|A5HZ16|A5HZ16_CLOBH,Nuclease SbcCD subunit D,sbcD,Clostridium botulinum (strain Hall / ATCC 3502 / NCTC 13319 / Type A),1.0,CBO_0188
CBO_0189,GCA-001273255.1-protein1224,GCA_001273255.1,LGIK01000021.1,106190,107101,1224,1,tr|A5I453|A5I453_CLOBH,histidine kinase,CBO2284,Clostridium botulinum (strain Hall / ATCC 3502 / NCTC 13319 / Type A),1.0,CBO_0189
CBO_0190,GCA-001273255.1-protein2090,GCA_001273255.1,LGIK01000037.1,32053,33336,2090,1,tr|A5I2R8|A5I2R8_CLOBH,Methionine gamma-lyase family protein,CBO1796,Clostridium botulinum (strain Hall / ATCC 3502 / NCTC 13319 / Type A),0.99,CBO_0190
CBO_0191,GCA-001273255.1-protein134,GCA_001273255.1,LGIK01000012.1,132952,133668,134,1,tr|A5I3S5|A5I3S5_CLOBH,Transaldolase,CBO2153,Clostridium botulinum (strain Hall / ATCC 3502 / NCTC 13319 / Type A),0.98,CBO_0191
CBO_0192,GCA-001273255.1-protein3530,GCA_001273255.1,LGIK01000006.1,34162,35235,3530,-1,tr|A5I0W7|A5I0W7_CLOBH,Serine--glyoxylate aminotransferase,CBO1126,Clostridium botulinum (strain Hall / ATCC 3502 / NCTC 13319 / Type A),0.98,CBO_0192
CBO_0193,GCA-001273255.1-protein3337,GCA_001273255.1,LGIK01000054.1,145533,145937,3337,-1,tr|A5HY80|A5HY80_CLOBH,Exported protein,CBO0187,Clostridium botulinum (strain Hall / ATCC 3502 / NCTC 13319 / Type A),1.0,CBO_0193
CBO_0194,GCA-001273255.1-protein2129,GCA_001273255.1,LGIK01000043.1,24392,25081,2129,1,sp|A5I7L7|RL1_CLOBH,Large ribosomal subunit protein uL1,rplA,Clostridium botulinum (strain Hall / ATCC 3502 / NCTC 13319 / Type A),1.0,CBO_0194
CBO_0195,GCA-001273255.1-protein1091,GCA_001273255.1,LGIK01000019.1,480287,481894,1091,1,tr|A5I094|A5I094_CLOBH,Membrane protein,CBO0903,Clostridium botulinum (strain Hall / ATCC 3502 / NCTC 13319 / Type A),0.99,CBO_0195
CBO_0196,GCA-001273255.1-protein2630,GCA_001273255.1,LGIK01000049.1,76145,76573,2630,1,tr|A5I6D4|A5I6D4_CLOBH,Sigma-E factor regulatory protein,CBO3053,Clostridium botulinum (strain Hall / ATCC 3502 / NCTC 13319 / Type A),1.0,CBO_0196
CBO_0197,GCA-001273255.1-protein3217,GCA_001273255.1,LGIK01000054.1,11054,11794,3217,1,tr|A5HXV7|A5HXV7_CLOBH,Methyltransferase domain-containing protein,CBO0060,Clostridium botulinum (strain Hall / ATCC 3502 / NCTC 13319 / Type A),1.0,CBO_0197
CBO_0198,GCA-001273255.1-protein2555,GCA_001273255.1,LGIK01000049.1,10800,11408,2555,-1,tr|A5I658|A5I658_CLOBH,Competence protein,CBO2978,Clostridium botulinum (strain Hall / ATCC 3502 / NCTC 13319 / Type A),1.0,CBO_0198
CBO_0199,GCA-001273255.1-protein2785,GCA_001273255.1,LGIK01000005.1,111415,112308,2785,-1,tr|A5I5V4|A5I5V4_CLOBH,Metallo-beta-lactamase superfamily protein,CBO2868,Clostridium botulinum (strain Hall / ATCC 3502 / NCTC 13319 / Type A),1.0,CBO_0199
CBO_0200,GCA-001273255.1-protein3309,GCA_001273255.1,LGIK01000054.1,109222,110613,3309,1,sp|A5HY52|ATPB_CLOBH,ATP synthase subunit beta,atpD,Clostridium botulinum (strain Hall / ATCC 3502 / NCTC 13319 / Type A),1.0,CBO_0200
CBO_0201,GCA-001273255.1-protein2245,GCA_001273255.1,LGIK01000043.1,130997,131881,2245,1,sp|A5I7A2|Y3377_CLOBH,Nucleotide-binding protein CBO3377/CLC_3320,CBO3377,Clostridium botulinum (strain Hall / ATCC 3502 / NCTC 13319 / Type A),1.0,CBO_0201
CBO_0202,GCA-001273255.1-protein1634,GCA_001273255.1,LGIK01000026.1,36636,37169,1634,1,tr|A5I178|A5I178_CLOBH,Transcriptional regulator,CBO1240,Clostridium botulinum (strain Hall / ATCC 3502 / NCTC 13319 / Type A),1.0,CBO_0202
CBO_0203,GCA-001273255.1-protein845,GCA_001273255.1,LGIK01000019.1,216284,216874,845,1,tr|A5HZG9|A5HZG9_CLOBH,HDIG domain protein,CBO0625,Clostridium botulinum (strain Hall / ATCC 3502 / NCTC 13319 / Type A),0.99,CBO_0203
CBO_0204,GCA-001273255.1-protein614,GCA_001273255.1,LGIK01000017.1,102115,102699,614,-1,tr|A5I0L7|A5I0L7_CLOBH,Protease I,CBO1025,Clostridium botulinum (strain Hall / ATCC 3502 / NCTC 13319 / Type A),1.0,CBO_0204
CBO_0205,GCA-001273255.1-protein3598,GCA_001273255.1,LGIK01000009.1,30904,32070,3598,-1,tr|A5I0T0|A5I0T0_CLOBH,Carboxypeptidase,CBO1088,Clostridium botulinum (strain Hall / ATCC 3502 / NCTC 13319 / Type A),0.97,CBO_0205
CBO_0206,GCA-001273255.1-protein3180,GCA_001273255.1,LGIK01000051.1,283538,284917,3180,1,tr|A5I260|A5I260_CLOBH,histidine kinase,CBO1586,Clostridium botulinum (strain Hall / ATCC 3502 / NCTC 13319 / Type A),1.0,CBO_0206
CBO_0207,GCA-001573175.1-protein1493,GCA_001573175.1,LFOK01000020.1,68953,69582,1493,1,tr|A5I739|A5I739_CLOBH,Nuclease,CBO3314,Clostridium botulinum (strain Hall / ATCC 3502 / NCTC 13319 / Type A),0.98,CBO_0207
CBO_0208,GCA-001273255.1-protein1328,GCA_001273255.1,LGIK01000023.1,20021,20953,1328,-1,tr|A5HYR3|A5HYR3_CLOBH,Ion-translocating oxidoreductase complex subunit D,rnfD,Clostridium botulinum (strain Hall / ATCC 3502 / NCTC 13319 / Type A),0.99,CBO_0208
CBO_0209,GCA-001273255.1-protein2257,GCA_001273255.1,LGIK01000043.1,148820,149170,2257,1,sp|A5I788|SPEH_CLOBH,S-adenosylmethionine decarboxylase proenzyme,speH,Clostridium botulinum (strain Hall / ATCC 3502 / NCTC 13319 / Type A),1.0,CBO_0209
CBO_0210,GCA-001273255.1-protein2307,GCA_001273255.1,LGIK01000043.1,215195,218629,2307,1,tr|A5I737|A5I737_CLOBH,Pyruvate carboxylase,CBO3312,Clostridium botulinum (strain Hall / ATCC 3502 / NCTC 13319 / Type A),1.0,CBO_0210
CBO_0211,GCA-001273255.1-protein3454,GCA_001273255.1,LGIK01000054.1,276454,277224,3454,1,tr|A5HYJ6|A5HYJ6_CLOBH,"Iron(III) transport system, ATP-binding protein",CBO0303,Clostridium botulinum (strain Hall / ATCC 3502 / NCTC 13319 / Type A),0.99,CBO_0211
CBO_0212,GCA-001273255.1-protein3322,GCA_001273255.1,LGIK01000054.1,124355,125032,3322,1,tr|A5HY65|A5HY65_CLOBH,Phosphoribosyl transferase,CBO0171,Clostridium botulinum (strain Hall / ATCC 3502 / NCTC 13319 / Type A),0.92,CBO_0212
CBO_0213,GCA-001273255.1-protein2192,GCA_001273255.1,LGIK01000043.1,76190,77788,2192,1,tr|A5I7F4|A5I7F4_CLOBH,Uncharacterized protein,CBO3429,Clostridium botulinum (strain Hall / ATCC 3502 / NCTC 13319 / Type A),1.0,CBO_0213
CBO_0214,GCA-001273255.1-protein3307,GCA_001273255.1,LGIK01000054.1,106824,108338,3307,1,sp|A5HY50|ATPA_CLOBH,ATP synthase subunit alpha,atpA,Clostridium botulinum (strain Hall / ATCC 3502 / NCTC 13319 / Type A),1.0,CBO_0214
CBO_0215,GCA-001573665.1-protein2016,GCA_001573665.1,LFPF01000003.1,108116,108904,2016,-1,tr|A5I594|A5I594_CLOBH,Flagellar assembly protein,fliH,Clostridium botulinum (strain Hall / ATCC 3502 / NCTC 13319 / Type A),0.98,CBO_0215
CBO_0216,GCA-001273255.1-protein1558,GCA_001273255.1,LGIK01000025.1,195146,195784,1558,-1,tr|A5I574|A5I574_CLOBH,Resolvase HTH domain-containing protein,CBO2640,Clostridium botulinum (strain Hall / ATCC 3502 / NCTC 13319 / Type A),0.99,CBO_0216
CBO_0217,GCA-001273255.1-protein2115,GCA_001273255.1,LGIK01000043.1,12745,13434,2115,1,sp|A5I7N1|ISPD_CLOBH,2-C-methyl-D-erythritol 4-phosphate cytidylyltransferase,ispD,Clostridium botulinum (strain Hall / ATCC 3502 / NCTC 13319 / Type A),1.0,CBO_0217
CBO_0218,GCA-001273255.1-protein3072,GCA_001273255.1,LGIK01000051.1,170963,171655,3072,1,tr|A5I1V0|A5I1V0_CLOBH,adenosylhomocysteine nucleosidase,mtnN,Clostridium botulinum (strain Hall / ATCC 3502 / NCTC 13319 / Type A),1.0,CBO_0218
CBO_0219,GCA-001273255.1-protein3248,GCA_001273255.1,LGIK01000054.1,41928,44069,3248,1,tr|A5HXZ1|A5HXZ1_CLOBH,Anaerobic ribonucleoside-triphosphate reductase,nrdD,Clostridium botulinum (strain Hall / ATCC 3502 / NCTC 13319 / Type A),1.0,CBO_0219
CBO_0220,GCA-001273255.1-protein2393,GCA_001273255.1,LGIK01000044.1,42119,43111,2393,1,tr|A5I6N1|A5I6N1_CLOBH,Aspartate-semialdehyde dehydrogenase,asd,Clostridium botulinum (strain Hall / ATCC 3502 / NCTC 13319 / Type A),1.0,CBO_0220
CBO_0221,GCA-001273255.1-protein733,GCA_001273255.1,LGIK01000019.1,86923,87867,733,1,tr|A5HZ50|A5HZ50_CLOBH,Serine aminopeptidase S33 domain-containing protein,CBO0505,Clostridium botulinum (strain Hall / ATCC 3502 / NCTC 13319 / Type A),1.0,CBO_0221
CBO_0222,GCA-001273255.1-protein1704,GCA_001273255.1,LGIK01000026.1,112616,113497,1704,1,tr|A5I107|A5I107_CLOBH,Membrane protein,CBO1167,Clostridium botulinum (strain Hall / ATCC 3502 / NCTC 13319 / Type A),1.0,CBO_0222
CBO_0223,GCA-001273255.1-protein757,GCA_001273255.1,LGIK01000019.1,117766,118638,757,1,tr|A5HZ75|A5HZ75_CLOBH,Metallo beta-lactamase superfamily hydrolase,CBO0531,Clostridium botulinum (strain Hall / ATCC 3502 / NCTC 13319 / Type A),1.0,CBO_0223
CBO_0224,GCA-001273255.1-protein2797,GCA_001273255.1,LGIK01000005.1,127802,128473,2797,1,tr|A5I5U0|A5I5U0_CLOBH,Phosphoglucomutase,CBO2854,Clostridium botulinum (strain Hall / ATCC 3502 / NCTC 13319 / Type A),1.0,CBO_0224
CBO_0225,GCA-001273255.1-protein69,GCA_001273255.1,LGIK01000012.1,59977,60333,69,1,tr|A5I3Z2|A5I3Z2_CLOBH,Nitrogenase iron-molybdenum cofactor protein,CBO2221,Clostridium botulinum (strain Hall / ATCC 3502 / NCTC 13319 / Type A),0.99,CBO_0225
CBO_0226,GCA-001273255.1-protein1882,GCA_001273255.1,LGIK01000030.1,36421,37806,1882,1,tr|A5I7Z0|A5I7Z0_CLOBH,FAD-dependent protein C-terminal domain-containing protein,CBO3617,Clostridium botulinum (strain Hall / ATCC 3502 / NCTC 13319 / Type A),1.0,CBO_0226
CBO_0227,GCA-001273255.1-protein2256,GCA_001273255.1,LGIK01000043.1,147470,148666,2256,1,tr|A5I789|A5I789_CLOBH,N(4)-bis(aminopropyl)spermidine synthase C-terminal domain-containing protein,CBO3364,Clostridium botulinum (strain Hall / ATCC 3502 / NCTC 13319 / Type A),1.0,CBO_0227
CBO_0228,GCA-001273255.1-protein2646,GCA_001273255.1,LGIK01000049.1,91261,92391,2646,-1,sp|A5I6E9|TGT_CLOBH,Queuine tRNA-ribosyltransferase,tgt,Clostridium botulinum (strain Hall / ATCC 3502 / NCTC 13319 / Type A),1.0,CBO_0228
CBO_0229,GCA-001273255.1-protein3550,GCA_001273255.1,LGIK01000007.1,13675,14022,3550,-1,tr|A5HYU0|A5HYU0_CLOBH,Exported protein,CBO0396,Clostridium botulinum (strain Hall / ATCC 3502 / NCTC 13319 / Type A),0.98,CBO_0229
CBO_0230,GCA-001273255.1-protein1109,GCA_001273255.1,LGIK01000020.1,961,1743,1109,1,tr|A5I6T1|A5I6T1_CLOBH,short-chain-enoyl-CoA hydratase,crt,Clostridium botulinum (strain Hall / ATCC 3502 / NCTC 13319 / Type A),1.0,CBO_0230
CBO_0231,GCA-001273255.1-protein1952,GCA_001273255.1,LGIK01000030.1,104496,105869,1952,1,sp|A5I7S0|GLMU_CLOBH,Bifunctional protein GlmU,glmU,Clostridium botulinum (strain Hall / ATCC 3502 / NCTC 13319 / Type A),1.0,CBO_0231
CBO_0232,GCA-001273255.1-protein3005,GCA_001273255.1,LGIK01000051.1,100010,101173,3005,1,tr|A5I1N9|A5I1N9_CLOBH,NADH-dependent butanol dehydrogenase,bdh,Clostridium botulinum (strain Hall / ATCC 3502 / NCTC 13319 / Type A),1.0,CBO_0232
CBO_0233,GCA-001273255.1-protein2965,GCA_001273255.1,LGIK01000051.1,57069,58835,2965,1,tr|A5I1J9|A5I1J9_CLOBH,RNA helicase,CBO1365,Clostridium botulinum (strain Hall / ATCC 3502 / NCTC 13319 / Type A),1.0,CBO_0233
CBO_0234,GCA-001573665.1-protein1892,GCA_001573665.1,LFPF01000029.1,9534,10364,1892,1,tr|A5HYT5|A5HYT5_CLOBH,SLAP domain-containing protein,CBO0391,Clostridium botulinum (strain Hall / ATCC 3502 / NCTC 13319 / Type A),0.9,CBO_0234
CBO_0235,GCA-001273255.1-protein2695,GCA_001273255.1,LGIK01000005.1,4987,6078,2695,1,tr|A5I646|A5I646_CLOBH,Stage II sporulation protein P,spoIIP,Clostridium botulinum (strain Hall / ATCC 3502 / NCTC 13319 / Type A),1.0,CBO_0235
CBO_0236,GCA-001273255.1-protein3314,GCA_001273255.1,LGIK01000054.1,115097,115843,3314,1,tr|A5HY57|A5HY57_CLOBH,Secreted peptidase,CBO0161,Clostridium botulinum (strain Hall / ATCC 3502 / NCTC 13319 / Type A),1.0,CBO_0236
CBO_0237,GCA-001273255.1-protein2944,GCA_001273255.1,LGIK01000051.1,32965,33810,2944,1,tr|A5I1H7|A5I1H7_CLOBH,Phosphosugar-binding transcriptional regulator,CBO1342,Clostridium botulinum (strain Hall / ATCC 3502 / NCTC 13319 / Type A),1.0,CBO_0237
CBO_0238,GCA-001273255.1-protein3419,GCA_001273255.1,LGIK01000054.1,235794,237317,3419,1,tr|A5HYG1|A5HYG1_CLOBH,"PTS system, IIabc component",CBO0268,Clostridium botulinum (strain Hall / ATCC 3502 / NCTC 13319 / Type A),1.0,CBO_0238
CBO_0239,GCA-001273255.1-protein1876,GCA_001273255.1,LGIK01000030.1,28158,30143,1876,1,tr|A5I7Z6|A5I7Z6_CLOBH,Cyclic-di-AMP phosphodiesterase,CBO3623,Clostridium botulinum (strain Hall / ATCC 3502 / NCTC 13319 / Type A),1.0,CBO_0239
CBO_0240,GCA-001273255.1-protein592,GCA_001273255.1,LGIK01000017.1,79539,80309,592,1,tr|A5I0J6|A5I0J6_CLOBH,Uncharacterized protein,CBO1004,Clostridium botulinum (strain Hall / ATCC 3502 / NCTC 13319 / Type A),0.94,CBO_0240
CBO_0241,GCA-001273255.1-protein563,GCA_001273255.1,LGIK01000017.1,47400,48422,563,-1,tr|A5I0G6|A5I0G6_CLOBH,Iron(III) dicitrate-binding protein,CBO0974,Clostridium botulinum (strain Hall / ATCC 3502 / NCTC 13319 / Type A),1.0,CBO_0241
CBO_0242,GCA-001273255.1-protein2827,GCA_001273255.1,LGIK01000005.1,168069,168488,2827,1,tr|A5I5Q9|A5I5Q9_CLOBH,MarR-family transcriptional regulator,CBO2823,Clostridium botulinum (strain Hall / ATCC 3502 / NCTC 13319 / Type A),1.0,CBO_0242
CBO_0243,GCA-001273255.1-protein2223,GCA_001273255.1,LGIK01000043.1,106936,107550,2223,1,tr|A5I7C3|A5I7C3_CLOBH,Exported protein,CBO3398,Clostridium botulinum (strain Hall / ATCC 3502 / NCTC 13319 / Type A),1.0,CBO_0243
CBO_0244,GCA-001273255.1-protein1648,GCA_001273255.1,LGIK01000026.1,47574,48527,1648,1,tr|A5I164|A5I164_CLOBH,"Oligopeptide ABC transporter, permease protein",appB,Clostridium botulinum (strain Hall / ATCC 3502 / NCTC 13319 / Type A),1.0,CBO_0244
CBO_0245,GCA-001273255.1-protein2462,GCA_001273255.1,LGIK01000047.1,37474,37884,2462,-1,tr|A5I5K2|A5I5K2_CLOBH,Glucose translocase,CBO2766A,Clostridium botulinum (strain Hall / ATCC 3502 / NCTC 13319 / Type A),1.0,CBO_0245
CBO_0246,GCA-001273255.1-protein2638,GCA_001273255.1,LGIK01000049.1,85238,86116,2638,-1,tr|A5I6E2|A5I6E2_CLOBH,Single-stranded-DNA-specific exonuclease,CBO3061,Clostridium botulinum (strain Hall / ATCC 3502 / NCTC 13319 / Type A),1.0,CBO_0246
CBO_0247,GCA-001573555.1-protein54,GCA_001573555.1,LFQV01000001.1,51296,53059,54,1,tr|A5I272|A5I272_CLOBH,"ABC transporter, ATP-binding/permease protein",CBO1599,Clostridium botulinum (strain Hall / ATCC 3502 / NCTC 13319 / Type A),0.98,CBO_0247
CBO_0248,GCA-001273255.1-protein2934,GCA_001273255.1,LGIK01000051.1,22385,22828,2934,1,tr|A5I1G7|A5I1G7_CLOBH,"Oxidoreductase, electron transfer subunit",CBO1332,Clostridium botulinum (strain Hall / ATCC 3502 / NCTC 13319 / Type A),0.99,CBO_0248
CBO_0249,GCA-001273255.1-protein2218,GCA_001273255.1,LGIK01000043.1,101499,102356,2218,1,tr|A5I7C8|A5I7C8_CLOBH,Membrane-associated ribonuclease,CBO3403,Clostridium botulinum (strain Hall / ATCC 3502 / NCTC 13319 / Type A),1.0,CBO_0249
CBO_0250,GCA-001573255.1-protein82,GCA_001573255.1,LFON01000001.1,92264,93586,82,1,tr|A5HZB0|A5HZB0_CLOBH,Sodium:dicarboxylate symporter,CBO0565,Clostridium botulinum (strain Hall / ATCC 3502 / NCTC 13319 / Type A),0.92,CBO_0250
CBO_0251,GCA-001273255.1-protein2225,GCA_001273255.1,LGIK01000043.1,108877,109200,2225,1,tr|A5I7C1|A5I7C1_CLOBH,CopG-family transcriptional regulator,CBO3396,Clostridium botulinum (strain Hall / ATCC 3502 / NCTC 13319 / Type A),1.0,CBO_0251
CBO_0252,GCA-001273255.1-protein3340,GCA_001273255.1,LGIK01000054.1,147386,148261,3340,-1,tr|A5HY83|A5HY83_CLOBH,Uncharacterized protein,CBO0190,Clostridium botulinum (strain Hall / ATCC 3502 / NCTC 13319 / Type A),1.0,CBO_0252
CBO_0253,GCA-001273255.1-protein2562,GCA_001273255.1,LGIK01000049.1,17361,17654,2562,-1,tr|A5I665|A5I665_CLOBH,RNA-binding protein,CBO2985,Clostridium botulinum (strain Hall / ATCC 3502 / NCTC 13319 / Type A),1.0,CBO_0253
CBO_0254,GCA-001273255.1-protein2491,GCA_001273255.1,LGIK01000047.1,74432,74863,2491,1,sp|A5I5H2|FLIW_CLOBH,Flagellar assembly factor FliW,fliW,Clostridium botulinum (strain Hall / ATCC 3502 / NCTC 13319 / Type A),0.94,CBO_0254
CBO_0255,GCA-001273255.1-protein2048,GCA_001273255.1,LGIK01000036.1,21077,22171,2048,1,tr|A5I1D6|A5I1D6_CLOBH,Exported protein,CBO1300,Clostridium botulinum (strain Hall / ATCC 3502 / NCTC 13319 / Type A),1.0,CBO_0255
CBO_0256,GCA-001273255.1-protein586,GCA_001273255.1,LGIK01000017.1,72789,73172,586,1,tr|A5I0J0|A5I0J0_CLOBH,Stage 0 sporulation protein A homolog,CBO0998,Clostridium botulinum (strain Hall / ATCC 3502 / NCTC 13319 / Type A),1.0,CBO_0256
CBO_0257,GCA-001273255.1-protein2855,GCA_001273255.1,LGIK01000050.1,13585,14838,2855,1,tr|A5I4W7|A5I4W7_CLOBH,Cell division protein FtsA,ftsA,Clostridium botulinum (strain Hall / ATCC 3502 / NCTC 13319 / Type A),1.0,CBO_0257
CBO_0258,GCA-001273255.1-protein2582,GCA_001273255.1,LGIK01000049.1,36281,36538,2582,-1,tr|A5I685|A5I685_CLOBH,Membrane protein,CBO3005,Clostridium botulinum (strain Hall / ATCC 3502 / NCTC 13319 / Type A),0.99,CBO_0258
CBO_0259,GCA-001273255.1-protein1930,GCA_001273255.1,LGIK01000030.1,82621,83190,1930,-1,tr|A5I7U2|A5I7U2_CLOBH,Lipoprotein,CBO3568,Clostridium botulinum (strain Hall / ATCC 3502 / NCTC 13319 / Type A),1.0,CBO_0259
CBO_0260,GCA-001273255.1-protein1019,GCA_001273255.1,LGIK01000019.1,415453,415806,1019,1,tr|A5I019|A5I019_CLOBH,"6-carboxy-5,6,7,8-tetrahydropterin synthase",CBO0827,Clostridium botulinum (strain Hall / ATCC 3502 / NCTC 13319 / Type A),1.0,CBO_0260
CBO_0261,GCA-001273255.1-protein2963,GCA_001273255.1,LGIK01000051.1,54923,55861,2963,1,tr|A5I1J7|A5I1J7_CLOBH,"ABC transporter, substrate-binding lipoprotein",CBO1363,Clostridium botulinum (strain Hall / ATCC 3502 / NCTC 13319 / Type A),1.0,CBO_0261
CBO_0262,GCA-001273255.1-protein1547,GCA_001273255.1,LGIK01000025.1,182631,182957,1547,-1,tr|A5I563|A5I563_CLOBH,V-type sodium ATP synthase subunit G,CBO2629A,Clostridium botulinum (strain Hall / ATCC 3502 / NCTC 13319 / Type A),1.0,CBO_0262
CBO_0263,GCA-001273255.1-protein1440,GCA_001273255.1,LGIK01000025.1,75696,76685,1440,-1,tr|A5I506|A5I506_CLOBH,Delta(1)-pyrroline-2-carboxylate reductase,CBO2575,Clostridium botulinum (strain Hall / ATCC 3502 / NCTC 13319 / Type A),0.99,CBO_0263
CBO_0264,GCA-001273255.1-protein272,GCA_001273255.1,LGIK01000012.1,287342,288406,272,1,tr|A5I3D1|A5I3D1_CLOBH,Membrane protein,CBO2006,Clostridium botulinum (strain Hall / ATCC 3502 / NCTC 13319 / Type A),0.98,CBO_0264
CBO_0265,GCA-001573555.1-protein771,GCA_001573555.1,LFQV01000016.1,6638,8206,771,1,tr|A5I012|A5I012_CLOBH,Exported protein,CBO0820,Clostridium botulinum (strain Hall / ATCC 3502 / NCTC 13319 / Type A),0.97,CBO_0265
CBO_0266,GCA-001273255.1-protein3617,GCA_001273255.1,LGIK01000009.1,50437,51855,3617,-1,tr|A5I0R1|A5I0R1_CLOBH,Anaerobic glycerol-3-phosphate dehydrogenase subunit a,glpA,Clostridium botulinum (strain Hall / ATCC 3502 / NCTC 13319 / Type A),0.99,CBO_0266
CBO_0267,GCA-001273255.1-protein2767,GCA_001273255.1,LGIK01000005.1,82501,84264,2767,1,tr|A5I5X3|A5I5X3_CLOBH,Signal-transduction and transcriptional-control protein,CBO2889,Clostridium botulinum (strain Hall / ATCC 3502 / NCTC 13319 / Type A),1.0,CBO_0267
CBO_0268,GCA-001273255.1-protein3297,GCA_001273255.1,LGIK01000054.1,99478,99915,3297,1,tr|A5HY40|A5HY40_CLOBH,Ribose 5-phosphate isomerase,rpiB,Clostridium botulinum (strain Hall / ATCC 3502 / NCTC 13319 / Type A),1.0,CBO_0268
CBO_0269,GCA-001273255.1-protein2210,GCA_001273255.1,LGIK01000043.1,92573,93250,2210,1,tr|A5I7D6|A5I7D6_CLOBH,Transaldolase,CBO3411,Clostridium botulinum (strain Hall / ATCC 3502 / NCTC 13319 / Type A),1.0,CBO_0269
CBO_0270,GCA-001273255.1-protein2752,GCA_001273255.1,LGIK01000005.1,66864,69155,2752,1,tr|A5I5Y8|A5I5Y8_CLOBH,DNA helicase,CBO2904,Clostridium botulinum (strain Hall / ATCC 3502 / NCTC 13319 / Type A),0.99,CBO_0270
CBO_0271,GCA-001276985.1-protein1267,GCA_001276985.1,LHUL01000027.1,112290,113189,1267,-1,,,,,,CBO_0271
CBO_0272,GCA-001273255.1-protein1627,GCA_001273255.1,LGIK01000026.1,29960,30268,1627,-1,tr|A5I185|A5I185_CLOBH,Uncharacterized protein,CBO1247,Clostridium botulinum (strain Hall / ATCC 3502 / NCTC 13319 / Type A),1.0,CBO_0272
CBO_0273,GCA-001273255.1-protein2352,GCA_001273255.1,LGIK01000043.1,274143,274430,2352,1,sp|A5I6Z4|GATC_CLOBH,Aspartyl/glutamyl-tRNA(Asn/Gln) amidotransferase subunit C,gatC,Clostridium botulinum (strain Hall / ATCC 3502 / NCTC 13319 / Type A),0.99,CBO_0273
CBO_0274,GCA-054634935.1-protein2339,GCA_054634935.1,NKRL01000005.1,46397,47575,2339,1,tr|A5I1A2|A5I1A2_CLOBH,Glycine/sarcosine/betaine reductase complex component C alpha subunit,grdD,Clostridium botulinum (strain Hall / ATCC 3502 / NCTC 13319 / Type A),0.99,CBO_0274
CBO_0275,GCA-001273255.1-protein2205,GCA_001273255.1,LGIK01000043.1,88935,89480,2205,1,tr|A5I7E1|A5I7E1_CLOBH,"PTS system, glucitol/sorbitol-specific IIC2 component",srlA,Clostridium botulinum (strain Hall / ATCC 3502 / NCTC 13319 / Type A),1.0,CBO_0275
CBO_0276,GCA-001273255.1-protein3074,GCA_001273255.1,LGIK01000051.1,172710,174038,3074,1,tr|A5I1V2|A5I1V2_CLOBH,3-phosphoshikimate 1-carboxyvinyltransferase,aroA,Clostridium botulinum (strain Hall / ATCC 3502 / NCTC 13319 / Type A),1.0,CBO_0276
CBO_0277,GCA-001273255.1-protein1914,GCA_001273255.1,LGIK01000030.1,66688,68061,1914,-1,tr|A5I7V9|A5I7V9_CLOBH,Probable sodium-solute symporter,CBO3585,Clostridium botulinum (strain Hall / ATCC 3502 / NCTC 13319 / Type A),0.99,CBO_0277
CBO_0278,GCA-001273255.1-protein637,GCA_001273255.1,LGIK01000017.1,124788,125732,637,1,tr|A5I0P0|A5I0P0_CLOBH,"Ferric siderophore ABC transporter,substrate-binding protein",CBO1047,Clostridium botulinum (strain Hall / ATCC 3502 / NCTC 13319 / Type A),1.0,CBO_0278
CBO_0279,GCA-001273255.1-protein289,GCA_001273255.1,LGIK01000012.1,306468,307895,289,-1,tr|A5I3B2|A5I3B2_CLOBH,"PTS system, trehalose-specific IIbc component",treB,Clostridium botulinum (strain Hall / ATCC 3502 / NCTC 13319 / Type A),1.0,CBO_0279
CBO_0280,GCA-001573935.1-protein642,GCA_001573935.1,LFPP01000012.1,38040,38669,642,1,tr|A5I098|A5I098_CLOBH,Biotin transporter,CBO0907,Clostridium botulinum (strain Hall / ATCC 3502 / NCTC 13319 / Type A),0.85,CBO_0280
CBO_0281,GCA-001273255.1-protein3336,GCA_001273255.1,LGIK01000054.1,142715,145156,3336,-1,sp|A5HY79|SYL_CLOBH,Leucine--tRNA ligase,leuS,Clostridium botulinum (strain Hall / ATCC 3502 / NCTC 13319 / Type A),1.0,CBO_0281
CBO_0282,GCA-001273255.1-protein1100,GCA_001273255.1,LGIK01000019.1,493306,494073,1100,-1,tr|A5I0A4|A5I0A4_CLOBH,MerR-family transcriptional regulator,CBO0913,Clostridium botulinum (strain Hall / ATCC 3502 / NCTC 13319 / Type A),0.98,CBO_0282
CBO_0283,GCA-001273255.1-protein2919,GCA_001273255.1,LGIK01000050.1,79782,81260,2919,-1,tr|A5I4Q0|A5I4Q0_CLOBH,Amino acid permease,CBO2472,Clostridium botulinum (strain Hall / ATCC 3502 / NCTC 13319 / Type A),0.98,CBO_0283
CBO_0284,GCA-001273255.1-protein718,GCA_001273255.1,LGIK01000019.1,70741,71379,718,1,tr|A5HZ35|A5HZ35_CLOBH,Cytolysin-associated protein,sagE,Clostridium botulinum (strain Hall / ATCC 3502 / NCTC 13319 / Type A),1.0,CBO_0284
CBO_0285,GCA-001273255.1-protein1188,GCA_001273255.1,LGIK01000021.1,74929,75795,1188,1,tr|A5I4H6|A5I4H6_CLOBH,UbiA prenyltransferase family protein,CBO2402,Clostridium botulinum (strain Hall / ATCC 3502 / NCTC 13319 / Type A),1.0,CBO_0285
CBO_0286,GCA-001573255.1-protein2779,GCA_001573255.1,LFON01000004.1,22425,23078,2779,-1,tr|A5I707|A5I707_CLOBH,"Transcriptional regulator, TetR family",CBO3280,Clostridium botulinum (strain Hall / ATCC 3502 / NCTC 13319 / Type A),0.97,CBO_0286
CBO_0287,GCA-001273255.1-protein394,GCA_001273255.1,LGIK01000012.1,421075,422937,394,1,tr|A5I305|A5I305_CLOBH,1-deoxy-D-xylulose-5-phosphate synthase,dxs,Clostridium botulinum (strain Hall / ATCC 3502 / NCTC 13319 / Type A),1.0,CBO_0287
CBO_0288,GCA-001273255.1-protein3425,GCA_001273255.1,LGIK01000054.1,241741,242511,3425,1,tr|A5HYG7|A5HYG7_CLOBH,ABC transporter ATP-binding protein,CBO0274,Clostridium botulinum (strain Hall / ATCC 3502 / NCTC 13319 / Type A),1.0,CBO_0288
CBO_0289,GCA-001273255.1-protein1900,GCA_001273255.1,LGIK01000030.1,54441,54917,1900,1,tr|A5I7X2|A5I7X2_CLOBH,Biotin carboxyl carrier protein of acetyl-CoA carboxylase,accB,Clostridium botulinum (strain Hall / ATCC 3502 / NCTC 13319 / Type A),1.0,CBO_0289
CBO_0290,GCA-001273255.1-protein2716,GCA_001273255.1,LGIK01000005.1,25943,26320,2716,1,tr|A5I625|A5I625_CLOBH,DNA repair protein RecO,recO,Clostridium botulinum (strain Hall / ATCC 3502 / NCTC 13319 / Type A),1.0,CBO_0290
CBO_0291,GCA-001273255.1-protein564,GCA_001273255.1,LGIK01000017.1,48980,50740,564,-1,tr|A5I0G7|A5I0G7_CLOBH,phosphoenolpyruvate--glycerone phosphotransferase,dhaK,Clostridium botulinum (strain Hall / ATCC 3502 / NCTC 13319 / Type A),1.0,CBO_0291
CBO_0292,GCA-001273255.1-protein1938,GCA_001273255.1,LGIK01000030.1,90196,90858,1938,1,tr|A5I7T4|A5I7T4_CLOBH,Transcriptional regulator,CBO3559,Clostridium botulinum (strain Hall / ATCC 3502 / NCTC 13319 / Type A),1.0,CBO_0292
CBO_0293,GCA-001573885.1-protein2795,GCA_001573885.1,LFPN01000007.1,8212,9177,2795,-1,tr|A5I657|A5I657_CLOBH,"Selenide, water dikinase",selD,Clostridium botulinum (strain Hall / ATCC 3502 / NCTC 13319 / Type A),1.0,CBO_0293
CBO_0294,GCA-001273255.1-protein1713,GCA_001273255.1,LGIK01000026.1,122621,123787,1713,-1,tr|A5I0Z8|A5I0Z8_CLOBH,Membrane protein,CBO1157,Clostridium botulinum (strain Hall / ATCC 3502 / NCTC 13319 / Type A),1.0,CBO_0294
CBO_0295,GCA-001273255.1-protein2813,GCA_001273255.1,LGIK01000005.1,150266,150745,2813,1,tr|A5I5S3|A5I5S3_CLOBH,"Pts system, IIa component",CBO2837,Clostridium botulinum (strain Hall / ATCC 3502 / NCTC 13319 / Type A),1.0,CBO_0295
CBO_0296,GCA-001273255.1-protein2834,GCA_001273255.1,LGIK01000005.1,176610,177731,2834,-1,tr|A5I5Q2|A5I5Q2_CLOBH,Exported protein,CBO2816,Clostridium botulinum (strain Hall / ATCC 3502 / NCTC 13319 / Type A),1.0,CBO_0296
CBO_0297,GCA-001273255.1-protein2540,GCA_001273255.1,LGIK01000047.1,122625,123335,2540,1,tr|A5I5C1|A5I5C1_CLOBH,non-specific protein-tyrosine kinase,CBO2687,Clostridium botulinum (strain Hall / ATCC 3502 / NCTC 13319 / Type A),0.99,CBO_0297
CBO_0298,GCA-001273255.1-protein1647,GCA_001273255.1,LGIK01000026.1,45777,47375,1647,1,tr|A5I165|A5I165_CLOBH,"Oligopeptide ABC transporter,substrate-binding protein",appA,Clostridium botulinum (strain Hall / ATCC 3502 / NCTC 13319 / Type A),1.0,CBO_0298
CBO_0299,GCA-001273255.1-protein380,GCA_001273255.1,LGIK01000012.1,410792,411715,380,1,tr|A5I319|A5I319_CLOBH,Stage III sporulation protein AA,spoIIIAA,Clostridium botulinum (strain Hall / ATCC 3502 / NCTC 13319 / Type A),1.0,CBO_0299
CBO_0300,GCA-001273255.1-protein3030,GCA_001273255.1,LGIK01000051.1,121037,122215,3030,1,tr|A5I1R1|A5I1R1_CLOBH,Peptidase,CBO1431,Clostridium botulinum (strain Hall / ATCC 3502 / NCTC 13319 / Type A),1.0,CBO_0300
CBO_0301,GCA-001273255.1-protein2879,GCA_001273255.1,LGIK01000050.1,38589,38807,2879,1,sp|A5I4U1|RPOZ_CLOBH,DNA-directed RNA polymerase subunit omega,rpoZ,Clostridium botulinum (strain Hall / ATCC 3502 / NCTC 13319 / Type A),1.0,CBO_0301
CBO_0302,GCA-001273255.1-protein3260,GCA_001273255.1,LGIK01000054.1,60455,61837,3260,1,tr|A5HY03|A5HY03_CLOBH,Radical SAM superfamily protein,CBO0106,Clostridium botulinum (strain Hall / ATCC 3502 / NCTC 13319 / Type A),1.0,CBO_0302
CBO_0303,GCA-001273255.1-protein1432,GCA_001273255.1,LGIK01000025.1,67601,68029,1432,-1,tr|A5I4Z8|A5I4Z8_CLOBH,NIF system FeS cluster assembly NifU N-terminal domain-containing protein,CBO2567,Clostridium botulinum (strain Hall / ATCC 3502 / NCTC 13319 / Type A),1.0,CBO_0303
CBO_0304,GCA-054635055.1-protein3042,GCA_054635055.1,NKRQ01000004.1,381129,382430,3042,-1,tr|A5HY00|A5HY00_CLOBH,"Pyridinium-3,5-bisthiocarboxylic acid mononucleotide nickel insertion protein",larC,Clostridium botulinum (strain Hall / ATCC 3502 / NCTC 13319 / Type A),0.95,CBO_0304
CBO_0305,GCA-001273255.1-protein2220,GCA_001273255.1,LGIK01000043.1,104380,104742,2220,1,tr|A5I7C6|A5I7C6_CLOBH,Uncharacterized protein,CBO3401,Clostridium botulinum (strain Hall / ATCC 3502 / NCTC 13319 / Type A),1.0,CBO_0305
CBO_0306,GCA-001273255.1-protein2296,GCA_001273255.1,LGIK01000043.1,203820,205043,2296,1,sp|A5I748|SYY_CLOBH,Tyrosine--tRNA ligase,tyrS,Clostridium botulinum (strain Hall / ATCC 3502 / NCTC 13319 / Type A),1.0,CBO_0306
CBO_0307,GCA-001273255.1-protein1862,GCA_001273255.1,LGIK01000030.1,18945,19454,1862,1,tr|A5I810|A5I810_CLOBH,Membrane protein,CBO3637,Clostridium botulinum (strain Hall / ATCC 3502 / NCTC 13319 / Type A),1.0,CBO_0307
CBO_0308,GCA-001273255.1-protein3218,GCA_001273255.1,LGIK01000054.1,11814,12668,3218,1,tr|A5HXV8|A5HXV8_CLOBH,Ribosomal RNA small subunit methyltransferase I,rsmI,Clostridium botulinum (strain Hall / ATCC 3502 / NCTC 13319 / Type A),1.0,CBO_0308
CBO_0309,GCA-001273255.1-protein2673,GCA_001273255.1,LGIK01000049.1,118198,119754,2673,-1,tr|A5I6H6|A5I6H6_CLOBH,Probable lipid II flippase MurJ,murJ,Clostridium botulinum (strain Hall / ATCC 3502 / NCTC 13319 / Type A),1.0,CBO_0309
CBO_0310,GCA-001273255.1-protein3381,GCA_001273255.1,LGIK01000054.1,192837,193070,3381,1,tr|A5HYC4|A5HYC4_CLOBH,Protein-export membrane protein SecG,secG,Clostridium botulinum (strain Hall / ATCC 3502 / NCTC 13319 / Type A),1.0,CBO_0310
CBO_0311,GCA-001273255.1-protein785,GCA_001273255.1,LGIK01000019.1,150820,151902,785,1,tr|A5HZA6|A5HZA6_CLOBH,Spermidine/putrescine import ATP-binding protein PotA,potA,Clostridium botulinum (strain Hall / ATCC 3502 / NCTC 13319 / Type A),1.0,CBO_0311
CBO_0312,GCA-001273255.1-protein3113,GCA_001273255.1,LGIK01000051.1,216207,216758,3113,1,tr|A5I1Z1|A5I1Z1_CLOBH,DUF523 domain-containing protein,CBO1514,Clostridium botulinum (strain Hall / ATCC 3502 / NCTC 13319 / Type A),1.0,CBO_0312
CBO_0313,GCA-001273255.1-protein2769,GCA_001273255.1,LGIK01000005.1,85781,87187,2769,1,tr|A5I5X1|A5I5X1_CLOBH,Xanthine permease,pbuX,Clostridium botulinum (strain Hall / ATCC 3502 / NCTC 13319 / Type A),1.0,CBO_0313
CBO_0314,GCA-001273255.1-protein1164,GCA_001273255.1,LGIK01000021.1,45073,46083,1164,1,tr|A5I4K1|A5I4K1_CLOBH,Zinc metalloprotease,CBO2425,Clostridium botulinum (strain Hall / ATCC 3502 / NCTC 13319 / Type A),1.0,CBO_0314
CBO_0315,GCA-001273255.1-protein2650,GCA_001273255.1,LGIK01000049.1,95329,95940,2650,-1,tr|A5I6F3|A5I6F3_CLOBH,Exported protein,CBO3072,Clostridium botulinum (strain Hall / ATCC 3502 / NCTC 13319 / Type A),1.0,CBO_0315
CBO_0316,GCA-001273255.1-protein139,GCA_001273255.1,LGIK01000012.1,138450,138803,139,1,tr|A5I3S0|A5I3S0_CLOBH,Zinc-ribbon 15 domain-containing protein,CBO2148,Clostridium botulinum (strain Hall / ATCC 3502 / NCTC 13319 / Type A),0.99,CBO_0316
CBO_0317,GCA-001273255.1-protein1418,GCA_001273255.1,LGIK01000025.1,51105,52775,1418,-1,tr|A5I4Y4|A5I4Y4_CLOBH,Penicillin-binding protein,CBO2553,Clostridium botulinum (strain Hall / ATCC 3502 / NCTC 13319 / Type A),1.0,CBO_0317
CBO_0318,GCA-001273255.1-protein2552,GCA_001273255.1,LGIK01000049.1,8160,9548,2552,-1,sp|A5I656|SELA_CLOBH,L-seryl-tRNA(Sec) selenium transferase,selA,Clostridium botulinum (strain Hall / ATCC 3502 / NCTC 13319 / Type A),1.0,CBO_0318
CBO_0319,GCA-001273255.1-protein2856,GCA_001273255.1,LGIK01000050.1,14861,15970,2856,1,tr|A5I4W6|A5I4W6_CLOBH,Cell division protein FtsZ,ftsZ,Clostridium botulinum (strain Hall / ATCC 3502 / NCTC 13319 / Type A),1.0,CBO_0319
CBO_0320,GCA-001573825.1-protein873,GCA_001573825.1,LFPL01000017.1,25371,28067,873,1,tr|A5HYX6|A5HYX6_CLOBH,Pyridine nucleotide-disulphide oxidoreductase,CBO0432,Clostridium botulinum (strain Hall / ATCC 3502 / NCTC 13319 / Type A),1.0,CBO_0320
CBO_0321,GCA-001273255.1-protein480,GCA_001273255.1,LGIK01000015.1,21534,22823,480,1,sp|A5I6W0|CLPX_CLOBH,ATP-dependent Clp protease ATP-binding subunit ClpX,clpX,Clostridium botulinum (strain Hall / ATCC 3502 / NCTC 13319 / Type A),1.0,CBO_0321
CBO_0322,GCA-001573235.1-protein196,GCA_001573235.1,LFOL01000001.1,240136,240597,196,1,tr|A5I3V6|A5I3V6_CLOBH,Staygreen protein domain-containing protein,CBO2185,Clostridium botulinum (strain Hall / ATCC 3502 / NCTC 13319 / Type A),0.85,CBO_0322
CBO_0323,GCA-001273255.1-protein2463,GCA_001273255.1,LGIK01000047.1,38264,39481,2463,1,tr|A5I5K1|A5I5K1_CLOBH,Zinc protease,CBO2766,Clostridium botulinum (strain Hall / ATCC 3502 / NCTC 13319 / Type A),0.99,CBO_0323
CBO_0324,GCA-001273255.1-protein3449,GCA_001273255.1,LGIK01000054.1,269831,270250,3449,1,tr|A5HYJ1|A5HYJ1_CLOBH,Teichoic acid glycosylation protein,CBO0298,Clostridium botulinum (strain Hall / ATCC 3502 / NCTC 13319 / Type A),1.0,CBO_0324
CBO_0325,GCA-001273255.1-protein2427,GCA_001273255.1,LGIK01000044.1,81353,82081,2427,-1,tr|A5I6R5|A5I6R5_CLOBH,BRCT domain-containing protein,CBO3186,Clostridium botulinum (strain Hall / ATCC 3502 / NCTC 13319 / Type A),1.0,CBO_0325
CBO_0326,GCA-002103875.1-protein2471,GCA_002103875.1,MWIZ01000003.1,416092,416763,2471,1,,,,,,CBO_0326
CBO_0327,GCA-001273255.1-protein2189,GCA_001273255.1,LGIK01000043.1,73302,73835,2189,-1,tr|A5I7F7|A5I7F7_CLOBH,Spore cortex-lytic enzyme,CBO3432,Clostridium botulinum (strain Hall / ATCC 3502 / NCTC 13319 / Type A),1.0,CBO_0327
CBO_0328,GCA-001273255.1-protein3303,GCA_001273255.1,LGIK01000054.1,104757,105437,3303,1,tr|A5HY46|A5HY46_CLOBH,ATP synthase subunit a,atpA,Clostridium botulinum (strain Hall / ATCC 3502 / NCTC 13319 / Type A),1.0,CBO_0328
CBO_0329,GCA-001573825.1-protein991,GCA_001573825.1,LFPL01000018.1,54520,55389,991,1,tr|A5I7H5|A5I7H5_CLOBH,"ABC transporter, ATP-binding protein",CBO3450,Clostridium botulinum (strain Hall / ATCC 3502 / NCTC 13319 / Type A),0.96,CBO_0329
CBO_0330,GCA-001273255.1-protein2770,GCA_001273255.1,LGIK01000005.1,87237,88631,2770,1,tr|A5I5X0|A5I5X0_CLOBH,D-hydantoinase,CBO2886,Clostridium botulinum (strain Hall / ATCC 3502 / NCTC 13319 / Type A),1.0,CBO_0330
CBO_0331,GCA-001273255.1-protein2697,GCA_001273255.1,LGIK01000005.1,6685,8493,2697,1,sp|A5I644|LEPA_CLOBH,Elongation factor 4,lepA,Clostridium botulinum (strain Hall / ATCC 3502 / NCTC 13319 / Type A),1.0,CBO_0331
CBO_0332,GCA-001273255.1-protein2714,GCA_001273255.1,LGIK01000005.1,24240,24638,2714,1,tr|A5I627|A5I627_CLOBH,Cytidine deaminase,cdd,Clostridium botulinum (strain Hall / ATCC 3502 / NCTC 13319 / Type A),1.0,CBO_0332
CBO_0333,GCA-001273255.1-protein2345,GCA_001273255.1,LGIK01000043.1,265582,266298,2345,1,tr|A5I701|A5I701_CLOBH,"Transglycosylase, SLT family",CBO3274,Clostridium botulinum (strain Hall / ATCC 3502 / NCTC 13319 / Type A),0.94,CBO_0333
CBO_0334,GCA-001273255.1-protein2279,GCA_001273255.1,LGIK01000043.1,175936,178065,2279,1,tr|A5I765|A5I765_CLOBH,ATP-dependent DNA helicase,CBO3341,Clostridium botulinum (strain Hall / ATCC 3502 / NCTC 13319 / Type A),1.0,CBO_0334
CBO_0335,GCA-001273255.1-protein1954,GCA_001273255.1,LGIK01000030.1,107029,107715,1954,1,tr|A5I7R8|A5I7R8_CLOBH,Stage 0 sporulation protein A homolog,CBO3543,Clostridium botulinum (strain Hall / ATCC 3502 / NCTC 13319 / Type A),1.0,CBO_0335
CBO_0336,GCA-001273255.1-protein25,GCA_001273255.1,LGIK01000012.1,17238,17486,25,1,tr|A5I434|A5I434_CLOBH,Uncharacterized protein,CBO2265,Clostridium botulinum (strain Hall / ATCC 3502 / NCTC 13319 / Type A),1.0,CBO_0336
CBO_0337,GCA-001273255.1-protein2426,GCA_001273255.1,LGIK01000044.1,80149,80718,2426,-1,tr|A5I6R4|A5I6R4_CLOBH,Transcriptional regulator,CBO3185,Clostridium botulinum (strain Hall / ATCC 3502 / NCTC 13319 / Type A),1.0,CBO_0337
CBO_0338,GCA-001273255.1-protein2705,GCA_001273255.1,LGIK01000005.1,16751,18049,2705,1,tr|A5I636|A5I636_CLOBH,Threonylcarbamoyladenosine tRNA methylthiotransferase MtaB,CBO2955,Clostridium botulinum (strain Hall / ATCC 3502 / NCTC 13319 / Type A),1.0,CBO_0338
CBO_0339,GCA-001273255.1-protein1964,GCA_001273255.1,LGIK01000030.1,119997,120236,1964,1,tr|A5I7Q8|A5I7Q8_CLOBH,RQC P-site tRNA stabilizing factor,rqcP,Clostridium botulinum (strain Hall / ATCC 3502 / NCTC 13319 / Type A),1.0,CBO_0339
CBO_0340,GCA-001273255.1-protein2759,GCA_001273255.1,LGIK01000005.1,75715,76773,2759,-1,tr|A5I5Y1|A5I5Y1_CLOBH,"Iron compounds ABC transporter,substrate-binding protein",CBO2897,Clostridium botulinum (strain Hall / ATCC 3502 / NCTC 13319 / Type A),0.99,CBO_0340
CBO_0341,GCA-001573665.1-protein3371,GCA_001573665.1,LFPF01000007.1,213731,214462,3371,1,tr|A5HZG7|A5HZG7_CLOBH,AraC-family transcriptional regulator,CBO0623,Clostridium botulinum (strain Hall / ATCC 3502 / NCTC 13319 / Type A),0.96,CBO_0341
CBO_0342,GCA-001273255.1-protein2304,GCA_001273255.1,LGIK01000043.1,211233,212489,2304,1,tr|A5I740|A5I740_CLOBH,Oxidoreductase,CBO3315,Clostridium botulinum (strain Hall / ATCC 3502 / NCTC 13319 / Type A),1.0,CBO_0342
CBO_0343,GCA-001573255.1-protein2145,GCA_001573255.1,LFON01000003.1,89659,90405,2145,-1,tr|A5I115|A5I115_CLOBH,Membrane protein,CBO1176,Clostridium botulinum (strain Hall / ATCC 3502 / NCTC 13319 / Type A),0.96,CBO_0343
CBO_0344,GCA-001273255.1-protein2273,GCA_001273255.1,LGIK01000043.1,167572,169230,2273,1,tr|A5I772|A5I772_CLOBH,Sulphate transporter,CBO3348,Clostridium botulinum (strain Hall / ATCC 3502 / NCTC 13319 / Type A),1.0,CBO_0344
CBO_0345,GCA-001273255.1-protein3117,GCA_001273255.1,LGIK01000051.1,219660,221021,3117,1,tr|A5I1Z5|A5I1Z5_CLOBH,"ABC transporter, substrate-binding lipoprotein",CBO1518,Clostridium botulinum (strain Hall / ATCC 3502 / NCTC 13319 / Type A),1.0,CBO_0345
CBO_0346,GCA-001273255.1-protein3063,GCA_001273255.1,LGIK01000051.1,164662,165375,3063,1,tr|A5I1U1|A5I1U1_CLOBH,Membrane protein,CBO1462,Clostridium botulinum (strain Hall / ATCC 3502 / NCTC 13319 / Type A),1.0,CBO_0346
CBO_0347,GCA-001276985.1-protein1259,GCA_001276985.1,LHUL01000027.1,104962,105414,1259,-1,tr|A5HYM9|A5HYM9_CLOBH,Membrane protein,CBO0335,Clostridium botulinum (strain Hall / ATCC 3502 / NCTC 13319 / Type A),0.98,CBO_0347
CBO_0348,GCA-001273255.1-protein837,GCA_001273255.1,LGIK01000019.1,208566,209597,837,1,tr|A5HZG1|A5HZG1_CLOBH,Arsenical resistance operon repressor,CBO0617,Clostridium botulinum (strain Hall / ATCC 3502 / NCTC 13319 / Type A),1.0,CBO_0348
CBO_0349,GCA-001273255.1-protein2123,GCA_001273255.1,LGIK01000043.1,20490,21131,2123,1,tr|A5I7M3|A5I7M3_CLOBH,RNA polymerase sigma-H factor,sigH,Clostridium botulinum (strain Hall / ATCC 3502 / NCTC 13319 / Type A),0.89,CBO_0349
CBO_0350,GCA-054635115.1-protein1681,GCA_054635115.1,NKRU01000003.1,245807,246304,1681,1,tr|A5I5V7|A5I5V7_CLOBH,HNH endonuclease,CBO2871,Clostridium botulinum (strain Hall / ATCC 3502 / NCTC 13319 / Type A),0.95,CBO_0350
CBO_0351,GCA-001273255.1-protein1657,GCA_001273255.1,LGIK01000026.1,55692,55901,1657,-1,tr|A5I153|A5I153_CLOBH,Uncharacterized protein,CBO1216,Clostridium botulinum (strain Hall / ATCC 3502 / NCTC 13319 / Type A),1.0,CBO_0351
CBO_0352,GCA-016989775.1-protein605,GCA_016989775.1,NKSK01000001.1,630503,631561,605,-1,tr|A5HZK9|A5HZK9_CLOBH,Metallo-beta-lactamase superfamily potein,CBO0666,Clostridium botulinum (strain Hall / ATCC 3502 / NCTC 13319 / Type A),0.91,CBO_0352
CBO_0353,GCA-001273255.1-protein562,GCA_001273255.1,LGIK01000017.1,46320,47387,562,-1,tr|A5I0G5|A5I0G5_CLOBH,"Iron(III) dicitrate ABC transporter,permease protein",CBO0973,Clostridium botulinum (strain Hall / ATCC 3502 / NCTC 13319 / Type A),1.0,CBO_0353
CBO_0354,GCA-001273255.1-protein2482,GCA_001273255.1,LGIK01000047.1,66319,66918,2482,1,tr|A5I5I1|A5I5I1_CLOBH,Chemotaxis protein CheC,cheC,Clostridium botulinum (strain Hall / ATCC 3502 / NCTC 13319 / Type A),1.0,CBO_0354
CBO_0355,GCA-001273255.1-protein3067,GCA_001273255.1,LGIK01000051.1,167276,167728,3067,1,sp|A5I1U5|SEPF_CLOBH,Cell division protein SepF,sepF,Clostridium botulinum (strain Hall / ATCC 3502 / NCTC 13319 / Type A),1.0,CBO_0355
CBO_0356,GCA-001273255.1-protein3591,GCA_001273255.1,LGIK01000009.1,22097,23605,3591,1,tr|A5I0T8|A5I0T8_CLOBH,Metallo-beta-lactamase superfamily protein,CBO1096,Clostridium botulinum (strain Hall / ATCC 3502 / NCTC 13319 / Type A),1.0,CBO_0356
CBO_0357,GCA-001273255.1-protein1605,GCA_001273255.1,LGIK01000026.1,8250,8897,1605,-1,tr|A5I1A8|A5I1A8_CLOBH,Aldolase,CBO1270,Clostridium botulinum (strain Hall / ATCC 3502 / NCTC 13319 / Type A),1.0,CBO_0357
CBO_0358,GCA-001273255.1-protein2445,GCA_001273255.1,LGIK01000047.1,16802,17839,2445,-1,tr|A5I5L8|A5I5L8_CLOBH,Carboxypeptidase,CBO2782,Clostridium botulinum (strain Hall / ATCC 3502 / NCTC 13319 / Type A),1.0,CBO_0358
CBO_0359,GCA-001273255.1-protein2884,GCA_001273255.1,LGIK01000050.1,44288,45004,2884,1,tr|A5I4T6|A5I4T6_CLOBH,Neutral zinc metallopeptidase,CBO2508,Clostridium botulinum (strain Hall / ATCC 3502 / NCTC 13319 / Type A),0.95,CBO_0359
CBO_0360,GCA-001273255.1-protein3616,GCA_001273255.1,LGIK01000009.1,49124,50380,3616,-1,tr|A5I0R2|A5I0R2_CLOBH,Pyridine nucleotide-disulphide oxidoreductase,CBO1069,Clostridium botulinum (strain Hall / ATCC 3502 / NCTC 13319 / Type A),0.99,CBO_0360
CBO_0361,GCA-001273255.1-protein2798,GCA_001273255.1,LGIK01000005.1,129591,130808,2798,1,tr|A5I5T9|A5I5T9_CLOBH,Na(+)/H(+) antiporter,CBO2853,Clostridium botulinum (strain Hall / ATCC 3502 / NCTC 13319 / Type A),1.0,CBO_0361
CBO_0362,GCA-001273255.1-protein1858,GCA_001273255.1,LGIK01000030.1,15554,16273,1858,1,sp|A5I814|RSMG_CLOBH,Ribosomal RNA small subunit methyltransferase G,rsmG,Clostridium botulinum (strain Hall / ATCC 3502 / NCTC 13319 / Type A),1.0,CBO_0362
CBO_0363,GCA-001273255.1-protein2076,GCA_001273255.1,LGIK01000037.1,14540,15763,2076,1,tr|A5I2T2|A5I2T2_CLOBH,Exported protein,CBO1810,Clostridium botulinum (strain Hall / ATCC 3502 / NCTC 13319 / Type A),1.0,CBO_0363
CBO_0364,GCA-001273255.1-protein3353,GCA_001273255.1,LGIK01000054.1,160251,161516,3353,1,tr|A5HY96|A5HY96_CLOBH,Magnesium binding ptotein,CBO0203,Clostridium botulinum (strain Hall / ATCC 3502 / NCTC 13319 / Type A),1.0,CBO_0364
CBO_0365,GCA-001273255.1-protein276,GCA_001273255.1,LGIK01000012.1,291257,292318,276,1,tr|A5I3C7|A5I3C7_CLOBH,Alanine racemase,CBO2002,Clostridium botulinum (strain Hall / ATCC 3502 / NCTC 13319 / Type A),0.9,CBO_0365
CBO_0366,GCA-001273255.1-protein2479,GCA_001273255.1,LGIK01000047.1,62356,63420,2479,1,tr|A5I5I4|A5I5I4_CLOBH,Protein-glutamate methylesterase/protein-glutamine glutaminase,cheB,Clostridium botulinum (strain Hall / ATCC 3502 / NCTC 13319 / Type A),0.99,CBO_0366
CBO_0367,GCA-001273255.1-protein2533,GCA_001273255.1,LGIK01000047.1,117596,118444,2533,1,tr|A5I5C8|A5I5C8_CLOBH,Possible methyl-accepting chemotaxis protein,CBO2694,Clostridium botulinum (strain Hall / ATCC 3502 / NCTC 13319 / Type A),0.98,CBO_0367
CBO_0368,GCA-001273255.1-protein1540,GCA_001273255.1,LGIK01000025.1,175069,176454,1540,-1,sp|A5I556|VATB_CLOBH,V-type ATP synthase beta chain,atpB,Clostridium botulinum (strain Hall / ATCC 3502 / NCTC 13319 / Type A),0.98,CBO_0368
CBO_0369,GCA-001273255.1-protein2990,GCA_001273255.1,LGIK01000051.1,83705,85594,2990,1,tr|A5I1M4|A5I1M4_CLOBH,"ABC transporter, permease protein",CBO1392,Clostridium botulinum (strain Hall / ATCC 3502 / NCTC 13319 / Type A),1.0,CBO_0369
CBO_0370,GCA-001273255.1-protein3052,GCA_001273255.1,LGIK01000051.1,151477,152115,3052,-1,tr|A5I1T0|A5I1T0_CLOBH,Hemolysin,CBO1450,Clostridium botulinum (strain Hall / ATCC 3502 / NCTC 13319 / Type A),1.0,CBO_0370
CBO_0371,GCA-001273255.1-protein730,GCA_001273255.1,LGIK01000019.1,82576,83319,730,1,tr|A5HZ47|A5HZ47_CLOBH,3-oxoacyl-[acyl-carrier protein] reductase,CBO0502,Clostridium botulinum (strain Hall / ATCC 3502 / NCTC 13319 / Type A),1.0,CBO_0371
CBO_0372,GCA-001273255.1-protein1541,GCA_001273255.1,LGIK01000025.1,176447,178225,1541,-1,sp|A5I557|VATA_CLOBH,V-type ATP synthase alpha chain,atpA,Clostridium botulinum (strain Hall / ATCC 3502 / NCTC 13319 / Type A),0.99,CBO_0372
CBO_0373,GCA-001273255.1-protein1193,GCA_001273255.1,LGIK01000021.1,79184,79405,1193,-1,tr|A5I4H1|A5I4H1_CLOBH,Membrane protein,CBO2397,Clostridium botulinum (strain Hall / ATCC 3502 / NCTC 13319 / Type A),1.0,CBO_0373
CBO_0374,GCA-001573935.1-protein913,GCA_001573935.1,LFPP01000014.1,138146,139603,913,1,tr|A5I413|A5I413_CLOBH,Anaerobic glycerol-3-phosphate dehydrogenase protein,CBO2244,Clostridium botulinum (strain Hall / ATCC 3502 / NCTC 13319 / Type A),0.95,CBO_0374
CBO_0375,GCA-001273255.1-protein346,GCA_001273255.1,LGIK01000012.1,378156,379007,346,1,tr|A5I353|A5I353_CLOBH,Membrane protein,CBO1928,Clostridium botulinum (strain Hall / ATCC 3502 / NCTC 13319 / Type A),0.92,CBO_0375
CBO_0376,GCA-001273255.1-protein2621,GCA_001273255.1,LGIK01000049.1,69406,69816,2621,1,tr|A5I6C6|A5I6C6_CLOBH,DNA-binding protein,CBO3045,Clostridium botulinum (strain Hall / ATCC 3502 / NCTC 13319 / Type A),1.0,CBO_0376
CBO_0377,GCA-001273255.1-protein2283,GCA_001273255.1,LGIK01000043.1,182579,183781,2283,1,tr|A5I761|A5I761_CLOBH,Aspartokinase,lysC,Clostridium botulinum (strain Hall / ATCC 3502 / NCTC 13319 / Type A),1.0,CBO_0377
CBO_0378,GCA-001574175.1-protein1499,GCA_001574175.1,LFRA01000017.1,127714,128715,1499,1,tr|A5I227|A5I227_CLOBH,2-hydroxyacyl-CoA dehydratase,CBO1552,Clostridium botulinum (strain Hall / ATCC 3502 / NCTC 13319 / Type A),0.99,CBO_0378
CBO_0379,GCA-001574355.1-protein3307,GCA_001574355.1,LFQF01000072.1,405527,406903,3307,1,tr|A5I5S5|A5I5S5_CLOBH,Multidrug export protein MepA,CBO2840,Clostridium botulinum (strain Hall / ATCC 3502 / NCTC 13319 / Type A),0.92,CBO_0379
CBO_0380,GCA-001273255.1-protein3173,GCA_001273255.1,LGIK01000051.1,275837,277087,3173,1,tr|A5I253|A5I253_CLOBH,Sodium/alanine symporter,CBO1579,Clostridium botulinum (strain Hall / ATCC 3502 / NCTC 13319 / Type A),1.0,CBO_0380
CBO_0381,GCA-001273255.1-protein3542,GCA_001273255.1,LGIK01000007.1,7109,7579,3542,1,tr|A5HYT2|A5HYT2_CLOBH,ATPase P,CBO0388,Clostridium botulinum (strain Hall / ATCC 3502 / NCTC 13319 / Type A),0.98,CBO_0381
CBO_0382,GCA-001273255.1-protein1565,GCA_001273255.1,LGIK01000025.1,203263,203532,1565,-1,tr|A5I581|A5I581_CLOBH,Flagellar biosynthetic protein FliQ,fliQ,Clostridium botulinum (strain Hall / ATCC 3502 / NCTC 13319 / Type A),1.0,CBO_0382
CBO_0383,GCA-001273255.1-protein1967,GCA_001273255.1,LGIK01000030.1,121153,121422,1967,1,tr|A5I7Q5|A5I7Q5_CLOBH,Cell division protein,divIC,Clostridium botulinum (strain Hall / ATCC 3502 / NCTC 13319 / Type A),1.0,CBO_0383
CBO_0384,GCA-054635055.1-protein812,GCA_054635055.1,NKRQ01000001.1,886861,887913,812,-1,tr|A5HZX5|A5HZX5_CLOBH,Type VI secretion system spike protein VgrG3-like C-terminal domain-containing protein,CBO0782,Clostridium botulinum (strain Hall / ATCC 3502 / NCTC 13319 / Type A),0.94,CBO_0384
CBO_0385,GCA-001273255.1-protein91,GCA_001273255.1,LGIK01000012.1,85122,86393,91,-1,tr|A5I3X2|A5I3X2_CLOBH,"2-hydroxyacyl-CoA dehydratase,D-component",CBO2201,Clostridium botulinum (strain Hall / ATCC 3502 / NCTC 13319 / Type A),0.99,CBO_0385
CBO_0386,GCA-001273255.1-protein2354,GCA_001273255.1,LGIK01000043.1,275960,277390,2354,1,sp|A5I6Z2|GATB_CLOBH,Aspartyl/glutamyl-tRNA(Asn/Gln) amidotransferase subunit B,gatB,Clostridium botulinum (strain Hall / ATCC 3502 / NCTC 13319 / Type A),1.0,CBO_0386
CBO_0387,GCA-001573175.1-protein3164,GCA_001573175.1,LFOK01000007.1,100696,101301,3164,1,tr|A5I0J4|A5I0J4_CLOBH,Anaerobic ribonucleoside-triphosphate reductase-activating protein,nrdG,Clostridium botulinum (strain Hall / ATCC 3502 / NCTC 13319 / Type A),0.96,CBO_0387
CBO_0388,GCA-001273255.1-protein2495,GCA_001273255.1,LGIK01000047.1,75846,76235,2495,1,tr|A5I5G8|A5I5G8_CLOBH,Flagellar secretion chaperone FliS,fliS,Clostridium botulinum (strain Hall / ATCC 3502 / NCTC 13319 / Type A),0.98,CBO_0388
CBO_0389,GCA-001273255.1-protein883,GCA_001273255.1,LGIK01000019.1,259599,260354,883,1,tr|A5HZL2|A5HZL2_CLOBH,ABC transporter ATP-binding protein,CBO0669,Clostridium botulinum (strain Hall / ATCC 3502 / NCTC 13319 / Type A),1.0,CBO_0389
CBO_0390,GCA-001273255.1-protein2199,GCA_001273255.1,LGIK01000043.1,83308,84057,2199,1,tr|A5I7E7|A5I7E7_CLOBH,Subunit of pyruvate:flavodoxin oxidoreductase,CBO3422,Clostridium botulinum (strain Hall / ATCC 3502 / NCTC 13319 / Type A),1.0,CBO_0390
CBO_0391,GCA-001273255.1-protein1916,GCA_001273255.1,LGIK01000030.1,69584,70960,1916,-1,tr|A5I7V7|A5I7V7_CLOBH,Thiazole biosynthesis protein,thiH,Clostridium botulinum (strain Hall / ATCC 3502 / NCTC 13319 / Type A),1.0,CBO_0391
CBO_0392,GCA-002103885.1-protein3625,GCA_002103885.1,MWJA01000007.1,89933,91138,3625,-1,tr|A5I004|A5I004_CLOBH,Amidohydrolase,CBO0812,Clostridium botulinum (strain Hall / ATCC 3502 / NCTC 13319 / Type A),0.95,CBO_0392
CBO_0393,GCA-001273255.1-protein3076,GCA_001273255.1,LGIK01000051.1,175282,175725,3076,1,tr|A5I1V4|A5I1V4_CLOBH,Lipoprotein signal peptidase,lspA,Clostridium botulinum (strain Hall / ATCC 3502 / NCTC 13319 / Type A),1.0,CBO_0393
CBO_0394,GCA-001573825.1-protein2455,GCA_001573825.1,LFPL01000040.1,5509,6012,2455,-1,tr|A5HXT2|A5HXT2_CLOBH,NAD(+) diphosphatase,CBO0037,Clostridium botulinum (strain Hall / ATCC 3502 / NCTC 13319 / Type A),0.94,CBO_0394
CBO_0395,GCA-001273255.1-protein2830,GCA_001273255.1,LGIK01000005.1,171297,172613,2830,1,tr|A5I5Q6|A5I5Q6_CLOBH,Pyridine nucleotide-disulphide oxidoreductase,CBO2820,Clostridium botulinum (strain Hall / ATCC 3502 / NCTC 13319 / Type A),1.0,CBO_0395
CBO_0396,GCA-001273255.1-protein2831,GCA_001273255.1,LGIK01000005.1,172613,173848,2831,1,tr|A5I5Q5|A5I5Q5_CLOBH,"Dihydroorotate dehydrogenase B (NAD(+)), catalytic subunit",CBO2819,Clostridium botulinum (strain Hall / ATCC 3502 / NCTC 13319 / Type A),1.0,CBO_0396
CBO_0397,GCA-001276985.1-protein927,GCA_001276985.1,LHUL01000026.1,454891,455385,927,-1,tr|A5I5U6|A5I5U6_CLOBH,Membrane protein,CBO2860,Clostridium botulinum (strain Hall / ATCC 3502 / NCTC 13319 / Type A),0.82,CBO_0397
CBO_0398,GCA-001273255.1-protein42,GCA_001273255.1,LGIK01000012.1,31063,31605,42,1,tr|A5I416|A5I416_CLOBH,Appr-1-p processing enzyme family protein,CBO2247,Clostridium botulinum (strain Hall / ATCC 3502 / NCTC 13319 / Type A),1.0,CBO_0398
CBO_0399,GCA-001273255.1-protein3103,GCA_001273255.1,LGIK01000051.1,203211,204233,3103,1,tr|A5I1Y2|A5I1Y2_CLOBH,Aspartate--ammonia ligase,asnA,Clostridium botulinum (strain Hall / ATCC 3502 / NCTC 13319 / Type A),1.0,CBO_0399
CBO_0400,GCA-001273255.1-protein2655,GCA_001273255.1,LGIK01000049.1,100328,101221,2655,-1,tr|A5I6F8|A5I6F8_CLOBH,Nucleotidyltransferase,CBO3077,Clostridium botulinum (strain Hall / ATCC 3502 / NCTC 13319 / Type A),1.0,CBO_0400
CBO_0401,GCA-001273255.1-protein64,GCA_001273255.1,LGIK01000012.1,55820,56584,64,1,tr|A5I3Z7|A5I3Z7_CLOBH,Chemotaxis MotB protein,CBO2226,Clostridium botulinum (strain Hall / ATCC 3502 / NCTC 13319 / Type A),0.97,CBO_0401
CBO_0402,GCA-002103875.1-protein1466,GCA_002103875.1,MWIZ01000002.1,34503,37007,1466,-1,sp|A5I6G4|PBPA_CLOBH,Penicillin-binding protein 1A,pbpA,Clostridium botulinum (strain Hall / ATCC 3502 / NCTC 13319 / Type A),0.99,CBO_0402
CBO_0403,GCA-001273255.1-protein2122,GCA_001273255.1,LGIK01000043.1,19907,20416,2122,1,tr|A5I7M4|A5I7M4_CLOBH,NYN domain-containing protein,CBO3498,Clostridium botulinum (strain Hall / ATCC 3502 / NCTC 13319 / Type A),1.0,CBO_0403
CBO_0404,GCA-001273255.1-protein2703,GCA_001273255.1,LGIK01000005.1,14957,15895,2703,1,sp|A5I638|PRMA_CLOBH,Ribosomal protein L11 methyltransferase,prmA,Clostridium botulinum (strain Hall / ATCC 3502 / NCTC 13319 / Type A),1.0,CBO_0404
CBO_0405,GCA-001273255.1-protein2232,GCA_001273255.1,LGIK01000043.1,113788,114678,2232,1,tr|A5I7B4|A5I7B4_CLOBH,Cell division protein FtsX,ftsX,Clostridium botulinum (strain Hall / ATCC 3502 / NCTC 13319 / Type A),1.0,CBO_0405
CBO_0406,GCA-001273255.1-protein3004,GCA_001273255.1,LGIK01000051.1,99327,99674,3004,-1,tr|A5I1N8|A5I1N8_CLOBH,Membrane protein,CBO1406,Clostridium botulinum (strain Hall / ATCC 3502 / NCTC 13319 / Type A),1.0,CBO_0406
CBO_0407,GCA-001273255.1-protein2034,GCA_001273255.1,LGIK01000036.1,1017,3314,2034,1,tr|A5I1C2|A5I1C2_CLOBH,"Xanthine dehydrogenase, molybdenum binding subunit",xdhA2,Clostridium botulinum (strain Hall / ATCC 3502 / NCTC 13319 / Type A),1.0,CBO_0407
CBO_0408,GCA-001273255.1-protein3108,GCA_001273255.1,LGIK01000051.1,211572,212063,3108,-1,tr|A5I1Y7|A5I1Y7_CLOBH,YbaK/aminoacyl-tRNA synthetase-associated domain-containing protein,CBO1509,Clostridium botulinum (strain Hall / ATCC 3502 / NCTC 13319 / Type A),1.0,CBO_0408
CBO_0409,GCA-001273255.1-protein2148,GCA_001273255.1,LGIK01000043.1,43638,43850,2148,1,sp|A5I7J8|RL29_CLOBH,Large ribosomal subunit protein uL29,rpmC,Clostridium botulinum (strain Hall / ATCC 3502 / NCTC 13319 / Type A),1.0,CBO_0409
CBO_0410,GCA-001273255.1-protein3196,GCA_001273255.1,LGIK01000051.1,305067,306731,3196,1,tr|A5I276|A5I276_CLOBH,Alpha-amylase,malL,Clostridium botulinum (strain Hall / ATCC 3502 / NCTC 13319 / Type A),1.0,CBO_0410
CBO_0411,GCA-016990285.1-protein1657,GCA_016990285.1,NQVS01000001.1,1852166,1852573,1657,-1,tr|A5I411|A5I411_CLOBH,Membrane protein,CBO2242,Clostridium botulinum (strain Hall / ATCC 3502 / NCTC 13319 / Type A),0.81,CBO_0411
CBO_0412,GCA-001273255.1-protein2660,GCA_001273255.1,LGIK01000049.1,104539,105093,2660,-1,tr|A5I6G3|A5I6G3_CLOBH,Sporulation protein YunB,CBO3082,Clostridium botulinum (strain Hall / ATCC 3502 / NCTC 13319 / Type A),1.0,CBO_0412
CBO_0413,GCA-001273255.1-protein1609,GCA_001273255.1,LGIK01000026.1,11884,14109,1609,-1,tr|A5I1A4|A5I1A4_CLOBH,site-specific DNA-methyltransferase (adenine-specific),CBO1266,Clostridium botulinum (strain Hall / ATCC 3502 / NCTC 13319 / Type A),1.0,CBO_0413
CBO_0414,GCA-001273255.1-protein2878,GCA_001273255.1,LGIK01000050.1,37979,38608,2878,1,tr|A5I4U2|A5I4U2_CLOBH,Guanylate kinase,gmk,Clostridium botulinum (strain Hall / ATCC 3502 / NCTC 13319 / Type A),1.0,CBO_0414
CBO_0415,GCA-001273255.1-protein1039,GCA_001273255.1,LGIK01000019.1,434372,435025,1039,1,tr|A5I043|A5I043_CLOBH,Pentapeptide repeat-containing protein,CBO0851,Clostridium botulinum (strain Hall / ATCC 3502 / NCTC 13319 / Type A),0.99,CBO_0415
CBO_0416,GCA-001273255.1-protein2265,GCA_001273255.1,LGIK01000043.1,158580,159473,2265,1,tr|A5I780|A5I780_CLOBH,Activator of 2-hydroxyacyl-CoA-hydratase,CBO3355,Clostridium botulinum (strain Hall / ATCC 3502 / NCTC 13319 / Type A),1.0,CBO_0416
CBO_0417,GCA-001273255.1-protein1334,GCA_001273255.1,LGIK01000023.1,28001,29011,1334,-1,tr|A5HYQ7|A5HYQ7_CLOBH,Membrane protein,CBO0363,Clostridium botulinum (strain Hall / ATCC 3502 / NCTC 13319 / Type A),1.0,CBO_0417
CBO_0418,GCA-001273255.1-protein1898,GCA_001273255.1,LGIK01000030.1,52433,53179,1898,1,tr|A5I7X4|A5I7X4_CLOBH,3-oxoacyl-[acyl-carrier-protein] reductase,fabG,Clostridium botulinum (strain Hall / ATCC 3502 / NCTC 13319 / Type A),1.0,CBO_0418
CBO_0419,GCA-001273255.1-protein257,GCA_001273255.1,LGIK01000012.1,269461,269673,257,1,tr|A5I3E6|A5I3E6_CLOBH,DNA-binding protein,CBO2022,Clostridium botulinum (strain Hall / ATCC 3502 / NCTC 13319 / Type A),0.99,CBO_0419
CBO_0420,GCA-001273255.1-protein2212,GCA_001273255.1,LGIK01000043.1,95885,96367,2212,-1,tr|A5I7D4|A5I7D4_CLOBH,Spore coat protein,CBO3409,Clostridium botulinum (strain Hall / ATCC 3502 / NCTC 13319 / Type A),1.0,CBO_0420
CBO_0421,GCA-001573175.1-protein2230,GCA_001573175.1,LFOK01000038.1,6098,7003,2230,1,tr|A5I6R3|A5I6R3_CLOBH,Pyruvate formate-lyase 2 activating enzyme,CBO3184,Clostridium botulinum (strain Hall / ATCC 3502 / NCTC 13319 / Type A),0.81,CBO_0421
CBO_0422,GCA-001273255.1-protein1928,GCA_001273255.1,LGIK01000030.1,81445,81924,1928,-1,sp|A5I7U4|RLMH_CLOBH,Ribosomal RNA large subunit methyltransferase H,rlmH,Clostridium botulinum (strain Hall / ATCC 3502 / NCTC 13319 / Type A),1.0,CBO_0422
CBO_0423,GCA-001273255.1-protein2732,GCA_001273255.1,LGIK01000005.1,45844,48006,2732,1,tr|A5I609|A5I609_CLOBH,Membrane protein,CBO2927,Clostridium botulinum (strain Hall / ATCC 3502 / NCTC 13319 / Type A),0.99,CBO_0423
CBO_0424,GCA-001273255.1-protein1875,GCA_001273255.1,LGIK01000030.1,27153,28157,1875,1,tr|A5I7Z7|A5I7Z7_CLOBH,Membrane protein,CBO3624,Clostridium botulinum (strain Hall / ATCC 3502 / NCTC 13319 / Type A),1.0,CBO_0424
CBO_0425,GCA-001273255.1-protein690,GCA_001273255.1,LGIK01000019.1,40932,41501,690,1,tr|A5HZ06|A5HZ06_CLOBH,Membrane protein,CBO0462,Clostridium botulinum (strain Hall / ATCC 3502 / NCTC 13319 / Type A),1.0,CBO_0425
CBO_0426,GCA-001573235.1-protein1576,GCA_001573235.1,LFOL01000025.1,4901,6364,1576,1,tr|A5I1G1|A5I1G1_CLOBH,Cell wall hydrolase,CBO1326,Clostridium botulinum (strain Hall / ATCC 3502 / NCTC 13319 / Type A),0.86,CBO_0426
CBO_0427,GCA-001273255.1-protein1158,GCA_001273255.1,LGIK01000021.1,40626,41384,1158,1,tr|A5I4K8|A5I4K8_CLOBH,Isoprenyl transferase,uppS,Clostridium botulinum (strain Hall / ATCC 3502 / NCTC 13319 / Type A),1.0,CBO_0427
CBO_0428,GCA-001573255.1-protein927,GCA_001573255.1,LFON01000016.1,58827,60365,927,1,sp|A5I5V9|PUR9_CLOBH,Bifunctional purine biosynthesis protein PurH,purH,Clostridium botulinum (strain Hall / ATCC 3502 / NCTC 13319 / Type A),0.95,CBO_0428
CBO_0429,GCA-001273255.1-protein3281,GCA_001273255.1,LGIK01000054.1,84874,86244,3281,1,tr|A5HY24|A5HY24_CLOBH,Sporulation protein,CBO0128,Clostridium botulinum (strain Hall / ATCC 3502 / NCTC 13319 / Type A),1.0,CBO_0429
CBO_0430,GCA-001273255.1-protein1941,GCA_001273255.1,LGIK01000030.1,94029,95075,1941,-1,tr|A5I7T1|A5I7T1_CLOBH,Membrane protein,CBO3556,Clostridium botulinum (strain Hall / ATCC 3502 / NCTC 13319 / Type A),1.0,CBO_0430
CBO_0431,GCA-001273255.1-protein2481,GCA_001273255.1,LGIK01000047.1,64218,66293,2481,1,tr|A5I5I2|A5I5I2_CLOBH,Chemotaxis protein CheA,cheN,Clostridium botulinum (strain Hall / ATCC 3502 / NCTC 13319 / Type A),1.0,CBO_0431
CBO_0432,GCA-001273255.1-protein526,GCA_001273255.1,LGIK01000017.1,14894,15973,526,1,sp|A5I0C8|CBID_CLOBH,Cobalt-precorrin-5B C(1)-methyltransferase,cbiD,Clostridium botulinum (strain Hall / ATCC 3502 / NCTC 13319 / Type A),1.0,CBO_0432
CBO_0433,GCA-001273255.1-protein1011,GCA_001273255.1,LGIK01000019.1,407520,408134,1011,1,tr|A5I011|A5I011_CLOBH,Alpha-ribazole phosphatase,cobC,Clostridium botulinum (strain Hall / ATCC 3502 / NCTC 13319 / Type A),0.99,CBO_0433
CBO_0434,GCA-001273255.1-protein285,GCA_001273255.1,LGIK01000012.1,301504,302901,285,1,tr|A5I3B6|A5I3B6_CLOBH,"PTS system, IIbc component",CBO1991,Clostridium botulinum (strain Hall / ATCC 3502 / NCTC 13319 / Type A),1.0,CBO_0434
CBO_0435,GCA-001273255.1-protein2008,GCA_001273255.1,LGIK01000034.1,18680,19366,2008,1,tr|A5HYP6|A5HYP6_CLOBH,Stage 0 sporulation protein A homolog,CBO0352,Clostridium botulinum (strain Hall / ATCC 3502 / NCTC 13319 / Type A),1.0,CBO_0435
CBO_0436,GCA-001273255.1-protein166,GCA_001273255.1,LGIK01000012.1,170310,170576,166,1,tr|A5I3P4|A5I3P4_CLOBH,Uncharacterized protein,CBO2123,Clostridium botulinum (strain Hall / ATCC 3502 / NCTC 13319 / Type A),0.99,CBO_0436
CBO_0437,GCA-001273255.1-protein447,GCA_001273255.1,LGIK01000012.1,481713,481955,447,-1,tr|A5I2V2|A5I2V2_CLOBH,(2Fe-2S) ferredoxin domain-containing protein,CBO1829,Clostridium botulinum (strain Hall / ATCC 3502 / NCTC 13319 / Type A),1.0,CBO_0437
CBO_0438,GCA-001273255.1-protein3054,GCA_001273255.1,LGIK01000051.1,154027,154497,3054,1,tr|A5I1T2|A5I1T2_CLOBH,Transcriptional regulator MraZ,mraZ,Clostridium botulinum (strain Hall / ATCC 3502 / NCTC 13319 / Type A),0.91,CBO_0438
CBO_0439,GCA-001273255.1-protein86,GCA_001273255.1,LGIK01000012.1,79767,80360,86,1,tr|A5I3X6|A5I3X6_CLOBH,Acetyltransferase (GNAT) family protein,CBO2205,Clostridium botulinum (strain Hall / ATCC 3502 / NCTC 13319 / Type A),0.98,CBO_0439
CBO_0440,GCA-001573255.1-protein1982,GCA_001573255.1,LFON01000028.1,25125,27437,1982,-1,tr|A5I6U5|A5I6U5_CLOBH,Formate acetyltransferase,pflA,Clostridium botulinum (strain Hall / ATCC 3502 / NCTC 13319 / Type A),0.96,CBO_0440
CBO_0441,GCA-001273255.1-protein2565,GCA_001273255.1,LGIK01000049.1,19639,19965,2565,-1,tr|A5I668|A5I668_CLOBH,Ribosomal processing cysteine protease Prp,CBO2988,Clostridium botulinum (strain Hall / ATCC 3502 / NCTC 13319 / Type A),1.0,CBO_0441
CBO_0442,GCA-001573935.1-protein1386,GCA_001573935.1,LFPP01000002.1,435666,439307,1386,1,tr|A5I290|A5I290_CLOBH,microbial collagenase,colA,Clostridium botulinum (strain Hall / ATCC 3502 / NCTC 13319 / Type A),0.97,CBO_0442
CBO_0443,GCA-001273255.1-protein2202,GCA_001273255.1,LGIK01000043.1,86428,87399,2202,1,tr|A5I7E4|A5I7E4_CLOBH,Sorbitol operon regulator,sorC,Clostridium botulinum (strain Hall / ATCC 3502 / NCTC 13319 / Type A),1.0,CBO_0443
CBO_0444,GCA-001273255.1-protein1185,GCA_001273255.1,LGIK01000021.1,71524,72591,1185,1,tr|A5I4H9|A5I4H9_CLOBH,Protein RecA,recA,Clostridium botulinum (strain Hall / ATCC 3502 / NCTC 13319 / Type A),0.99,CBO_0444
CBO_0445,GCA-001273255.1-protein1556,GCA_001273255.1,LGIK01000025.1,194119,194886,1556,-1,tr|A5I572|A5I572_CLOBH,Flagellar basal-body rod protein,CBO2638,Clostridium botulinum (strain Hall / ATCC 3502 / NCTC 13319 / Type A),1.0,CBO_0445
CBO_0446,GCA-001273255.1-protein2126,GCA_001273255.1,LGIK01000043.1,23041,23268,2126,1,tr|A5I7M0|A5I7M0_CLOBH,Protein translocase subunit SecE,secE,Clostridium botulinum (strain Hall / ATCC 3502 / NCTC 13319 / Type A),1.0,CBO_0446
CBO_0447,GCA-001273255.1-protein1205,GCA_001273255.1,LGIK01000021.1,89399,90751,1205,1,tr|A5I470|A5I470_CLOBH,Poly A polymerase family protein,CBO2302,Clostridium botulinum (strain Hall / ATCC 3502 / NCTC 13319 / Type A),1.0,CBO_0447
CBO_0448,GCA-001273255.1-protein3408,GCA_001273255.1,LGIK01000054.1,223606,224280,3408,-1,tr|A5HYF0|A5HYF0_CLOBH,Isochorismatase,CBO0257,Clostridium botulinum (strain Hall / ATCC 3502 / NCTC 13319 / Type A),1.0,CBO_0448
CBO_0449,GCA-001573175.1-protein3506,GCA_001573175.1,LFOK01000008.1,110708,112030,3506,-1,tr|A5I3W2|A5I3W2_CLOBH,Amino acid permease,CBO2191,Clostridium botulinum (strain Hall / ATCC 3502 / NCTC 13319 / Type A),0.98,CBO_0449
CBO_0450,GCA-001273255.1-protein1194,GCA_001273255.1,LGIK01000021.1,79657,81087,1194,1,tr|A5I4H0|A5I4H0_CLOBH,Adenylosuccinate lyase,CBO2396,Clostridium botulinum (strain Hall / ATCC 3502 / NCTC 13319 / Type A),0.99,CBO_0450
CBO_0451,GCA-001273255.1-protein2702,GCA_001273255.1,LGIK01000005.1,13634,14779,2702,1,tr|A5I639|A5I639_CLOBH,Chaperone protein DnaJ,dnaJ,Clostridium botulinum (strain Hall / ATCC 3502 / NCTC 13319 / Type A),1.0,CBO_0451
CBO_0452,GCA-001273255.1-protein2099,GCA_001273255.1,LGIK01000037.1,40866,41720,2099,-1,tr|A5I2Q8|A5I2Q8_CLOBH,Stage 0 sporulation protein A homolog,CBO1786,Clostridium botulinum (strain Hall / ATCC 3502 / NCTC 13319 / Type A),1.0,CBO_0452
CBO_0453,GCA-001273255.1-protein3439,GCA_001273255.1,LGIK01000054.1,256739,258319,3439,1,tr|A5HYI1|A5HYI1_CLOBH,"PTS system, IIbc component",CBO0288,Clostridium botulinum (strain Hall / ATCC 3502 / NCTC 13319 / Type A),1.0,CBO_0453
CBO_0454,GCA-001273255.1-protein3148,GCA_001273255.1,LGIK01000051.1,255161,255922,3148,1,tr|A5I228|A5I228_CLOBH,Activator of 2-hydroxyacyl-CoA dehydratase,CBO1553,Clostridium botulinum (strain Hall / ATCC 3502 / NCTC 13319 / Type A),1.0,CBO_0454
CBO_0455,GCA-001273255.1-protein3285,GCA_001273255.1,LGIK01000054.1,88445,90046,3285,1,tr|A5HY28|A5HY28_CLOBH,CTP synthase,pyrG,Clostridium botulinum (strain Hall / ATCC 3502 / NCTC 13319 / Type A),1.0,CBO_0455
CBO_0456,GCA-001273255.1-protein2032,GCA_001273255.1,LGIK01000036.1,340,636,2032,1,tr|A5I1C0|A5I1C0_CLOBH,Membrane protein,CBO1283,Clostridium botulinum (strain Hall / ATCC 3502 / NCTC 13319 / Type A),1.0,CBO_0456
CBO_0457,GCA-001273255.1-protein2823,GCA_001273255.1,LGIK01000005.1,163720,164118,2823,1,tr|A5I5R3|A5I5R3_CLOBH,Exported protein,CBO2827,Clostridium botulinum (strain Hall / ATCC 3502 / NCTC 13319 / Type A),1.0,CBO_0457
CBO_0458,GCA-001273255.1-protein1104,GCA_001273255.1,LGIK01000019.1,498805,499524,1104,1,tr|A5I0A8|A5I0A8_CLOBH,Cobalt transport protein CbiM,cbiM,Clostridium botulinum (strain Hall / ATCC 3502 / NCTC 13319 / Type A),1.0,CBO_0458
CBO_0459,GCA-001273255.1-protein2400,GCA_001273255.1,LGIK01000044.1,49258,50010,2400,-1,tr|A5I6N8|A5I6N8_CLOBH,Probable polysaccharide deacetylase,CBO3159,Clostridium botulinum (strain Hall / ATCC 3502 / NCTC 13319 / Type A),1.0,CBO_0459
CBO_0460,GCA-001273255.1-protein280,GCA_001273255.1,LGIK01000012.1,297515,297910,280,-1,tr|A5I3C1|A5I3C1_CLOBH,Endoribonuclease,CBO1996,Clostridium botulinum (strain Hall / ATCC 3502 / NCTC 13319 / Type A),1.0,CBO_0460
CBO_0461,GCA-001273255.1-protein3087,GCA_001273255.1,LGIK01000051.1,186233,187156,3087,1,tr|A5I1W5|A5I1W5_CLOBH,Phospholipase,CBO1487,Clostridium botulinum (strain Hall / ATCC 3502 / NCTC 13319 / Type A),1.0,CBO_0461
CBO_0462,GCA-001273255.1-protein1813,GCA_001273255.1,LGIK01000029.1,2550,3338,1813,-1,tr|A5HXT4|A5HXT4_CLOBH,Ferredoxin,CBO0039,Clostridium botulinum (strain Hall / ATCC 3502 / NCTC 13319 / Type A),1.0,CBO_0462
CBO_0463,GCA-001273255.1-protein1997,GCA_001273255.1,LGIK01000034.1,5828,6694,1997,1,tr|A5HYN5|A5HYN5_CLOBH,tRNA(Ile)-lysidine/2-thiocytidine synthase N-terminal domain-containing protein,CBO0341,Clostridium botulinum (strain Hall / ATCC 3502 / NCTC 13319 / Type A),0.99,CBO_0463
CBO_0464,GCA-001273255.1-protein3151,GCA_001273255.1,LGIK01000051.1,257042,257632,3151,1,sp|A5I231|GCH1_CLOBH,GTP cyclohydrolase 1,folE,Clostridium botulinum (strain Hall / ATCC 3502 / NCTC 13319 / Type A),1.0,CBO_0464
CBO_0465,GCA-001273255.1-protein1936,GCA_001273255.1,LGIK01000030.1,89271,89789,1936,1,tr|A5I7T6|A5I7T6_CLOBH,Peptidyl-prolyl cis-trans isomerase,ppiB,Clostridium botulinum (strain Hall / ATCC 3502 / NCTC 13319 / Type A),1.0,CBO_0465
CBO_0466,GCA-001273255.1-protein3010,GCA_001273255.1,LGIK01000051.1,106358,107017,3010,1,tr|A5I1P4|A5I1P4_CLOBH,"ABC transporter, permease protein",CBO1412,Clostridium botulinum (strain Hall / ATCC 3502 / NCTC 13319 / Type A),1.0,CBO_0466
CBO_0467,GCA-001573175.1-protein3292,GCA_001573175.1,LFOK01000007.1,240351,241679,3292,1,tr|A5I0W9|A5I0W9_CLOBH,DUF1015 domain-containing protein,CBO1128,Clostridium botulinum (strain Hall / ATCC 3502 / NCTC 13319 / Type A),0.91,CBO_0467
CBO_0468,GCA-001273255.1-protein51,GCA_001273255.1,LGIK01000012.1,40345,41064,51,1,tr|A5I408|A5I408_CLOBH,ATP-binding transport protein,CBO2239,Clostridium botulinum (strain Hall / ATCC 3502 / NCTC 13319 / Type A),1.0,CBO_0468
CBO_0469,GCA-001273255.1-protein2915,GCA_001273255.1,LGIK01000050.1,75954,76730,2915,1,tr|A5I4Q4|A5I4Q4_CLOBH,Component of proline reductase,prdD,Clostridium botulinum (strain Hall / ATCC 3502 / NCTC 13319 / Type A),1.0,CBO_0469
CBO_0470,GCA-001273255.1-protein895,GCA_001273255.1,LGIK01000019.1,273605,274648,895,1,tr|A5HZN1|A5HZN1_CLOBH,Ferrichrome transport system permease protein,fhuG2,Clostridium botulinum (strain Hall / ATCC 3502 / NCTC 13319 / Type A),0.96,CBO_0470
CBO_0471,GCA-001273255.1-protein153,GCA_001273255.1,LGIK01000012.1,155408,156427,153,1,tr|A5I3Q7|A5I3Q7_CLOBH,histidine kinase,CBO2135,Clostridium botulinum (strain Hall / ATCC 3502 / NCTC 13319 / Type A),0.98,CBO_0471
CBO_0472,GCA-001273255.1-protein2418,GCA_001273255.1,LGIK01000044.1,72657,73160,2418,1,tr|A5I6Q6|A5I6Q6_CLOBH,Integral membrane protein,CBO3177,Clostridium botulinum (strain Hall / ATCC 3502 / NCTC 13319 / Type A),1.0,CBO_0472
CBO_0473,GCA-001273255.1-protein1971,GCA_001273255.1,LGIK01000030.1,127078,127623,1971,1,tr|A5I7Q1|A5I7Q1_CLOBH,Hypoxanthine phosphoribosyltransferase,hpt,Clostridium botulinum (strain Hall / ATCC 3502 / NCTC 13319 / Type A),1.0,CBO_0473
CBO_0474,GCA-001273255.1-protein2310,GCA_001273255.1,LGIK01000043.1,223649,225283,2310,1,tr|A5I734|A5I734_CLOBH,Two-component sensor kinase,CBO3309,Clostridium botulinum (strain Hall / ATCC 3502 / NCTC 13319 / Type A),1.0,CBO_0474
CBO_0475,GCA-001273255.1-protein332,GCA_001273255.1,LGIK01000012.1,360645,361133,332,1,tr|A5I368|A5I368_CLOBH,Molybdenum cofactor biosynthesis protein B,mogA,Clostridium botulinum (strain Hall / ATCC 3502 / NCTC 13319 / Type A),1.0,CBO_0475
CBO_0476,GCA-001573175.1-protein2675,GCA_001573175.1,LFOK01000043.1,9271,9882,2675,1,tr|A5I086|A5I086_CLOBH,Transcriptional regulator,CBO0895,Clostridium botulinum (strain Hall / ATCC 3502 / NCTC 13319 / Type A),0.96,CBO_0476
CBO_0477,GCA-001273255.1-protein1155,GCA_001273255.1,LGIK01000021.1,37976,38899,1155,1,sp|A5I4L2|EFTS_CLOBH,Elongation factor Ts,tsf,Clostridium botulinum (strain Hall / ATCC 3502 / NCTC 13319 / Type A),1.0,CBO_0477
CBO_0478,GCA-001273255.1-protein1955,GCA_001273255.1,LGIK01000030.1,107716,109125,1955,1,tr|A5I7R7|A5I7R7_CLOBH,histidine kinase,CBO3542,Clostridium botulinum (strain Hall / ATCC 3502 / NCTC 13319 / Type A),1.0,CBO_0478
CBO_0479,GCA-001273255.1-protein1620,GCA_001273255.1,LGIK01000026.1,22747,23124,1620,-1,tr|A5I195|A5I195_CLOBH,Component of glycine reductase complex,grdX,Clostridium botulinum (strain Hall / ATCC 3502 / NCTC 13319 / Type A),1.0,CBO_0479
CBO_0480,GCA-001273255.1-protein3195,GCA_001273255.1,LGIK01000051.1,303873,304820,3195,1,tr|A5I275|A5I275_CLOBH,Glucokinase,glcK,Clostridium botulinum (strain Hall / ATCC 3502 / NCTC 13319 / Type A),1.0,CBO_0480
CBO_0481,GCA-001273255.1-protein3543,GCA_001273255.1,LGIK01000007.1,8066,9517,3543,1,tr|A5HYT3|A5HYT3_CLOBH,Amino acid permease,CBO0389,Clostridium botulinum (strain Hall / ATCC 3502 / NCTC 13319 / Type A),1.0,CBO_0481
CBO_0482,GCA-001273255.1-protein1525,GCA_001273255.1,LGIK01000025.1,161244,161963,1525,-1,tr|A5I542|A5I542_CLOBH,TVP38/TMEM64 family membrane protein,CBO2611,Clostridium botulinum (strain Hall / ATCC 3502 / NCTC 13319 / Type A),1.0,CBO_0482
CBO_0483,GCA-001273255.1-protein2818,GCA_001273255.1,LGIK01000005.1,155176,157395,2818,1,tr|A5I5R8|A5I5R8_CLOBH,chitinase,CBO2832,Clostridium botulinum (strain Hall / ATCC 3502 / NCTC 13319 / Type A),1.0,CBO_0483
CBO_0484,GCA-001273255.1-protein1527,GCA_001273255.1,LGIK01000025.1,163217,164215,1527,-1,tr|A5I544|A5I544_CLOBH,Aminoglycoside phosphotransferase domain-containing protein,CBO2613,Clostridium botulinum (strain Hall / ATCC 3502 / NCTC 13319 / Type A),0.99,CBO_0484
CBO_0485,GCA-001273255.1-protein3080,GCA_001273255.1,LGIK01000051.1,179646,180407,3080,1,tr|A5I1V8|A5I1V8_CLOBH,Exodeoxyribonuclease,exoA,Clostridium botulinum (strain Hall / ATCC 3502 / NCTC 13319 / Type A),1.0,CBO_0485
CBO_0486,GCA-001273255.1-protein1537,GCA_001273255.1,LGIK01000025.1,172756,173619,1537,-1,tr|A5I553|A5I553_CLOBH,Inosine-uridine preferring nucleoside hydrolase,CBO2621,Clostridium botulinum (strain Hall / ATCC 3502 / NCTC 13319 / Type A),0.99,CBO_0486
CBO_0487,GCA-001273255.1-protein1906,GCA_001273255.1,LGIK01000030.1,59700,60581,1906,1,tr|A5I7W6|A5I7W6_CLOBH,LysR-family transcriptional regulator,CBO3592,Clostridium botulinum (strain Hall / ATCC 3502 / NCTC 13319 / Type A),0.99,CBO_0487
CBO_0488,GCA-016990395.1-protein1674,GCA_016990395.1,NQVW01000003.1,238540,239373,1674,-1,tr|A5I2Z6|A5I2Z6_CLOBH,Stage 0 sporulation protein A homolog,spo0A,Clostridium botulinum (strain Hall / ATCC 3502 / NCTC 13319 / Type A),0.97,CBO_0488
CBO_0489,GCA-001273255.1-protein36,GCA_001273255.1,LGIK01000012.1,27077,27646,36,1,tr|A5I422|A5I422_CLOBH,Membrane protein,CBO2254,Clostridium botulinum (strain Hall / ATCC 3502 / NCTC 13319 / Type A),1.0,CBO_0489
CBO_0490,GCA-001273255.1-protein3567,GCA_001273255.1,LGIK01000007.1,36477,37331,3567,1,tr|A5HYV8|A5HYV8_CLOBH,Undecaprenyl-diphosphatase,upk2,Clostridium botulinum (strain Hall / ATCC 3502 / NCTC 13319 / Type A),1.0,CBO_0490
CBO_0491,GCA-001273255.1-protein2178,GCA_001273255.1,LGIK01000043.1,60979,61683,2178,1,tr|A5I7G8|A5I7G8_CLOBH,Germination-specific N-acetylmuramoyl-L-alanine amidase,cwlD,Clostridium botulinum (strain Hall / ATCC 3502 / NCTC 13319 / Type A),1.0,CBO_0491
CBO_0492,GCA-054771105.1-protein626,GCA_054771105.1,NKSR01000001.1,692473,694215,626,-1,tr|A5I273|A5I273_CLOBH,"ABC transporter, ATP-binding/permease protein",CBO1600,Clostridium botulinum (strain Hall / ATCC 3502 / NCTC 13319 / Type A),0.98,CBO_0492
CBO_0493,GCA-001273255.1-protein3136,GCA_001273255.1,LGIK01000051.1,241576,242979,3136,1,tr|A5I216|A5I216_CLOBH,Probable transporter,CBO1539,Clostridium botulinum (strain Hall / ATCC 3502 / NCTC 13319 / Type A),0.99,CBO_0493
CBO_0494,GCA-001273255.1-protein56,GCA_001273255.1,LGIK01000012.1,46043,47071,56,1,tr|A5I404|A5I404_CLOBH,Threonine aldolase,CBO2233,Clostridium botulinum (strain Hall / ATCC 3502 / NCTC 13319 / Type A),1.0,CBO_0494
CBO_0495,GCA-001273255.1-protein2955,GCA_001273255.1,LGIK01000051.1,46962,48551,2955,1,tr|A5I1I9|A5I1I9_CLOBH,"ABC transporter, substrate-binding lipoprotein",CBO1355,Clostridium botulinum (strain Hall / ATCC 3502 / NCTC 13319 / Type A),1.0,CBO_0495
CBO_0496,GCA-001273255.1-protein3335,GCA_001273255.1,LGIK01000054.1,141624,142412,3335,1,tr|A5HY78|A5HY78_CLOBH,"Guanosine 3',5'-bis-pyrophosphate (PpGpp) synthesis/degradation protein",CBO0185,Clostridium botulinum (strain Hall / ATCC 3502 / NCTC 13319 / Type A),1.0,CBO_0496
CBO_0497,GCA-001273255.1-protein2143,GCA_001273255.1,LGIK01000043.1,40954,41787,2143,1,sp|A5I7K3|RL2_CLOBH,Large ribosomal subunit protein uL2,rplB,Clostridium botulinum (strain Hall / ATCC 3502 / NCTC 13319 / Type A),1.0,CBO_0497
CBO_0498,GCA-001273255.1-protein2870,GCA_001273255.1,LGIK01000050.1,28272,29606,2870,1,tr|A5I4V1|A5I4V1_CLOBH,DUF512 domain-containing protein,CBO2520,Clostridium botulinum (strain Hall / ATCC 3502 / NCTC 13319 / Type A),1.0,CBO_0498
CBO_0499,GCA-001273255.1-protein2200,GCA_001273255.1,LGIK01000043.1,84059,84589,2200,1,tr|A5I7E6|A5I7E6_CLOBH,Subunit of pyruvate:flavodoxin oxidoreductase,CBO3421,Clostridium botulinum (strain Hall / ATCC 3502 / NCTC 13319 / Type A),1.0,CBO_0499
CBO_0500,GCA-001273255.1-protein2228,GCA_001273255.1,LGIK01000043.1,110597,111538,2228,1,tr|A5I7B8|A5I7B8_CLOBH,"Transketolase, pyridine binding subunit",tkt',Clostridium botulinum (strain Hall / ATCC 3502 / NCTC 13319 / Type A),1.0,CBO_0500
CBO_0501,GCA-001273255.1-protein156,GCA_001273255.1,LGIK01000012.1,160342,160830,156,1,tr|A5I3Q4|A5I3Q4_CLOBH,Helix-turn-helix domain-containing protein,CBO2132,Clostridium botulinum (strain Hall / ATCC 3502 / NCTC 13319 / Type A),0.99,CBO_0501
CBO_0502,GCA-001573255.1-protein1443,GCA_001573255.1,LFON01000002.1,235271,236632,1443,-1,tr|A5HYV5|A5HYV5_CLOBH,Lipid II isoglutaminyl synthase (glutamine-hydrolyzing) subunit MurT,murT,Clostridium botulinum (strain Hall / ATCC 3502 / NCTC 13319 / Type A),0.99,CBO_0502
CBO_0503,GCA-007833435.1-protein2307,GCA_007833435.1,CP022400.1,2555608,2555934,2307,-1,tr|A5I417|A5I417_CLOBH,Membrane protein,CBO2248,Clostridium botulinum (strain Hall / ATCC 3502 / NCTC 13319 / Type A),0.96,CBO_0503
CBO_0504,GCA-001273255.1-protein2238,GCA_001273255.1,LGIK01000043.1,122879,124084,2238,1,tr|A5I7A9|A5I7A9_CLOBH,Cell division protein (Stage V sporulation protein E),CBO3384,Clostridium botulinum (strain Hall / ATCC 3502 / NCTC 13319 / Type A),1.0,CBO_0504
CBO_0505,GCA-001273255.1-protein408,GCA_001273255.1,LGIK01000012.1,440363,440899,408,1,tr|A5I2Z1|A5I2Z1_CLOBH,ADP-ribose pyrophosphatase,nudF,Clostridium botulinum (strain Hall / ATCC 3502 / NCTC 13319 / Type A),1.0,CBO_0505
CBO_0506,GCA-001273255.1-protein395,GCA_001273255.1,LGIK01000012.1,422959,423780,395,1,tr|A5I304|A5I304_CLOBH,Methyltransferase,CBO1880,Clostridium botulinum (strain Hall / ATCC 3502 / NCTC 13319 / Type A),1.0,CBO_0506
CBO_0507,GCA-001273255.1-protein968,GCA_001273255.1,LGIK01000019.1,352377,353591,968,1,tr|A5HZW3|A5HZW3_CLOBH,Thiaminase I,CBO0770,Clostridium botulinum (strain Hall / ATCC 3502 / NCTC 13319 / Type A),0.99,CBO_0507
CBO_0508,GCA-001273255.1-protein1814,GCA_001273255.1,LGIK01000029.1,3472,4194,1814,-1,tr|A5HXT3|A5HXT3_CLOBH,Hydrolase,CBO0038,Clostridium botulinum (strain Hall / ATCC 3502 / NCTC 13319 / Type A),1.0,CBO_0508
CBO_0509,GCA-001273255.1-protein2195,GCA_001273255.1,LGIK01000043.1,79916,80986,2195,1,tr|A5I7F1|A5I7F1_CLOBH,Probable butyrate kinase,buk1,Clostridium botulinum (strain Hall / ATCC 3502 / NCTC 13319 / Type A),1.0,CBO_0509
CBO_0510,GCA-001573175.1-protein2488,GCA_001573175.1,LFOK01000004.1,243246,244112,2488,1,tr|A5HYG5|A5HYG5_CLOBH,Stage 0 sporulation protein A homolog,CBO0272,Clostridium botulinum (strain Hall / ATCC 3502 / NCTC 13319 / Type A),0.79,CBO_0510
CBO_0511,GCA-001273255.1-protein1466,GCA_001273255.1,LGIK01000025.1,107498,112363,1466,1,tr|A5I532|A5I532_CLOBH,nicotinate-nucleotide adenylyltransferase,CBO2601,Clostridium botulinum (strain Hall / ATCC 3502 / NCTC 13319 / Type A),1.0,CBO_0511
CBO_0512,GCA-001273255.1-protein1570,GCA_001273255.1,LGIK01000025.1,206038,206850,1570,-1,tr|A5I586|A5I586_CLOBH,Chemotaxis MotA protein,motA,Clostridium botulinum (strain Hall / ATCC 3502 / NCTC 13319 / Type A),1.0,CBO_0512
CBO_0513,GCA-001273255.1-protein2416,GCA_001273255.1,LGIK01000044.1,70250,71185,2416,-1,tr|A5I6Q4|A5I6Q4_CLOBH,Regulatory protein RecX,recX,Clostridium botulinum (strain Hall / ATCC 3502 / NCTC 13319 / Type A),1.0,CBO_0513
CBO_0514,GCA-001273255.1-protein497,GCA_001273255.1,LGIK01000015.1,40460,41005,497,1,tr|A5I6U3|A5I6U3_CLOBH,Rubrerythrin,CBO3214,Clostridium botulinum (strain Hall / ATCC 3502 / NCTC 13319 / Type A),1.0,CBO_0514
CBO_0515,GCA-001273255.1-protein3619,GCA_001273255.1,LGIK01000009.1,53174,53524,3619,-1,tr|A5I0Q8|A5I0Q8_CLOBH,ArsC family transcriptional regulator,CBO1065,Clostridium botulinum (strain Hall / ATCC 3502 / NCTC 13319 / Type A),1.0,CBO_0515
CBO_0516,GCA-001273255.1-protein3166,GCA_001273255.1,LGIK01000051.1,271338,272099,3166,1,sp|A5I246|HIS6_CLOBH,Imidazole glycerol phosphate synthase subunit HisF,hisF,Clostridium botulinum (strain Hall / ATCC 3502 / NCTC 13319 / Type A),1.0,CBO_0516
CBO_0517,GCA-001273255.1-protein1777,GCA_001273255.1,LGIK01000028.1,66296,68260,1777,-1,,,,,,CBO_0517
CBO_0518,GCA-001273255.1-protein2971,GCA_001273255.1,LGIK01000051.1,63595,64068,2971,1,sp|A5I1K5|Y1373_CLOBH,UPF0251 protein CBO1373/CLC_1408,CBO1373,Clostridium botulinum (strain Hall / ATCC 3502 / NCTC 13319 / Type A),1.0,CBO_0518
CBO_0519,GCA-001573255.1-protein1943,GCA_001573255.1,LFON01000027.1,35624,36334,1943,1,tr|A5I6N6|A5I6N6_CLOBH,Single-stranded DNA binding protein,CBO3157,Clostridium botulinum (strain Hall / ATCC 3502 / NCTC 13319 / Type A),0.96,CBO_0519
CBO_0520,GCA-001573665.1-protein952,GCA_001573665.1,LFPF01000016.1,11612,13051,952,1,tr|A5I0N0|A5I0N0_CLOBH,Fatty acid beta-hydroxylating cytochrome P450,cypC,Clostridium botulinum (strain Hall / ATCC 3502 / NCTC 13319 / Type A),0.87,CBO_0520
CBO_0521,GCA-001273255.1-protein67,GCA_001273255.1,LGIK01000012.1,58215,59045,67,1,tr|A5I3Z4|A5I3Z4_CLOBH,4Fe-4S cluster containing ParA family ATPase protein,CBO2223,Clostridium botulinum (strain Hall / ATCC 3502 / NCTC 13319 / Type A),0.98,CBO_0521
CBO_0522,GCA-001879605.1-protein450,GCA_001879605.1,CP013246.1,455524,456207,450,1,tr|A5I345|A5I345_CLOBH,Exported protein,CBO1921,Clostridium botulinum (strain Hall / ATCC 3502 / NCTC 13319 / Type A),0.94,CBO_0522
CBO_0523,GCA-001273255.1-protein411,GCA_001273255.1,LGIK01000012.1,442027,442902,411,1,tr|A5I2Y8|A5I2Y8_CLOBH,Tyrosine recombinase,xerD2,Clostridium botulinum (strain Hall / ATCC 3502 / NCTC 13319 / Type A),1.0,CBO_0523
CBO_0524,GCA-001273255.1-protein1873,GCA_001273255.1,LGIK01000030.1,26434,26676,1873,1,sp|A5I7Z9|RS18_CLOBH,Small ribosomal subunit protein bS18,rpsR,Clostridium botulinum (strain Hall / ATCC 3502 / NCTC 13319 / Type A),1.0,CBO_0524
CBO_0525,GCA-001273255.1-protein1461,GCA_001273255.1,LGIK01000025.1,103893,104663,1461,1,tr|A5I527|A5I527_CLOBH,Membrane protein,CBO2596,Clostridium botulinum (strain Hall / ATCC 3502 / NCTC 13319 / Type A),1.0,CBO_0525
CBO_0526,GCA-001273255.1-protein560,GCA_001273255.1,LGIK01000017.1,43750,45171,560,1,tr|A5I0G3|A5I0G3_CLOBH,histidine kinase,CBO0971,Clostridium botulinum (strain Hall / ATCC 3502 / NCTC 13319 / Type A),1.0,CBO_0526
CBO_0527,GCA-001273255.1-protein249,GCA_001273255.1,LGIK01000012.1,261297,262178,249,-1,sp|A5I3F5|PIP_CLOBH,Proline iminopeptidase,pip,Clostridium botulinum (strain Hall / ATCC 3502 / NCTC 13319 / Type A),1.0,CBO_0527
CBO_0528,GCA-001273255.1-protein3101,GCA_001273255.1,LGIK01000051.1,200716,201285,3101,-1,tr|A5I1Y0|A5I1Y0_CLOBH,MORN repeat family protein,CBO1502,Clostridium botulinum (strain Hall / ATCC 3502 / NCTC 13319 / Type A),1.0,CBO_0528
CBO_0529,GCA-001273255.1-protein3374,GCA_001273255.1,LGIK01000054.1,183564,184937,3374,1,tr|A5HYB7|A5HYB7_CLOBH,RNA polymerase sigma-54 factor,rpoN,Clostridium botulinum (strain Hall / ATCC 3502 / NCTC 13319 / Type A),1.0,CBO_0529
CBO_0530,GCA-001273255.1-protein692,GCA_001273255.1,LGIK01000019.1,42866,43726,692,1,tr|A5HZ08|A5HZ08_CLOBH,Membrane protein,CBO0464,Clostridium botulinum (strain Hall / ATCC 3502 / NCTC 13319 / Type A),1.0,CBO_0530
CBO_0531,GCA-001273255.1-protein2957,GCA_001273255.1,LGIK01000051.1,49513,50313,2957,1,tr|A5I1J1|A5I1J1_CLOBH,"ABC transporter, permease protein",CBO1357,Clostridium botulinum (strain Hall / ATCC 3502 / NCTC 13319 / Type A),1.0,CBO_0531
CBO_0532,GCA-001273255.1-protein2440,GCA_001273255.1,LGIK01000047.1,10952,12028,2440,1,tr|A5I5M4|A5I5M4_CLOBH,Membrane protein,CBO2788,Clostridium botulinum (strain Hall / ATCC 3502 / NCTC 13319 / Type A),1.0,CBO_0532
CBO_0533,GCA-001273255.1-protein2576,GCA_001273255.1,LGIK01000049.1,29781,32555,2576,-1,tr|A5I679|A5I679_CLOBH,Penicillin-binding protein,CBO2999,Clostridium botulinum (strain Hall / ATCC 3502 / NCTC 13319 / Type A),0.99,CBO_0533
CBO_0534,GCA-001273255.1-protein328,GCA_001273255.1,LGIK01000012.1,356789,358111,328,1,tr|A5I372|A5I372_CLOBH,Probable multidrug resistance protein NorM,CBO1947,Clostridium botulinum (strain Hall / ATCC 3502 / NCTC 13319 / Type A),1.0,CBO_0534
CBO_0535,GCA-001273255.1-protein2141,GCA_001273255.1,LGIK01000043.1,39986,40606,2141,1,sp|A5I7K5|RL4_CLOBH,Large ribosomal subunit protein uL4,rplD,Clostridium botulinum (strain Hall / ATCC 3502 / NCTC 13319 / Type A),1.0,CBO_0535
CBO_0536,GCA-001273255.1-protein2973,GCA_001273255.1,LGIK01000051.1,65756,66796,2973,1,tr|A5I1K7|A5I1K7_CLOBH,Ribonuclease Z,rnz,Clostridium botulinum (strain Hall / ATCC 3502 / NCTC 13319 / Type A),1.0,CBO_0536
CBO_0537,GCA-001573485.1-protein1030,GCA_001573485.1,LFOX01000017.1,75791,76012,1030,-1,tr|A5HY18|A5HY18_CLOBH,Membrane protein,CBO0122,Clostridium botulinum (strain Hall / ATCC 3502 / NCTC 13319 / Type A),0.89,CBO_0537
CBO_0538,GCA-001273255.1-protein3293,GCA_001273255.1,LGIK01000054.1,96494,97102,3293,1,tr|A5HY36|A5HY36_CLOBH,Membrane protein,CBO0140,Clostridium botulinum (strain Hall / ATCC 3502 / NCTC 13319 / Type A),1.0,CBO_0538
CBO_0539,GCA-001273255.1-protein1879,GCA_001273255.1,LGIK01000030.1,32547,33884,1879,1,tr|A5I7Z3|A5I7Z3_CLOBH,Replicative DNA helicase,dnaB,Clostridium botulinum (strain Hall / ATCC 3502 / NCTC 13319 / Type A),1.0,CBO_0539
CBO_0540,GCA-001273255.1-protein164,GCA_001273255.1,LGIK01000012.1,167895,168725,164,1,tr|A5I3P6|A5I3P6_CLOBH,MerR-family transcriptional regulator,CBO2125,Clostridium botulinum (strain Hall / ATCC 3502 / NCTC 13319 / Type A),0.97,CBO_0540
CBO_0541,GCA-016990395.1-protein2866,GCA_016990395.1,NQVW01000005.1,302679,303908,2866,1,sp|A5HY62|METK_CLOBH,S-adenosylmethionine synthase,metK,Clostridium botulinum (strain Hall / ATCC 3502 / NCTC 13319 / Type A),0.76,CBO_0541
CBO_0542,GCA-001273255.1-protein2465,GCA_001273255.1,LGIK01000047.1,42169,42987,2465,-1,tr|A5I5J9|A5I5J9_CLOBH,Endonuclease,CBO2764,Clostridium botulinum (strain Hall / ATCC 3502 / NCTC 13319 / Type A),1.0,CBO_0542
CBO_0543,GCA-001273255.1-protein2832,GCA_001273255.1,LGIK01000005.1,174313,175362,2832,1,tr|A5I5Q4|A5I5Q4_CLOBH,DNA polymerase IV,dinB,Clostridium botulinum (strain Hall / ATCC 3502 / NCTC 13319 / Type A),1.0,CBO_0543
CBO_0544,GCA-001273255.1-protein2442,GCA_001273255.1,LGIK01000047.1,12969,13289,2442,-1,tr|A5I5M2|A5I5M2_CLOBH,UPF0145 protein CBO2786,CBO2786,Clostridium botulinum (strain Hall / ATCC 3502 / NCTC 13319 / Type A),1.0,CBO_0544
CBO_0545,GCA-001273255.1-protein1878,GCA_001273255.1,LGIK01000030.1,30597,32516,1878,1,tr|A5I7Z4|A5I7Z4_CLOBH,endopeptidase La,lon,Clostridium botulinum (strain Hall / ATCC 3502 / NCTC 13319 / Type A),1.0,CBO_0545
CBO_0546,GCA-001273255.1-protein2295,GCA_001273255.1,LGIK01000043.1,203180,203587,2295,1,tr|A5I749|A5I749_CLOBH,Twitching motility protein PilT,CBO3324,Clostridium botulinum (strain Hall / ATCC 3502 / NCTC 13319 / Type A),0.99,CBO_0546
CBO_0547,GCA-001273255.1-protein1781,GCA_001273255.1,LGIK01000028.1,72762,74672,1781,-1,tr|A5I2B2|A5I2B2_CLOBH,Signal-transduction and transcriptional-control protein,CBO1642,Clostridium botulinum (strain Hall / ATCC 3502 / NCTC 13319 / Type A),1.0,CBO_0547
CBO_0548,GCA-001273255.1-protein2381,GCA_001273255.1,LGIK01000044.1,28548,29447,2381,-1,tr|A5I6L9|A5I6L9_CLOBH,Sporulation protein YtxC,CBO3139,Clostridium botulinum (strain Hall / ATCC 3502 / NCTC 13319 / Type A),1.0,CBO_0548
CBO_0549,GCA-001273255.1-protein1526,GCA_001273255.1,LGIK01000025.1,162072,163217,1526,-1,tr|A5I543|A5I543_CLOBH,Iron-sulfur protein,CBO2612,Clostridium botulinum (strain Hall / ATCC 3502 / NCTC 13319 / Type A),0.99,CBO_0549
CBO_0550,GCA-001273255.1-protein2186,GCA_001273255.1,LGIK01000043.1,70380,71555,2186,1,tr|A5I7G0|A5I7G0_CLOBH,Isoaspartyl dipeptidase,iadA,Clostridium botulinum (strain Hall / ATCC 3502 / NCTC 13319 / Type A),1.0,CBO_0550
CBO_0551,GCA-001573665.1-protein436,GCA_001573665.1,LFPF01000011.1,15560,16078,436,1,sp|A5I323|AROK_CLOBH,Shikimate kinase,aroK,Clostridium botulinum (strain Hall / ATCC 3502 / NCTC 13319 / Type A),0.97,CBO_0551
CBO_0552,GCA-001273255.1-protein1788,GCA_001273255.1,LGIK01000028.1,82980,84125,1788,-1,tr|A5I2A6|A5I2A6_CLOBH,Quaternary amine transport ATP-binding protein,opuCA,Clostridium botulinum (strain Hall / ATCC 3502 / NCTC 13319 / Type A),1.0,CBO_0552
CBO_0553,GCA-001273255.1-protein489,GCA_001273255.1,LGIK01000015.1,32213,33448,489,1,tr|A5I6V0|A5I6V0_CLOBH,ABC transporter periplasmic binding protein,CBO3221,Clostridium botulinum (strain Hall / ATCC 3502 / NCTC 13319 / Type A),1.0,CBO_0553
CBO_0554,GCA-001273255.1-protein831,GCA_001273255.1,LGIK01000019.1,200526,201647,831,1,tr|A5HZF5|A5HZF5_CLOBH,histidine kinase,CBO0611,Clostridium botulinum (strain Hall / ATCC 3502 / NCTC 13319 / Type A),1.0,CBO_0554
CBO_0555,GCA-001273255.1-protein1843,GCA_001273255.1,LGIK01000029.1,32315,32767,1843,-1,tr|A5HXQ4|A5HXQ4_CLOBH,HD domain-containing protein,CBO0008,Clostridium botulinum (strain Hall / ATCC 3502 / NCTC 13319 / Type A),1.0,CBO_0555
CBO_0556,GCA-001273255.1-protein2908,GCA_001273255.1,LGIK01000050.1,69773,70435,2908,1,tr|A5I4Q7|A5I4Q7_CLOBH,Subunit of proline reductase,prdA2,Clostridium botulinum (strain Hall / ATCC 3502 / NCTC 13319 / Type A),0.6,CBO_0556
CBO_0557,GCA-001273255.1-protein2663,GCA_001273255.1,LGIK01000049.1,108259,109266,2663,-1,tr|A5I6G6|A5I6G6_CLOBH,Stage V sporulation protein AD,spoVAD,Clostridium botulinum (strain Hall / ATCC 3502 / NCTC 13319 / Type A),1.0,CBO_0557
CBO_0558,GCA-001273255.1-protein788,GCA_001273255.1,LGIK01000019.1,155062,155931,788,-1,tr|A5HZA9|A5HZA9_CLOBH,AraC-family transcriptional regulator,CBO0564,Clostridium botulinum (strain Hall / ATCC 3502 / NCTC 13319 / Type A),1.0,CBO_0558
CBO_0559,GCA-001273255.1-protein728,GCA_001273255.1,LGIK01000019.1,81353,81616,728,1,tr|A5HZ45|A5HZ45_CLOBH,DUF3892 domain-containing protein,CBO0500,Clostridium botulinum (strain Hall / ATCC 3502 / NCTC 13319 / Type A),1.0,CBO_0559
CBO_0560,GCA-001273255.1-protein1520,GCA_001273255.1,LGIK01000025.1,157319,158254,1520,-1,tr|A5I537|A5I537_CLOBH,CorA-like Mg2+ transporter protein,CBO2606,Clostridium botulinum (strain Hall / ATCC 3502 / NCTC 13319 / Type A),1.0,CBO_0560
CBO_0561,GCA-001273255.1-protein2729,GCA_001273255.1,LGIK01000005.1,41729,42982,2729,-1,tr|A5I612|A5I612_CLOBH,Pyridoxal-dependent decarboxylase,CBO2930,Clostridium botulinum (strain Hall / ATCC 3502 / NCTC 13319 / Type A),1.0,CBO_0561
CBO_0562,GCA-001273255.1-protein1650,GCA_001273255.1,LGIK01000026.1,49554,50228,1650,1,tr|A5I162|A5I162_CLOBH,"Transporter, ATP-binding protein",CBO1224,Clostridium botulinum (strain Hall / ATCC 3502 / NCTC 13319 / Type A),1.0,CBO_0562
CBO_0563,GCA-001273255.1-protein542,GCA_001273255.1,LGIK01000017.1,27231,28013,542,1,tr|A5I0E5|A5I0E5_CLOBH,Cobalt chelatase,cbiK,Clostridium botulinum (strain Hall / ATCC 3502 / NCTC 13319 / Type A),1.0,CBO_0563
CBO_0564,GCA-001273255.1-protein1168,GCA_001273255.1,LGIK01000021.1,52633,54006,1168,1,tr|A5I4J6|A5I4J6_CLOBH,Transcription termination/antitermination protein NusA,nusA,Clostridium botulinum (strain Hall / ATCC 3502 / NCTC 13319 / Type A),1.0,CBO_0564
CBO_0565,GCA-001573885.1-protein2352,GCA_001573885.1,LFPN01000005.1,35000,36058,2352,-1,tr|A5HYG6|A5HYG6_CLOBH,histidine kinase,CBO0273,Clostridium botulinum (strain Hall / ATCC 3502 / NCTC 13319 / Type A),0.99,CBO_0565
CBO_0566,GCA-001273255.1-protein2712,GCA_001273255.1,LGIK01000005.1,22919,23419,2712,1,sp|A5I629|YBEY_CLOBH,Endoribonuclease YbeY,ybeY,Clostridium botulinum (strain Hall / ATCC 3502 / NCTC 13319 / Type A),1.0,CBO_0566
CBO_0567,GCA-001573175.1-protein2203,GCA_001573175.1,LFOK01000036.1,15145,15966,2203,-1,tr|A5I269|A5I269_CLOBH,GTP pyrophosphatase,CBO1596,Clostridium botulinum (strain Hall / ATCC 3502 / NCTC 13319 / Type A),0.96,CBO_0567
CBO_0568,GCA-001273255.1-protein2235,GCA_001273255.1,LGIK01000043.1,117479,119467,2235,1,tr|A5I7B2|A5I7B2_CLOBH,UvrABC system protein B,uvrB,Clostridium botulinum (strain Hall / ATCC 3502 / NCTC 13319 / Type A),1.0,CBO_0568
CBO_0569,GCA-001273255.1-protein138,GCA_001273255.1,LGIK01000012.1,136031,138124,138,1,tr|A5I3S1|A5I3S1_CLOBH,Regulatory protein,CBO2149,Clostridium botulinum (strain Hall / ATCC 3502 / NCTC 13319 / Type A),1.0,CBO_0569
CBO_0570,GCA-001273255.1-protein3106,GCA_001273255.1,LGIK01000051.1,208148,210061,3106,1,tr|A5I1Y5|A5I1Y5_CLOBH,DNA mismatch repair protein,CBO1507,Clostridium botulinum (strain Hall / ATCC 3502 / NCTC 13319 / Type A),1.0,CBO_0570
CBO_0571,GCA-001273255.1-protein2648,GCA_001273255.1,LGIK01000049.1,93506,94534,2648,-1,sp|A5I6F1|RUVB_CLOBH,Holliday junction branch migration complex subunit RuvB,ruvB,Clostridium botulinum (strain Hall / ATCC 3502 / NCTC 13319 / Type A),1.0,CBO_0571
CBO_0572,GCA-001273255.1-protein933,GCA_001273255.1,LGIK01000019.1,316803,318656,933,1,tr|A5HZS1|A5HZS1_CLOBH,Chitinase A,chiA,Clostridium botulinum (strain Hall / ATCC 3502 / NCTC 13319 / Type A),1.0,CBO_0572
CBO_0573,GCA-001273255.1-protein1460,GCA_001273255.1,LGIK01000025.1,102478,103719,1460,-1,sp|A5I526|GLYA_CLOBH,Serine hydroxymethyltransferase,glyA,Clostridium botulinum (strain Hall / ATCC 3502 / NCTC 13319 / Type A),1.0,CBO_0573
CBO_0574,GCA-001273255.1-protein2478,GCA_001273255.1,LGIK01000047.1,61845,62333,2478,1,sp|A5I5I5|CHED_CLOBH,Probable chemoreceptor glutamine deamidase CheD,cheD,Clostridium botulinum (strain Hall / ATCC 3502 / NCTC 13319 / Type A),1.0,CBO_0574
CBO_0575,GCA-001273255.1-protein1763,GCA_001273255.1,LGIK01000028.1,56718,57887,1763,-1,tr|A5I2C8|A5I2C8_CLOBH,Alanine racemase,alr,Clostridium botulinum (strain Hall / ATCC 3502 / NCTC 13319 / Type A),1.0,CBO_0575
CBO_0576,GCA-001573175.1-protein713,GCA_001573175.1,LFOK01000014.1,226344,227840,713,-1,tr|A5I5N3|A5I5N3_CLOBH,Spore germination protein,gerAA,Clostridium botulinum (strain Hall / ATCC 3502 / NCTC 13319 / Type A),0.89,CBO_0576
CBO_0577,GCA-001273255.1-protein3048,GCA_001273255.1,LGIK01000051.1,147047,147883,3048,-1,tr|A5I1S6|A5I1S6_CLOBH,Probable nicotinate-nucleotide pyrophosphorylase [carboxylating],nadC,Clostridium botulinum (strain Hall / ATCC 3502 / NCTC 13319 / Type A),1.0,CBO_0577
CBO_0578,GCA-001273255.1-protein278,GCA_001273255.1,LGIK01000012.1,294631,295722,278,-1,tr|A5I3C4|A5I3C4_CLOBH,Glycerol dehydrogenase,gldA2,Clostridium botulinum (strain Hall / ATCC 3502 / NCTC 13319 / Type A),1.0,CBO_0578
CBO_0579,GCA-001273255.1-protein1154,GCA_001273255.1,LGIK01000021.1,37187,37888,1154,1,sp|A5I4L3|RS2_CLOBH,Small ribosomal subunit protein uS2,rpsB,Clostridium botulinum (strain Hall / ATCC 3502 / NCTC 13319 / Type A),1.0,CBO_0579
CBO_0580,GCA-001573665.1-protein644,GCA_001573665.1,LFPF01000013.1,6667,9048,644,1,tr|A5I1E2|A5I1E2_CLOBH,Cation-transporting ATPase,CBO1306,Clostridium botulinum (strain Hall / ATCC 3502 / NCTC 13319 / Type A),0.99,CBO_0580
CBO_0581,GCA-001273255.1-protein1171,GCA_001273255.1,LGIK01000021.1,54660,56726,1171,1,sp|A5I4J3|IF2_CLOBH,Translation initiation factor IF-2,infB,Clostridium botulinum (strain Hall / ATCC 3502 / NCTC 13319 / Type A),1.0,CBO_0581
CBO_0582,GCA-001273255.1-protein902,GCA_001273255.1,LGIK01000019.1,283812,284924,902,1,tr|A5HZN9|A5HZN9_CLOBH,Aminomethyltransferase,gcvT,Clostridium botulinum (strain Hall / ATCC 3502 / NCTC 13319 / Type A),0.99,CBO_0582
CBO_0583,GCA-001273255.1-protein379,GCA_001273255.1,LGIK01000012.1,410178,410597,379,1,tr|A5I320|A5I320_CLOBH,AraC family transcriptional regulator,CBO1896,Clostridium botulinum (strain Hall / ATCC 3502 / NCTC 13319 / Type A),1.0,CBO_0583
CBO_0584,GCA-001273255.1-protein905,GCA_001273255.1,LGIK01000019.1,286784,288238,905,1,tr|A5HZP2|A5HZP2_CLOBH,Probable glycine dehydrogenase (decarboxylating) subunit 2,gcvP',Clostridium botulinum (strain Hall / ATCC 3502 / NCTC 13319 / Type A),0.98,CBO_0584
CBO_0585,GCA-001273255.1-protein1444,GCA_001273255.1,LGIK01000025.1,81421,81897,1444,-1,tr|A5I510|A5I510_CLOBH,Membrane protein,CBO2579,Clostridium botulinum (strain Hall / ATCC 3502 / NCTC 13319 / Type A),1.0,CBO_0585
CBO_0586,GCA-001273255.1-protein583,GCA_001273255.1,LGIK01000017.1,68593,70722,583,1,tr|A5I0I7|A5I0I7_CLOBH,DNA helicase RecQ,recQ,Clostridium botulinum (strain Hall / ATCC 3502 / NCTC 13319 / Type A),0.99,CBO_0586
CBO_0587,GCA-001273255.1-protein2390,GCA_001273255.1,LGIK01000044.1,38009,38926,2390,-1,tr|A5I6M8|A5I6M8_CLOBH,Oligopeptide transport system permease protein,oppC,Clostridium botulinum (strain Hall / ATCC 3502 / NCTC 13319 / Type A),1.0,CBO_0587
CBO_0588,GCA-001273255.1-protein2572,GCA_001273255.1,LGIK01000049.1,26668,27786,2572,-1,tr|A5I675|A5I675_CLOBH,Peptidoglycan glycosyltransferase RodA,spoVE,Clostridium botulinum (strain Hall / ATCC 3502 / NCTC 13319 / Type A),1.0,CBO_0588
CBO_0589,GCA-001276985.1-protein3549,GCA_001276985.1,LHUL01000009.1,472,1416,3549,-1,tr|A5HXT7|A5HXT7_CLOBH,Ribosomal-protein-alanine acetyltransferase,CBO0042,Clostridium botulinum (strain Hall / ATCC 3502 / NCTC 13319 / Type A),1.0,CBO_0589
CBO_0590,GCA-001273255.1-protein2760,GCA_001273255.1,LGIK01000005.1,76825,77619,2760,-1,tr|A5I5Y0|A5I5Y0_CLOBH,"Iron compounds ABC transporter, ATP-binding protein",CBO2896,Clostridium botulinum (strain Hall / ATCC 3502 / NCTC 13319 / Type A),0.99,CBO_0590
CBO_0591,GCA-001573905.1-protein717,GCA_001573905.1,LFPO01000013.1,104384,105751,717,-1,sp|A5I2S3|MIAB_CLOBH,tRNA-2-methylthio-N(6)-dimethylallyladenosine synthase,miaB,Clostridium botulinum (strain Hall / ATCC 3502 / NCTC 13319 / Type A),0.95,CBO_0591
CBO_0592,GCA-001273255.1-protein2860,GCA_001273255.1,LGIK01000050.1,18794,19057,2860,1,tr|A5I4W2|A5I4W2_CLOBH,PRC-barrel domain-containing protein,CBO2531,Clostridium botulinum (strain Hall / ATCC 3502 / NCTC 13319 / Type A),1.0,CBO_0592
CBO_0593,GCA-001273255.1-protein3279,GCA_001273255.1,LGIK01000054.1,82591,83223,3279,1,tr|A5HY22|A5HY22_CLOBH,Stage II sporulation protein,CBO0126,Clostridium botulinum (strain Hall / ATCC 3502 / NCTC 13319 / Type A),1.0,CBO_0593
CBO_0594,GCA-001573825.1-protein2934,GCA_001573825.1,LFPL01000006.1,37365,38951,2934,1,tr|A5I2A7|A5I2A7_CLOBH,Glycine betaine/carnitine/choline transport system permease protein opucb,opuCB,Clostridium botulinum (strain Hall / ATCC 3502 / NCTC 13319 / Type A),0.94,CBO_0594
CBO_0595,GCA-001573665.1-protein931,GCA_001573665.1,LFPF01000015.1,62022,63242,931,-1,sp|A5I7N4|DISA_CLOBH,DNA integrity scanning protein DisA,disA,Clostridium botulinum (strain Hall / ATCC 3502 / NCTC 13319 / Type A),0.85,CBO_0595
CBO_0596,GCA-054635055.1-protein3098,GCA_054635055.1,NKRQ01000005.1,3727,4191,3098,1,tr|A5I7N9|A5I7N9_CLOBH,Transcriptional regulator CtsR,ctsR,Clostridium botulinum (strain Hall / ATCC 3502 / NCTC 13319 / Type A),1.0,CBO_0596
CBO_0597,GCA-001273255.1-protein595,GCA_001273255.1,LGIK01000017.1,83662,84450,595,1,tr|A5I0J9|A5I0J9_CLOBH,Electron transfer flavoprotein small subunit,etfB,Clostridium botulinum (strain Hall / ATCC 3502 / NCTC 13319 / Type A),1.0,CBO_0597
CBO_0598,GCA-001273255.1-protein3493,GCA_001273255.1,LGIK01000055.1,12655,13482,3493,-1,tr|A5HYW9|A5HYW9_CLOBH,3-methyl-2-oxobutanoate hydroxymethyltransferase,panB,Clostridium botulinum (strain Hall / ATCC 3502 / NCTC 13319 / Type A),1.0,CBO_0598
CBO_0599,GCA-054771215.1-protein1667,GCA_054771215.1,NKTA01000002.1,139365,140336,1667,-1,tr|A5HYJ0|A5HYJ0_CLOBH,Probable glycosyl transferase,CBO0297,Clostridium botulinum (strain Hall / ATCC 3502 / NCTC 13319 / Type A),0.96,CBO_0599
CBO_0600,GCA-001273255.1-protein2110,GCA_001273255.1,LGIK01000043.1,8370,9728,2110,1,tr|A5I7N5|A5I7N5_CLOBH,DNA repair protein RadA,radA,Clostridium botulinum (strain Hall / ATCC 3502 / NCTC 13319 / Type A),1.0,CBO_0600
CBO_0601,GCA-001273255.1-protein1226,GCA_001273255.1,LGIK01000021.1,108216,108962,1226,1,tr|A5I451|A5I451_CLOBH,Membrane protein,CBO2282,Clostridium botulinum (strain Hall / ATCC 3502 / NCTC 13319 / Type A),1.0,CBO_0601
CBO_0602,GCA-001273255.1-protein2401,GCA_001273255.1,LGIK01000044.1,50174,50701,2401,1,tr|A5I6N9|A5I6N9_CLOBH,DUF4364 family protein,CBO3160,Clostridium botulinum (strain Hall / ATCC 3502 / NCTC 13319 / Type A),1.0,CBO_0602
CBO_0603,GCA-001573255.1-protein1425,GCA_001573255.1,LFON01000002.1,212931,213959,1425,1,tr|A5HYU2|A5HYU2_CLOBH,Membrane associated peptidase,CBO0398,Clostridium botulinum (strain Hall / ATCC 3502 / NCTC 13319 / Type A),0.94,CBO_0603
CBO_0604,GCA-001273255.1-protein1433,GCA_001273255.1,LGIK01000025.1,68031,69224,1433,-1,sp|A5I4Z9|ISCS_CLOBH,Cysteine desulfurase IscS,iscS,Clostridium botulinum (strain Hall / ATCC 3502 / NCTC 13319 / Type A),1.0,CBO_0604
CBO_0605,GCA-001273255.1-protein1856,GCA_001273255.1,LGIK01000030.1,12259,13644,1856,1,sp|A5I816|MNME_CLOBH,tRNA modification GTPase MnmE,mnmE,Clostridium botulinum (strain Hall / ATCC 3502 / NCTC 13319 / Type A),1.0,CBO_0605
CBO_0606,GCA-001273255.1-protein2394,GCA_001273255.1,LGIK01000044.1,43134,44012,2394,1,tr|A5I6N2|A5I6N2_CLOBH,4-hydroxy-tetrahydrodipicolinate synthase,dapA,Clostridium botulinum (strain Hall / ATCC 3502 / NCTC 13319 / Type A),1.0,CBO_0606
CBO_0607,GCA-001273255.1-protein2007,GCA_001273255.1,LGIK01000034.1,17760,18572,2007,1,tr|A5HYP5|A5HYP5_CLOBH,Probable polysaccharide deacetylase,CBO0351,Clostridium botulinum (strain Hall / ATCC 3502 / NCTC 13319 / Type A),1.0,CBO_0607
CBO_0608,GCA-001273255.1-protein2699,GCA_001273255.1,LGIK01000005.1,9863,10894,2699,1,tr|A5I642|A5I642_CLOBH,Heat-inducible transcription repressor HrcA,hrcA,Clostridium botulinum (strain Hall / ATCC 3502 / NCTC 13319 / Type A),1.0,CBO_0608
CBO_0609,GCA-001273255.1-protein2349,GCA_001273255.1,LGIK01000043.1,270050,272044,2349,1,sp|A5I6Z7|DNLJ_CLOBH,DNA ligase,ligA,Clostridium botulinum (strain Hall / ATCC 3502 / NCTC 13319 / Type A),1.0,CBO_0609
CBO_0610,GCA-001273255.1-protein1465,GCA_001273255.1,LGIK01000025.1,106622,107098,1465,1,tr|A5I531|A5I531_CLOBH,Lipoprotein,CBO2600,Clostridium botulinum (strain Hall / ATCC 3502 / NCTC 13319 / Type A),1.0,CBO_0610
CBO_0611,GCA-001273255.1-protein3332,GCA_001273255.1,LGIK01000054.1,137811,138092,3332,1,tr|A5HY75|A5HY75_CLOBH,ArsR-family transcriptional regulator,CBO0182,Clostridium botulinum (strain Hall / ATCC 3502 / NCTC 13319 / Type A),1.0,CBO_0611
CBO_0612,GCA-001273255.1-protein615,GCA_001273255.1,LGIK01000017.1,102855,103748,615,1,tr|A5I0L8|A5I0L8_CLOBH,LysR-family transcriptional regulator,CBO1026,Clostridium botulinum (strain Hall / ATCC 3502 / NCTC 13319 / Type A),1.0,CBO_0612
CBO_0613,GCA-001273255.1-protein3404,GCA_001273255.1,LGIK01000054.1,220125,220502,3404,1,tr|A5HYE6|A5HYE6_CLOBH,Cytidine deaminase,CBO0253,Clostridium botulinum (strain Hall / ATCC 3502 / NCTC 13319 / Type A),1.0,CBO_0613
CBO_0614,GCA-001273255.1-protein774,GCA_001273255.1,LGIK01000019.1,136395,138038,774,1,tr|A5HZ95|A5HZ95_CLOBH,Carbon starvation protein A,cstA,Clostridium botulinum (strain Hall / ATCC 3502 / NCTC 13319 / Type A),1.0,CBO_0614
CBO_0615,GCA-016989565.1-protein899,GCA_016989565.1,NKSB01000014.1,36488,40330,899,-1,sp|A5HYY0|ADDA_CLOBH,ATP-dependent helicase/nuclease subunit A,addA,Clostridium botulinum (strain Hall / ATCC 3502 / NCTC 13319 / Type A),0.98,CBO_0615
CBO_0616,GCA-007833455.1-protein1036,GCA_007833455.1,CP022403.1,1188060,1188620,1036,-1,tr|A5I0I9|A5I0I9_CLOBH,Phosphoesterase,CBO0997,Clostridium botulinum (strain Hall / ATCC 3502 / NCTC 13319 / Type A),0.95,CBO_0616
CBO_0617,GCA-001273255.1-protein3120,GCA_001273255.1,LGIK01000051.1,223880,224368,3120,-1,tr|A5I1Z8|A5I1Z8_CLOBH,C_GCAxxG_C_C family protein,CBO1521,Clostridium botulinum (strain Hall / ATCC 3502 / NCTC 13319 / Type A),1.0,CBO_0617
CBO_0618,GCA-001273255.1-protein842,GCA_001273255.1,LGIK01000019.1,213917,214246,842,-1,tr|A5HZG6|A5HZG6_CLOBH,Chaperonin involved in protein secretion,csaA,Clostridium botulinum (strain Hall / ATCC 3502 / NCTC 13319 / Type A),1.0,CBO_0618
CBO_0619,GCA-001273255.1-protein2459,GCA_001273255.1,LGIK01000047.1,32970,35840,2459,1,tr|A5I5K5|A5I5K5_CLOBH,DNA topoisomerase (ATP-hydrolyzing),gyrA,Clostridium botulinum (strain Hall / ATCC 3502 / NCTC 13319 / Type A),1.0,CBO_0619
CBO_0620,GCA-001273255.1-protein2010,GCA_001273255.1,LGIK01000034.1,20833,22323,2010,1,tr|A5HYP8|A5HYP8_CLOBH,Lipoprotein,CBO0354,Clostridium botulinum (strain Hall / ATCC 3502 / NCTC 13319 / Type A),1.0,CBO_0620
CBO_0621,GCA-001573255.1-protein1899,GCA_001573255.1,LFON01000026.1,41278,43521,1899,-1,tr|A5I1R0|A5I1R0_CLOBH,Cell division protein,CBO1430,Clostridium botulinum (strain Hall / ATCC 3502 / NCTC 13319 / Type A),0.96,CBO_0621
CBO_0622,GCA-001273255.1-protein890,GCA_001273255.1,LGIK01000019.1,267441,268193,890,1,tr|A5HZM0|A5HZM0_CLOBH,VCBS repeat-containing protein,CBO0677,Clostridium botulinum (strain Hall / ATCC 3502 / NCTC 13319 / Type A),0.98,CBO_0622
CBO_0623,GCA-001273255.1-protein747,GCA_001273255.1,LGIK01000019.1,105740,106162,747,1,tr|A5HZ64|A5HZ64_CLOBH,Uncharacterized protein,CBO0520,Clostridium botulinum (strain Hall / ATCC 3502 / NCTC 13319 / Type A),1.0,CBO_0623
CBO_0624,GCA-001273255.1-protein1567,GCA_001273255.1,LGIK01000025.1,204304,204711,1567,-1,tr|A5I583|A5I583_CLOBH,Flagellar protein,CBO2649,Clostridium botulinum (strain Hall / ATCC 3502 / NCTC 13319 / Type A),1.0,CBO_0624
CBO_0625,GCA-001273255.1-protein636,GCA_001273255.1,LGIK01000017.1,123959,124714,636,1,tr|A5I0N9|A5I0N9_CLOBH,"Ferric siderophore ABC transporter, ATP-binding protein",CBO1046,Clostridium botulinum (strain Hall / ATCC 3502 / NCTC 13319 / Type A),1.0,CBO_0625
CBO_0626,GCA-001273255.1-protein3053,GCA_001273255.1,LGIK01000051.1,152236,153333,3053,-1,tr|A5I1T1|A5I1T1_CLOBH,Ribosome-binding ATPase YchF,ychF,Clostridium botulinum (strain Hall / ATCC 3502 / NCTC 13319 / Type A),1.0,CBO_0626
CBO_0627,GCA-001273255.1-protein719,GCA_001273255.1,LGIK01000019.1,71387,72115,719,1,tr|A5HZ36|A5HZ36_CLOBH,Cytolysin-associated protein,sagF,Clostridium botulinum (strain Hall / ATCC 3502 / NCTC 13319 / Type A),1.0,CBO_0627
CBO_0628,GCA-001273255.1-protein752,GCA_001273255.1,LGIK01000019.1,111713,112177,752,-1,tr|A5HZ70|A5HZ70_CLOBH,AsnC-family transcriptional regulator,CBO0526,Clostridium botulinum (strain Hall / ATCC 3502 / NCTC 13319 / Type A),1.0,CBO_0628
CBO_0629,GCA-001273255.1-protein3306,GCA_001273255.1,LGIK01000054.1,106274,106813,3306,1,sp|A5HY49|ATPD_CLOBH,ATP synthase subunit delta,atpH,Clostridium botulinum (strain Hall / ATCC 3502 / NCTC 13319 / Type A),1.0,CBO_0629
CBO_0630,GCA-001273255.1-protein1721,GCA_001273255.1,LGIK01000026.1,133143,133472,1721,-1,tr|A5I0Y5|A5I0Y5_CLOBH,Phage-related protein,CBO1144,Clostridium botulinum (strain Hall / ATCC 3502 / NCTC 13319 / Type A),0.99,CBO_0630
CBO_0631,GCA-001273255.1-protein970,GCA_001273255.1,LGIK01000019.1,354668,354901,970,1,tr|A5HZW5|A5HZW5_CLOBH,TIGR04540 family protein,CBO0772,Clostridium botulinum (strain Hall / ATCC 3502 / NCTC 13319 / Type A),0.99,CBO_0631
CBO_0632,GCA-001573665.1-protein2568,GCA_001573665.1,LFPF01000004.1,148977,150068,2568,-1,tr|A5I3A1|A5I3A1_CLOBH,Spore germination protein,gerAB2,Clostridium botulinum (strain Hall / ATCC 3502 / NCTC 13319 / Type A),0.87,CBO_0632
CBO_0633,GCA-001273255.1-protein776,GCA_001273255.1,LGIK01000019.1,140108,142099,776,1,tr|A5HZ97|A5HZ97_CLOBH,Methyl-accepting chemotaxis protein,CBO0552,Clostridium botulinum (strain Hall / ATCC 3502 / NCTC 13319 / Type A),1.0,CBO_0633
CBO_0634,GCA-001273255.1-protein2097,GCA_001273255.1,LGIK01000037.1,38864,40222,2097,1,tr|A5I2R0|A5I2R0_CLOBH,Membrane protein,CBO1788,Clostridium botulinum (strain Hall / ATCC 3502 / NCTC 13319 / Type A),1.0,CBO_0634
CBO_0635,GCA-001273255.1-protein1050,GCA_001273255.1,LGIK01000019.1,444158,444736,1050,-1,tr|A5I057|A5I057_CLOBH,Cytokinin riboside 5'-monophosphate phosphoribohydrolase,CBO0865,Clostridium botulinum (strain Hall / ATCC 3502 / NCTC 13319 / Type A),1.0,CBO_0635
CBO_0636,GCA-001273255.1-protein574,GCA_001273255.1,LGIK01000017.1,57198,58052,574,1,tr|A5I0H7|A5I0H7_CLOBH,Acetyltransferase,CBO0986,Clostridium botulinum (strain Hall / ATCC 3502 / NCTC 13319 / Type A),1.0,CBO_0636
CBO_0637,GCA-001273255.1-protein337,GCA_001273255.1,LGIK01000012.1,365802,366242,337,1,tr|A5I363|A5I363_CLOBH,Molybdenum cofactor sulfurase,CBO1938,Clostridium botulinum (strain Hall / ATCC 3502 / NCTC 13319 / Type A),1.0,CBO_0637
CBO_0638,GCA-001273255.1-protein1621,GCA_001273255.1,LGIK01000026.1,23909,24850,1621,1,tr|A5I194|A5I194_CLOBH,Thioredoxin reductase,trxB1,Clostridium botulinum (strain Hall / ATCC 3502 / NCTC 13319 / Type A),1.0,CBO_0638
CBO_0639,GCA-001273255.1-protein1190,GCA_001273255.1,LGIK01000021.1,77094,77450,1190,1,tr|A5I4H4|A5I4H4_CLOBH,Transport protein,CBO2400,Clostridium botulinum (strain Hall / ATCC 3502 / NCTC 13319 / Type A),1.0,CBO_0639
CBO_0640,GCA-001273255.1-protein81,GCA_001273255.1,LGIK01000012.1,74050,74808,81,1,tr|A5I3Y1|A5I3Y1_CLOBH,DeoR family regulatory proteins,CBO2210,Clostridium botulinum (strain Hall / ATCC 3502 / NCTC 13319 / Type A),1.0,CBO_0640
CBO_0641,GCA-001273255.1-protein240,GCA_001273255.1,LGIK01000012.1,248588,249823,240,1,tr|A5I3G5|A5I3G5_CLOBH,WD40 repeat domain-containing protein,CBO2041,Clostridium botulinum (strain Hall / ATCC 3502 / NCTC 13319 / Type A),1.0,CBO_0641
CBO_0642,GCA-001273255.1-protein3578,GCA_001273255.1,LGIK01000009.1,7875,8681,3578,-1,tr|A5I0V1|A5I0V1_CLOBH,"Polyamine transport system, permease protein",CBO1109,Clostridium botulinum (strain Hall / ATCC 3502 / NCTC 13319 / Type A),1.0,CBO_0642
CBO_0643,GCA-001273255.1-protein2905,GCA_001273255.1,LGIK01000050.1,66825,67304,2905,1,tr|A5I4R3|A5I4R3_CLOBH,Membrane protein,CBO2486,Clostridium botulinum (strain Hall / ATCC 3502 / NCTC 13319 / Type A),1.0,CBO_0643
CBO_0644,GCA-001273255.1-protein2932,GCA_001273255.1,LGIK01000051.1,19730,20143,2932,1,tr|A5I1G5|A5I1G5_CLOBH,Transcriptional regulator,CBO1330,Clostridium botulinum (strain Hall / ATCC 3502 / NCTC 13319 / Type A),1.0,CBO_0644
CBO_0645,GCA-001273255.1-protein3135,GCA_001273255.1,LGIK01000051.1,240221,241090,3135,1,tr|A5I215|A5I215_CLOBH,Cation efflux protein,CBO1538,Clostridium botulinum (strain Hall / ATCC 3502 / NCTC 13319 / Type A),1.0,CBO_0645
CBO_0646,GCA-001273255.1-protein1420,GCA_001273255.1,LGIK01000025.1,53629,54855,1420,-1,tr|A5I4Y6|A5I4Y6_CLOBH,Protease,CBO2555,Clostridium botulinum (strain Hall / ATCC 3502 / NCTC 13319 / Type A),0.99,CBO_0646
CBO_0647,GCA-001273255.1-protein2460,GCA_001273255.1,LGIK01000047.1,35889,36452,2460,1,tr|A5I5K4|A5I5K4_CLOBH,Glycerol uptake operon antiterminator regulatory protein,glpP,Clostridium botulinum (strain Hall / ATCC 3502 / NCTC 13319 / Type A),1.0,CBO_0647
CBO_0648,GCA-001273255.1-protein1421,GCA_001273255.1,LGIK01000025.1,54848,55504,1421,-1,tr|A5I4Y7|A5I4Y7_CLOBH,tRNA 5-hydroxyuridine methyltransferase,trmR,Clostridium botulinum (strain Hall / ATCC 3502 / NCTC 13319 / Type A),1.0,CBO_0648
CBO_0649,GCA-001273255.1-protein2150,GCA_001273255.1,LGIK01000043.1,44161,44529,2150,1,sp|A5I7J6|RL14_CLOBH,Large ribosomal subunit protein uL14,rplN,Clostridium botulinum (strain Hall / ATCC 3502 / NCTC 13319 / Type A),1.0,CBO_0649
CBO_0650,GCA-001273255.1-protein2746,GCA_001273255.1,LGIK01000005.1,58976,60289,2746,1,sp|A5I5Z5|THIC_CLOBH,Phosphomethylpyrimidine synthase,thiC,Clostridium botulinum (strain Hall / ATCC 3502 / NCTC 13319 / Type A),1.0,CBO_0650
CBO_0651,GCA-001273255.1-protein2725,GCA_001273255.1,LGIK01000005.1,37303,37992,2725,1,tr|A5I616|A5I616_CLOBH,SAM-dependent methyltransferase,CBO2936,Clostridium botulinum (strain Hall / ATCC 3502 / NCTC 13319 / Type A),1.0,CBO_0651
CBO_0652,GCA-001273255.1-protein478,GCA_001273255.1,LGIK01000015.1,19512,20804,478,1,sp|A5I6W2|TIG_CLOBH,Trigger factor,tig,Clostridium botulinum (strain Hall / ATCC 3502 / NCTC 13319 / Type A),1.0,CBO_0652
CBO_0653,GCA-001273255.1-protein3612,GCA_001273255.1,LGIK01000009.1,43513,44643,3612,-1,tr|A5I0R6|A5I0R6_CLOBH,Aminotransferase,arcT,Clostridium botulinum (strain Hall / ATCC 3502 / NCTC 13319 / Type A),0.98,CBO_0653
CBO_0654,GCA-001273255.1-protein429,GCA_001273255.1,LGIK01000012.1,460277,462010,429,1,tr|A5I2X0|A5I2X0_CLOBH,Catalytic subunit of iron-only hydrogenase,hymC,Clostridium botulinum (strain Hall / ATCC 3502 / NCTC 13319 / Type A),1.0,CBO_0654
CBO_0655,GCA-001273255.1-protein3231,GCA_001273255.1,LGIK01000054.1,24361,26298,3231,1,tr|A5HXX2|A5HXX2_CLOBH,Methionine--tRNA ligase,metG,Clostridium botulinum (strain Hall / ATCC 3502 / NCTC 13319 / Type A),1.0,CBO_0655
CBO_0656,GCA-001273255.1-protein2747,GCA_001273255.1,LGIK01000005.1,60308,60598,2747,1,tr|A5I5Z4|A5I5Z4_CLOBH,Thiamine-binding protein domain-containing protein,CBO2910,Clostridium botulinum (strain Hall / ATCC 3502 / NCTC 13319 / Type A),0.99,CBO_0656
CBO_0657,GCA-001273255.1-protein3544,GCA_001273255.1,LGIK01000007.1,9583,10164,3544,-1,tr|A5HYT4|A5HYT4_CLOBH,Forespore-specific lipoprotein,CBO0390,Clostridium botulinum (strain Hall / ATCC 3502 / NCTC 13319 / Type A),1.0,CBO_0657
CBO_0658,GCA-001273255.1-protein1177,GCA_001273255.1,LGIK01000021.1,60534,62642,1177,1,sp|A5I4I7|PNP_CLOBH,Polyribonucleotide nucleotidyltransferase,pnp,Clostridium botulinum (strain Hall / ATCC 3502 / NCTC 13319 / Type A),1.0,CBO_0658
CBO_0659,GCA-001273255.1-protein121,GCA_001273255.1,LGIK01000012.1,118386,120383,121,1,tr|A5I3T7|A5I3T7_CLOBH,Cinnamate reductase,fldZ,Clostridium botulinum (strain Hall / ATCC 3502 / NCTC 13319 / Type A),1.0,CBO_0659
CBO_0660,GCA-001273255.1-protein181,GCA_001273255.1,LGIK01000012.1,183107,183757,181,1,tr|A5I3M8|A5I3M8_CLOBH,Phosphate propanoyltransferase,CBO2107,Clostridium botulinum (strain Hall / ATCC 3502 / NCTC 13319 / Type A),1.0,CBO_0660
CBO_0661,GCA-001273255.1-protein1521,GCA_001273255.1,LGIK01000025.1,158680,159234,1521,-1,tr|A5I538|A5I538_CLOBH,5-formyltetrahydrofolate cyclo-ligase,CBO2607,Clostridium botulinum (strain Hall / ATCC 3502 / NCTC 13319 / Type A),1.0,CBO_0661
CBO_0662,GCA-001573175.1-protein3097,GCA_001573175.1,LFOK01000007.1,34305,34976,3097,1,tr|A5I0C9|A5I0C9_CLOBH,"Precorrin-6y C5,15-methyltransferase [decarboxylating]",cbiE,Clostridium botulinum (strain Hall / ATCC 3502 / NCTC 13319 / Type A),0.84,CBO_0662
CBO_0663,GCA-001273255.1-protein2706,GCA_001273255.1,LGIK01000005.1,18106,18450,2706,1,tr|A5I635|A5I635_CLOBH,Nucleotide-binding protein,CBO2954,Clostridium botulinum (strain Hall / ATCC 3502 / NCTC 13319 / Type A),1.0,CBO_0663
CBO_0664,GCA-001273255.1-protein277,GCA_001273255.1,LGIK01000012.1,292490,294139,277,1,tr|A5I3C5|A5I3C5_CLOBH,Methyl-accepting chemotaxis protein,CBO2000,Clostridium botulinum (strain Hall / ATCC 3502 / NCTC 13319 / Type A),1.0,CBO_0664
CBO_0665,GCA-001273255.1-protein1837,GCA_001273255.1,LGIK01000029.1,25222,25575,1837,-1,tr|A5HXR0|A5HXR0_CLOBH,DUF1667 domain-containing protein,CBO0014,Clostridium botulinum (strain Hall / ATCC 3502 / NCTC 13319 / Type A),1.0,CBO_0665
CBO_0666,GCA-001273255.1-protein1886,GCA_001273255.1,LGIK01000030.1,40589,41818,1886,-1,tr|A5I7Y6|A5I7Y6_CLOBH,NAD(P)/FAD-dependent oxidoreductase,CBO3613,Clostridium botulinum (strain Hall / ATCC 3502 / NCTC 13319 / Type A),1.0,CBO_0666
CBO_0667,GCA-001273255.1-protein331,GCA_001273255.1,LGIK01000012.1,359858,360550,331,1,tr|A5I369|A5I369_CLOBH,ATPase component of tungstate ABC transporter,tupC,Clostridium botulinum (strain Hall / ATCC 3502 / NCTC 13319 / Type A),1.0,CBO_0667
CBO_0668,GCA-001273255.1-protein1716,GCA_001273255.1,LGIK01000026.1,125848,127536,1716,-1,tr|A5I0Z5|A5I0Z5_CLOBH,"Iron ABC transporter, permease protein",CBO1154,Clostridium botulinum (strain Hall / ATCC 3502 / NCTC 13319 / Type A),1.0,CBO_0668
CBO_0669,GCA-001273255.1-protein19,GCA_001273255.1,LGIK01000012.1,12842,13045,19,1,tr|A5I441|A5I441_CLOBH,Uncharacterized protein,CBO2272,Clostridium botulinum (strain Hall / ATCC 3502 / NCTC 13319 / Type A),1.0,CBO_0669
CBO_0670,GCA-001273255.1-protein3354,GCA_001273255.1,LGIK01000054.1,161746,162441,3354,1,tr|A5HY97|A5HY97_CLOBH,Spore cortex-lytic enzyme,sleB,Clostridium botulinum (strain Hall / ATCC 3502 / NCTC 13319 / Type A),1.0,CBO_0670
CBO_0671,GCA-001273255.1-protein2022,GCA_001273255.1,LGIK01000035.1,11682,12323,2022,-1,tr|A5I5P3|A5I5P3_CLOBH,Iron-sulfur-binding protein,CBO2807,Clostridium botulinum (strain Hall / ATCC 3502 / NCTC 13319 / Type A),1.0,CBO_0671
CBO_0672,GCA-001273255.1-protein490,GCA_001273255.1,LGIK01000015.1,33517,33945,490,-1,tr|A5I6U9|A5I6U9_CLOBH,Oxidative stress regulatory protein,CBO3220,Clostridium botulinum (strain Hall / ATCC 3502 / NCTC 13319 / Type A),0.99,CBO_0672
CBO_0673,GCA-001273255.1-protein1552,GCA_001273255.1,LGIK01000025.1,187643,190189,1552,-1,tr|A5I568|A5I568_CLOBH,P-type Ca(2+) transporter,CBO2634,Clostridium botulinum (strain Hall / ATCC 3502 / NCTC 13319 / Type A),1.0,CBO_0673
CBO_0674,GCA-001273255.1-protein1458,GCA_001273255.1,LGIK01000025.1,99875,100876,1458,-1,sp|A5I524|OTC_CLOBH,Ornithine carbamoyltransferase,arcB,Clostridium botulinum (strain Hall / ATCC 3502 / NCTC 13319 / Type A),1.0,CBO_0674
CBO_0675,GCA-001573385.1-protein2938,GCA_001573385.1,LFOT01000005.1,330003,330767,2938,1,tr|A5I455|A5I455_CLOBH,Exonuclease,CBO2286,Clostridium botulinum (strain Hall / ATCC 3502 / NCTC 13319 / Type A),0.95,CBO_0675
CBO_0676,GCA-001273255.1-protein2669,GCA_001273255.1,LGIK01000049.1,113595,114569,2669,1,tr|A5I6H2|A5I6H2_CLOBH,Probable polysaccharide deacetylase,pdaA,Clostridium botulinum (strain Hall / ATCC 3502 / NCTC 13319 / Type A),1.0,CBO_0676
CBO_0677,GCA-001273255.1-protein2293,GCA_001273255.1,LGIK01000043.1,201176,201739,2293,1,tr|A5I751|A5I751_CLOBH,Membrane protein,CBO3326,Clostridium botulinum (strain Hall / ATCC 3502 / NCTC 13319 / Type A),0.96,CBO_0677
CBO_0678,GCA-001273255.1-protein2328,GCA_001273255.1,LGIK01000043.1,247923,248717,2328,1,tr|A5I716|A5I716_CLOBH,R-phenyllactate dehydratase activator,fldI,Clostridium botulinum (strain Hall / ATCC 3502 / NCTC 13319 / Type A),1.0,CBO_0678
CBO_0679,GCA-001273255.1-protein468,GCA_001273255.1,LGIK01000015.1,10546,11304,468,1,tr|A5I6X2|A5I6X2_CLOBH,Activator of 2-hydroxyacyl-CoA dehydratase,CBO3242,Clostridium botulinum (strain Hall / ATCC 3502 / NCTC 13319 / Type A),1.0,CBO_0679
CBO_0680,GCA-001273255.1-protein415,GCA_001273255.1,LGIK01000012.1,445842,446900,415,1,tr|A5I2Y4|A5I2Y4_CLOBH,Endonuclease/exonuclease/phosphatase family protein,CBO1861,Clostridium botulinum (strain Hall / ATCC 3502 / NCTC 13319 / Type A),1.0,CBO_0680
CBO_0681,GCA-001273255.1-protein2795,GCA_001273255.1,LGIK01000005.1,124232,125710,2795,1,tr|A5I5U4|A5I5U4_CLOBH,"Drug resistance ABC transporter,ATP-binding protein",CBO2858,Clostridium botulinum (strain Hall / ATCC 3502 / NCTC 13319 / Type A),1.0,CBO_0681
CBO_0682,GCA-001273255.1-protein2472,GCA_001273255.1,LGIK01000047.1,54365,55006,2472,1,tr|A5I5J1|A5I5J1_CLOBH,Haloacid dehalogenase-like hydrolase,CBO2757,Clostridium botulinum (strain Hall / ATCC 3502 / NCTC 13319 / Type A),1.0,CBO_0682
CBO_0683,GCA-001273255.1-protein2867,GCA_001273255.1,LGIK01000050.1,25491,26375,2867,1,tr|A5I4V4|A5I4V4_CLOBH,Phosphate transport system permease protein PstA,CBO2523,Clostridium botulinum (strain Hall / ATCC 3502 / NCTC 13319 / Type A),1.0,CBO_0683
CBO_0684,GCA-001273255.1-protein2397,GCA_001273255.1,LGIK01000044.1,46957,47667,2397,1,sp|A5I6N5|DAPH_CLOBH,"2,3,4,5-tetrahydropyridine-2,6-dicarboxylate N-acetyltransferase",dapH,Clostridium botulinum (strain Hall / ATCC 3502 / NCTC 13319 / Type A),1.0,CBO_0684
CBO_0685,GCA-001273255.1-protein3574,GCA_001273255.1,LGIK01000009.1,4583,4918,3574,-1,tr|A5I0V5|A5I0V5_CLOBH,Thioredoxin,CBO1113,Clostridium botulinum (strain Hall / ATCC 3502 / NCTC 13319 / Type A),1.0,CBO_0685
CBO_0686,GCA-001273255.1-protein1700,GCA_001273255.1,LGIK01000026.1,107681,108313,1700,-1,tr|A5I111|A5I111_CLOBH,Methenyltetrahydrofolate cyclohydrolase,fchA,Clostridium botulinum (strain Hall / ATCC 3502 / NCTC 13319 / Type A),1.0,CBO_0686
CBO_0687,GCA-001273255.1-protein3441,GCA_001273255.1,LGIK01000054.1,259928,260401,3441,1,tr|A5HYI3|A5HYI3_CLOBH,"PTS system, IIa component",CBO0290,Clostridium botulinum (strain Hall / ATCC 3502 / NCTC 13319 / Type A),1.0,CBO_0687
CBO_0688,GCA-001273255.1-protein481,GCA_001273255.1,LGIK01000015.1,22951,24630,481,1,tr|A5I6V9|A5I6V9_CLOBH,endopeptidase La,lonB,Clostridium botulinum (strain Hall / ATCC 3502 / NCTC 13319 / Type A),1.0,CBO_0688
CBO_0689,GCA-001273255.1-protein3133,GCA_001273255.1,LGIK01000051.1,238370,239482,3133,1,tr|A5I213|A5I213_CLOBH,Transcriptional regulator,CBO1536,Clostridium botulinum (strain Hall / ATCC 3502 / NCTC 13319 / Type A),1.0,CBO_0689
CBO_0690,GCA-001273255.1-protein1702,GCA_001273255.1,LGIK01000026.1,110019,110942,1702,-1,tr|A5I109|A5I109_CLOBH,Pseudouridine-5'-phosphate glycosidase,psuG,Clostridium botulinum (strain Hall / ATCC 3502 / NCTC 13319 / Type A),1.0,CBO_0690
CBO_0691,GCA-001273255.1-protein2005,GCA_001273255.1,LGIK01000034.1,15708,16718,2005,-1,tr|A5HYP3|A5HYP3_CLOBH,Carbohydrate-binding protein,CBO0349,Clostridium botulinum (strain Hall / ATCC 3502 / NCTC 13319 / Type A),1.0,CBO_0691
CBO_0692,GCA-001273255.1-protein3174,GCA_001273255.1,LGIK01000051.1,277168,278868,3174,1,tr|A5I254|A5I254_CLOBH,Oxidoreductase,CBO1580,Clostridium botulinum (strain Hall / ATCC 3502 / NCTC 13319 / Type A),1.0,CBO_0692
CBO_0693,GCA-001273255.1-protein760,GCA_001273255.1,LGIK01000019.1,122407,122943,760,-1,tr|A5HZ78|A5HZ78_CLOBH,Probable chromate transport protein,CBO0534,Clostridium botulinum (strain Hall / ATCC 3502 / NCTC 13319 / Type A),1.0,CBO_0693
CBO_0694,GCA-001273255.1-protein731,GCA_001273255.1,LGIK01000019.1,83382,84335,731,1,tr|A5HZ48|A5HZ48_CLOBH,Stage 0 sporulation protein A homolog,CBO0503,Clostridium botulinum (strain Hall / ATCC 3502 / NCTC 13319 / Type A),1.0,CBO_0694
CBO_0695,GCA-001273255.1-protein803,GCA_001273255.1,LGIK01000019.1,168231,169583,803,1,tr|A5HZC4|A5HZC4_CLOBH,Arylsulfatase regulatory protein,CBO0580,Clostridium botulinum (strain Hall / ATCC 3502 / NCTC 13319 / Type A),1.0,CBO_0695
CBO_0696,GCA-001273255.1-protein2558,GCA_001273255.1,LGIK01000049.1,14180,14560,2558,-1,tr|A5I661|A5I661_CLOBH,Endoribonuclease,CBO2981,Clostridium botulinum (strain Hall / ATCC 3502 / NCTC 13319 / Type A),1.0,CBO_0696
CBO_0697,GCA-001273255.1-protein2899,GCA_001273255.1,LGIK01000050.1,59334,59858,2899,1,tr|A5I4S0|A5I4S0_CLOBH,ATPase,CBO2493,Clostridium botulinum (strain Hall / ATCC 3502 / NCTC 13319 / Type A),1.0,CBO_0697
CBO_0698,GCA-001273255.1-protein2735,GCA_001273255.1,LGIK01000005.1,49280,49723,2735,-1,tr|A5I606|A5I606_CLOBH,Cell wall hydrolase,cwlJ,Clostridium botulinum (strain Hall / ATCC 3502 / NCTC 13319 / Type A),0.99,CBO_0698
CBO_0699,GCA-001273255.1-protein662,GCA_001273255.1,LGIK01000019.1,8581,8925,662,1,tr|A5HYX7|A5HYX7_CLOBH,Hydrogenase maturation factor HypA,hypA,Clostridium botulinum (strain Hall / ATCC 3502 / NCTC 13319 / Type A),0.99,CBO_0699
CBO_0700,GCA-001273255.1-protein1233,GCA_001273255.1,LGIK01000021.1,116579,117172,1233,1,tr|A5I444|A5I444_CLOBH,Lipoprotein,CBO2275,Clostridium botulinum (strain Hall / ATCC 3502 / NCTC 13319 / Type A),0.99,CBO_0700
CBO_0701,GCA-001273255.1-protein624,GCA_001273255.1,LGIK01000017.1,110869,111555,624,1,tr|A5I0M7|A5I0M7_CLOBH,Stage 0 sporulation protein A homolog,CBO1035,Clostridium botulinum (strain Hall / ATCC 3502 / NCTC 13319 / Type A),1.0,CBO_0701
CBO_0702,GCA-001273255.1-protein1531,GCA_001273255.1,LGIK01000025.1,166963,167937,1531,-1,tr|A5I548|A5I548_CLOBH,"Fructose-1,6-bisphosphatase",CBO2616,Clostridium botulinum (strain Hall / ATCC 3502 / NCTC 13319 / Type A),1.0,CBO_0702
CBO_0703,GCA-001273255.1-protein80,GCA_001273255.1,LGIK01000012.1,72580,73473,80,1,tr|A5I3Y2|A5I3Y2_CLOBH,Membrane-associated protease,CBO2211,Clostridium botulinum (strain Hall / ATCC 3502 / NCTC 13319 / Type A),1.0,CBO_0703
CBO_0704,GCA-001273255.1-protein234,GCA_001273255.1,LGIK01000012.1,239292,240353,234,1,tr|A5I3H2|A5I3H2_CLOBH,Glycosyl transferase,CBO2051,Clostridium botulinum (strain Hall / ATCC 3502 / NCTC 13319 / Type A),0.98,CBO_0704
CBO_0705,GCA-001273255.1-protein2774,GCA_001273255.1,LGIK01000005.1,94607,95824,2774,1,tr|A5I5W6|A5I5W6_CLOBH,Peptidase,CBO2882,Clostridium botulinum (strain Hall / ATCC 3502 / NCTC 13319 / Type A),1.0,CBO_0705
CBO_0706,GCA-001273255.1-protein2587,GCA_001273255.1,LGIK01000049.1,40325,40870,2587,-1,tr|A5I691|A5I691_CLOBH,Transglycosylase,CBO3012,Clostridium botulinum (strain Hall / ATCC 3502 / NCTC 13319 / Type A),1.0,CBO_0706
CBO_0707,GCA-001573255.1-protein3488,GCA_001573255.1,LFON01000006.1,98457,99287,3488,-1,tr|A5I3Q2|A5I3Q2_CLOBH,DUF1963 domain-containing protein,CBO2130,Clostridium botulinum (strain Hall / ATCC 3502 / NCTC 13319 / Type A),0.91,CBO_0707
CBO_0708,GCA-001273255.1-protein3261,GCA_001273255.1,LGIK01000054.1,62024,63298,3261,1,tr|A5HY04|A5HY04_CLOBH,Solute-binding protein,CBO0107,Clostridium botulinum (strain Hall / ATCC 3502 / NCTC 13319 / Type A),1.0,CBO_0708
CBO_0709,GCA-001273255.1-protein3140,GCA_001273255.1,LGIK01000051.1,245848,248484,3140,-1,tr|A5I221|A5I221_CLOBH,P-type Ca(2+) transporter,CBO1545,Clostridium botulinum (strain Hall / ATCC 3502 / NCTC 13319 / Type A),0.99,CBO_0709
CBO_0710,GCA-001273255.1-protein470,GCA_001273255.1,LGIK01000015.1,12484,12924,470,1,sp|A5I6X0|PYRI_CLOBH,Aspartate carbamoyltransferase regulatory chain,pyrI,Clostridium botulinum (strain Hall / ATCC 3502 / NCTC 13319 / Type A),1.0,CBO_0710
CBO_0711,GCA-001273255.1-protein269,GCA_001273255.1,LGIK01000012.1,282778,284553,269,1,tr|A5I3D4|A5I3D4_CLOBH,Signal-transduction and transcriptional-control protein,CBO2009,Clostridium botulinum (strain Hall / ATCC 3502 / NCTC 13319 / Type A),1.0,CBO_0711
CBO_0712,GCA-001273255.1-protein2983,GCA_001273255.1,LGIK01000051.1,76701,77192,2983,-1,tr|A5I1L7|A5I1L7_CLOBH,Uncharacterized protein,CBO1386,Clostridium botulinum (strain Hall / ATCC 3502 / NCTC 13319 / Type A),1.0,CBO_0712
CBO_0713,GCA-001273255.1-protein2133,GCA_001273255.1,LGIK01000043.1,30185,33721,2133,1,sp|A5I7L3|RPOC_CLOBH,DNA-directed RNA polymerase subunit beta',rpoC,Clostridium botulinum (strain Hall / ATCC 3502 / NCTC 13319 / Type A),1.0,CBO_0713
CBO_0714,GCA-001273255.1-protein3476,GCA_001273255.1,LGIK01000054.1,301003,302511,3476,1,tr|A5HYM2|A5HYM2_CLOBH,UPF0371 protein CBO0329,CBO0329,Clostridium botulinum (strain Hall / ATCC 3502 / NCTC 13319 / Type A),0.99,CBO_0714
CBO_0715,GCA-001273255.1-protein1147,GCA_001273255.1,LGIK01000021.1,28231,29109,1147,1,tr|A5I4M0|A5I4M0_CLOBH,Ribosome biogenesis GTPase A,CBO2442,Clostridium botulinum (strain Hall / ATCC 3502 / NCTC 13319 / Type A),1.0,CBO_0715
CBO_0716,GCA-001273255.1-protein2858,GCA_001273255.1,LGIK01000050.1,17092,17799,2858,1,tr|A5I4W4|A5I4W4_CLOBH,RNA polymerase sigma factor,sigE,Clostridium botulinum (strain Hall / ATCC 3502 / NCTC 13319 / Type A),1.0,CBO_0716
CBO_0717,GCA-001273255.1-protein2316,GCA_001273255.1,LGIK01000043.1,231799,232716,2316,1,tr|A5I728|A5I728_CLOBH,DNA-(apurinic or apyrimidinic site) lyase,CBO3303,Clostridium botulinum (strain Hall / ATCC 3502 / NCTC 13319 / Type A),1.0,CBO_0717
CBO_0718,GCA-001273255.1-protein3204,GCA_001273255.1,LGIK01000054.1,719,1462,3204,1,tr|A5HXU4|A5HXU4_CLOBH,NAD-dependent protein deacetylase,cobB,Clostridium botulinum (strain Hall / ATCC 3502 / NCTC 13319 / Type A),1.0,CBO_0718
CBO_0719,GCA-001273255.1-protein2678,GCA_001273255.1,LGIK01000049.1,124783,125841,2678,-1,tr|A5I6I1|A5I6I1_CLOBH,UDP-N-acetylglucosamine 2-epimerase,CBO3100,Clostridium botulinum (strain Hall / ATCC 3502 / NCTC 13319 / Type A),1.0,CBO_0719
CBO_0720,GCA-001273255.1-protein1438,GCA_001273255.1,LGIK01000025.1,73667,74533,1438,-1,tr|A5I504|A5I504_CLOBH,DegV family protein,CBO2573,Clostridium botulinum (strain Hall / ATCC 3502 / NCTC 13319 / Type A),0.99,CBO_0720
CBO_0721,GCA-001273255.1-protein1863,GCA_001273255.1,LGIK01000030.1,19507,19752,1863,1,tr|A5I809|A5I809_CLOBH,Response regulator,CBO3636,Clostridium botulinum (strain Hall / ATCC 3502 / NCTC 13319 / Type A),1.0,CBO_0721
CBO_0722,GCA-001273255.1-protein2458,GCA_001273255.1,LGIK01000047.1,30941,32896,2458,1,tr|A5I5K6|A5I5K6_CLOBH,DNA topoisomerase (ATP-hydrolyzing),gyrB,Clostridium botulinum (strain Hall / ATCC 3502 / NCTC 13319 / Type A),1.0,CBO_0722
CBO_0723,GCA-001273255.1-protein749,GCA_001273255.1,LGIK01000019.1,107281,108120,749,1,tr|A5HZ66|A5HZ66_CLOBH,Metallo-beta-lactamase family protein,CBO0522,Clostridium botulinum (strain Hall / ATCC 3502 / NCTC 13319 / Type A),1.0,CBO_0723
CBO_0724,GCA-001273255.1-protein2464,GCA_001273255.1,LGIK01000047.1,40476,41879,2464,1,tr|A5I5K0|A5I5K0_CLOBH,Thioredoxin domain-containing protein,CBO2765,Clostridium botulinum (strain Hall / ATCC 3502 / NCTC 13319 / Type A),1.0,CBO_0724
CBO_0725,GCA-001273255.1-protein122,GCA_001273255.1,LGIK01000012.1,121120,121641,122,-1,tr|A5I3T6|A5I3T6_CLOBH,Exported protein,CBO2165,Clostridium botulinum (strain Hall / ATCC 3502 / NCTC 13319 / Type A),1.0,CBO_0725
CBO_0726,GCA-001276985.1-protein1785,GCA_001276985.1,LHUL01000003.1,261390,262337,1785,-1,tr|A5I3P9|A5I3P9_CLOBH,MarR-family transcriptional regulator,CBO2128,Clostridium botulinum (strain Hall / ATCC 3502 / NCTC 13319 / Type A),1.0,CBO_0726
CBO_0727,GCA-001273255.1-protein1108,GCA_001273255.1,LGIK01000020.1,327,545,1108,1,tr|A5I6T2|A5I6T2_CLOBH,Integrase,CBO3203,Clostridium botulinum (strain Hall / ATCC 3502 / NCTC 13319 / Type A),1.0,CBO_0727
CBO_0728,GCA-001273255.1-protein2964,GCA_001273255.1,LGIK01000051.1,55975,56466,2964,-1,tr|A5I1J8|A5I1J8_CLOBH,Membrane protein,CBO1364,Clostridium botulinum (strain Hall / ATCC 3502 / NCTC 13319 / Type A),1.0,CBO_0728
CBO_0729,GCA-001273255.1-protein3428,GCA_001273255.1,LGIK01000054.1,246469,248040,3428,1,tr|A5HYH0|A5HYH0_CLOBH,"PTS system, IIbc component",CBO0277,Clostridium botulinum (strain Hall / ATCC 3502 / NCTC 13319 / Type A),1.0,CBO_0729
CBO_0730,GCA-001273255.1-protein1953,GCA_001273255.1,LGIK01000030.1,105890,106849,1953,1,tr|A5I7R9|A5I7R9_CLOBH,Ribose-phosphate pyrophosphokinase,prsA,Clostridium botulinum (strain Hall / ATCC 3502 / NCTC 13319 / Type A),1.0,CBO_0730
CBO_0731,GCA-054771215.1-protein3678,GCA_054771215.1,NKTA01000009.1,76325,77224,3678,-1,tr|A5I151|A5I151_CLOBH,L-serine dehydratase,sdhA,Clostridium botulinum (strain Hall / ATCC 3502 / NCTC 13319 / Type A),0.96,CBO_0731
CBO_0732,GCA-001273255.1-protein2739,GCA_001273255.1,LGIK01000005.1,52856,53368,2739,-1,tr|A5I602|A5I602_CLOBH,Tryptophan transport protein,trpP,Clostridium botulinum (strain Hall / ATCC 3502 / NCTC 13319 / Type A),1.0,CBO_0732
CBO_0733,GCA-001273255.1-protein2033,GCA_001273255.1,LGIK01000036.1,664,960,2033,1,tr|A5I1C1|A5I1C1_CLOBH,Membrane protein,CBO1284,Clostridium botulinum (strain Hall / ATCC 3502 / NCTC 13319 / Type A),1.0,CBO_0733
CBO_0734,GCA-001573385.1-protein2036,GCA_001573385.1,LFOT01000003.1,246842,247702,2036,1,tr|A5I286|A5I286_CLOBH,Hydrolase,CBO1615,Clostridium botulinum (strain Hall / ATCC 3502 / NCTC 13319 / Type A),0.95,CBO_0734
CBO_0735,GCA-001273255.1-protein2035,GCA_001273255.1,LGIK01000036.1,3328,4212,2035,1,tr|A5I1C3|A5I1C3_CLOBH,"Xanthine dehydrogenase, FAD-binding subunit",xdhB2,Clostridium botulinum (strain Hall / ATCC 3502 / NCTC 13319 / Type A),1.0,CBO_0735
CBO_0736,GCA-001273255.1-protein2406,GCA_001273255.1,LGIK01000044.1,56398,56904,2406,-1,tr|A5I6P4|A5I6P4_CLOBH,Acetyltransferase,CBO3165,Clostridium botulinum (strain Hall / ATCC 3502 / NCTC 13319 / Type A),0.99,CBO_0736
CBO_0737,GCA-001273255.1-protein2443,GCA_001273255.1,LGIK01000047.1,13823,14527,2443,1,tr|A5I5M1|A5I5M1_CLOBH,Glycerol uptake facilitator protein,glpF,Clostridium botulinum (strain Hall / ATCC 3502 / NCTC 13319 / Type A),1.0,CBO_0737
CBO_0738,GCA-001273255.1-protein3487,GCA_001273255.1,LGIK01000055.1,6576,7574,3487,1,tr|A5HYW3|A5HYW3_CLOBH,Isocitrate dehydrogenase,CBO0419,Clostridium botulinum (strain Hall / ATCC 3502 / NCTC 13319 / Type A),0.98,CBO_0738
CBO_0739,GCA-001273255.1-protein3472,GCA_001273255.1,LGIK01000054.1,297586,297942,3472,1,tr|A5HYL7|A5HYL7_CLOBH,Membrane protein,CBO0324,Clostridium botulinum (strain Hall / ATCC 3502 / NCTC 13319 / Type A),0.99,CBO_0739
CBO_0740,GCA-001273255.1-protein3082,GCA_001273255.1,LGIK01000051.1,182003,182548,3082,1,tr|A5I1W0|A5I1W0_CLOBH,Carbonic anhydrase,CBO1482,Clostridium botulinum (strain Hall / ATCC 3502 / NCTC 13319 / Type A),1.0,CBO_0740
CBO_0741,GCA-001573255.1-protein1586,GCA_001573255.1,LFON01000021.1,63199,63561,1586,-1,tr|A5I217|A5I217_CLOBH,Iron-dependent transcriptional regulator,CBO1541,Clostridium botulinum (strain Hall / ATCC 3502 / NCTC 13319 / Type A),0.94,CBO_0741
CBO_0742,GCA-001273255.1-protein1755,GCA_001273255.1,LGIK01000028.1,42617,45850,1755,-1,tr|A5I2D8|A5I2D8_CLOBH,Helicase,CBO1670,Clostridium botulinum (strain Hall / ATCC 3502 / NCTC 13319 / Type A),1.0,CBO_0742
CBO_0743,GCA-002103985.1-protein1027,GCA_002103985.1,MWJF01000024.1,148103,148759,1027,1,tr|A5I555|A5I555_CLOBH,V-type ATP synthase subunit D,ntpD,Clostridium botulinum (strain Hall / ATCC 3502 / NCTC 13319 / Type A),0.98,CBO_0743
CBO_0744,GCA-001273255.1-protein2644,GCA_001273255.1,LGIK01000049.1,90746,91081,2644,-1,tr|A5I6E8|A5I6E8_CLOBH,Preprotein translocase subunit YajC,CBO3067,Clostridium botulinum (strain Hall / ATCC 3502 / NCTC 13319 / Type A),1.0,CBO_0744
CBO_0745,GCA-001273255.1-protein1172,GCA_001273255.1,LGIK01000021.1,56757,57119,1172,1,sp|A5I4J2|RBFA_CLOBH,Ribosome-binding factor A,rbfA,Clostridium botulinum (strain Hall / ATCC 3502 / NCTC 13319 / Type A),1.0,CBO_0745
CBO_0746,GCA-001273255.1-protein900,GCA_001273255.1,LGIK01000019.1,279480,281492,900,1,tr|A5HZN6|A5HZN6_CLOBH,histidine kinase,CBO0693,Clostridium botulinum (strain Hall / ATCC 3502 / NCTC 13319 / Type A),0.99,CBO_0746
CBO_0747,GCA-001273255.1-protein3070,GCA_001273255.1,LGIK01000051.1,168807,169466,3070,1,tr|A5I1U8|A5I1U8_CLOBH,Cell-division initiation protein (Minicell-associated protein),divIVA,Clostridium botulinum (strain Hall / ATCC 3502 / NCTC 13319 / Type A),1.0,CBO_0747
CBO_0748,GCA-001273255.1-protein2623,GCA_001273255.1,LGIK01000049.1,71348,72835,2623,1,tr|A5I6C7|A5I6C7_CLOBH,Alginate O-acetylation protein,CBO3046,Clostridium botulinum (strain Hall / ATCC 3502 / NCTC 13319 / Type A),1.0,CBO_0748
CBO_0749,GCA-001273255.1-protein387,GCA_001273255.1,LGIK01000012.1,415514,416038,387,1,tr|A5I312|A5I312_CLOBH,Exported protein,CBO1888,Clostridium botulinum (strain Hall / ATCC 3502 / NCTC 13319 / Type A),1.0,CBO_0749
CBO_0750,GCA-001273255.1-protein3073,GCA_001273255.1,LGIK01000051.1,171776,172576,3073,1,tr|A5I1V1|A5I1V1_CLOBH,2-dehydro-3-deoxyphosphooctonate aldolase,CBO1472,Clostridium botulinum (strain Hall / ATCC 3502 / NCTC 13319 / Type A),1.0,CBO_0750
CBO_0751,GCA-001573255.1-protein4001,GCA_001573255.1,LFON01000009.1,93130,93807,4001,-1,tr|A5I546|A5I546_CLOBH,"4,4'-diaponeurosporenoate glycosyltransferase",CBO2614,Clostridium botulinum (strain Hall / ATCC 3502 / NCTC 13319 / Type A),0.89,CBO_0751
CBO_0752,GCA-001273255.1-protein809,GCA_001273255.1,LGIK01000019.1,173787,176255,809,1,tr|A5HZD0|A5HZD0_CLOBH,Permease,CBO0586,Clostridium botulinum (strain Hall / ATCC 3502 / NCTC 13319 / Type A),0.97,CBO_0752
CBO_0753,GCA-001273255.1-protein1468,GCA_001273255.1,LGIK01000025.1,113817,114872,1468,1,tr|A5I534|A5I534_CLOBH,NADPH-dependent FMN reductase-like domain-containing protein,CBO2603,Clostridium botulinum (strain Hall / ATCC 3502 / NCTC 13319 / Type A),0.99,CBO_0753
CBO_0754,GCA-001273255.1-protein2412,GCA_001273255.1,LGIK01000044.1,66875,67636,2412,1,tr|A5I6Q0|A5I6Q0_CLOBH,ABC transporter ATP binding protein,CBO3171,Clostridium botulinum (strain Hall / ATCC 3502 / NCTC 13319 / Type A),1.0,CBO_0754
CBO_0755,GCA-001273255.1-protein1821,GCA_001273255.1,LGIK01000029.1,7464,9089,1821,-1,tr|A5HXS6|A5HXS6_CLOBH,DNA-directed DNA polymerase,dnaX,Clostridium botulinum (strain Hall / ATCC 3502 / NCTC 13319 / Type A),1.0,CBO_0755
CBO_0756,GCA-016990285.1-protein2577,GCA_016990285.1,NQVS01000003.1,53312,53797,2577,-1,tr|A5HYG4|A5HYG4_CLOBH,"PTS system, glucose-specific IIa component",CBO0271,Clostridium botulinum (strain Hall / ATCC 3502 / NCTC 13319 / Type A),0.96,CBO_0756
CBO_0757,GCA-001273255.1-protein405,GCA_001273255.1,LGIK01000012.1,434679,435293,405,1,tr|A5I2Z4|A5I2Z4_CLOBH,DUF1192 domain-containing protein,CBO1870,Clostridium botulinum (strain Hall / ATCC 3502 / NCTC 13319 / Type A),1.0,CBO_0757
CBO_0758,GCA-002103885.1-protein1954,GCA_002103885.1,MWJA01000002.1,388463,389020,1954,1,tr|A5I607|A5I607_CLOBH,Alginate lyase,CBO2925,Clostridium botulinum (strain Hall / ATCC 3502 / NCTC 13319 / Type A),0.99,CBO_0758
CBO_0759,GCA-001273255.1-protein2484,GCA_001273255.1,LGIK01000047.1,67405,67800,2484,1,tr|A5I5H9|A5I5H9_CLOBH,Chemotaxis protein,CBO2745,Clostridium botulinum (strain Hall / ATCC 3502 / NCTC 13319 / Type A),1.0,CBO_0759
CBO_0760,GCA-001273255.1-protein2952,GCA_001273255.1,LGIK01000051.1,43298,43840,2952,1,tr|A5I1I6|A5I1I6_CLOBH,Membrane protein,CBO1352,Clostridium botulinum (strain Hall / ATCC 3502 / NCTC 13319 / Type A),1.0,CBO_0760
CBO_0761,GCA-001273255.1-protein3007,GCA_001273255.1,LGIK01000051.1,101954,103474,3007,1,tr|A5I1P1|A5I1P1_CLOBH,C4-dicarboxylate anaerobic carrier,CBO1409,Clostridium botulinum (strain Hall / ATCC 3502 / NCTC 13319 / Type A),1.0,CBO_0761
CBO_0762,GCA-001273255.1-protein2276,GCA_001273255.1,LGIK01000043.1,170484,171920,2276,1,sp|A5I768|SYP_CLOBH,Proline--tRNA ligase,proS,Clostridium botulinum (strain Hall / ATCC 3502 / NCTC 13319 / Type A),1.0,CBO_0762
CBO_0763,GCA-001273255.1-protein1469,GCA_001273255.1,LGIK01000025.1,115210,115902,1469,1,tr|A5I535|A5I535_CLOBH,Polymerase/histidinol phosphatase N-terminal domain-containing protein,CBO2604,Clostridium botulinum (strain Hall / ATCC 3502 / NCTC 13319 / Type A),1.0,CBO_0763
CBO_0764,GCA-001273255.1-protein1791,GCA_001273255.1,LGIK01000028.1,86903,88213,1791,-1,tr|A5I2A3|A5I2A3_CLOBH,Dihydrolipoamide acetyltransferase component of pyruvate dehydrogenase complex,acoC,Clostridium botulinum (strain Hall / ATCC 3502 / NCTC 13319 / Type A),1.0,CBO_0764
CBO_0765,GCA-001273255.1-protein987,GCA_001273255.1,LGIK01000019.1,374009,374848,987,1,tr|A5HZY5|A5HZY5_CLOBH,3-mercaptopyruvate sulfurtransferase,sseA,Clostridium botulinum (strain Hall / ATCC 3502 / NCTC 13319 / Type A),1.0,CBO_0765
CBO_0766,GCA-001273255.1-protein548,GCA_001273255.1,LGIK01000017.1,32365,33162,548,1,tr|A5I0F1|A5I0F1_CLOBH,Anaerobic sulfite reductase subunit B,asrB,Clostridium botulinum (strain Hall / ATCC 3502 / NCTC 13319 / Type A),1.0,CBO_0766
CBO_0767,GCA-001273255.1-protein836,GCA_001273255.1,LGIK01000019.1,207060,208238,836,-1,tr|A5HZG0|A5HZG0_CLOBH,Cyclopropane-fatty-acyl-phospholipid synthase,CBO0616,Clostridium botulinum (strain Hall / ATCC 3502 / NCTC 13319 / Type A),1.0,CBO_0767
CBO_0768,GCA-001573255.1-protein2254,GCA_001573255.1,LFON01000003.1,210340,212388,2254,-1,tr|A5I0Q1|A5I0Q1_CLOBH,Spermatogenesis-associated protein 20-like TRX domain-containing protein,CBO1058,Clostridium botulinum (strain Hall / ATCC 3502 / NCTC 13319 / Type A),0.97,CBO_0768
CBO_0769,GCA-001273255.1-protein2984,GCA_001273255.1,LGIK01000051.1,77360,77563,2984,-1,tr|A5I1L8|A5I1L8_CLOBH,Cold shock protein,cspB,Clostridium botulinum (strain Hall / ATCC 3502 / NCTC 13319 / Type A),1.0,CBO_0769
CBO_0770,GCA-001273255.1-protein521,GCA_001273255.1,LGIK01000017.1,11799,12227,521,1,tr|A5I0C3|A5I0C3_CLOBH,Acetyltransferase,CBO0931,Clostridium botulinum (strain Hall / ATCC 3502 / NCTC 13319 / Type A),1.0,CBO_0770
CBO_0771,GCA-001273255.1-protein2309,GCA_001273255.1,LGIK01000043.1,221988,223406,2309,-1,tr|A5I735|A5I735_CLOBH,Carbon starvation,CBO3310,Clostridium botulinum (strain Hall / ATCC 3502 / NCTC 13319 / Type A),1.0,CBO_0771
CBO_0772,GCA-001273255.1-protein363,GCA_001273255.1,LGIK01000012.1,398703,399524,363,1,tr|A5I336|A5I336_CLOBH,Diaminopimelate epimerase,dapF,Clostridium botulinum (strain Hall / ATCC 3502 / NCTC 13319 / Type A),0.98,CBO_0772
CBO_0773,GCA-001273255.1-protein2724,GCA_001273255.1,LGIK01000005.1,36340,37227,2724,1,tr|A5I617|A5I617_CLOBH,Membrane protein,CBO2937,Clostridium botulinum (strain Hall / ATCC 3502 / NCTC 13319 / Type A),1.0,CBO_0773
CBO_0774,GCA-001273255.1-protein1892,GCA_001273255.1,LGIK01000030.1,47610,48668,1892,1,tr|A5I7Y0|A5I7Y0_CLOBH,Probable nitronate monooxygenase,CBO3605,Clostridium botulinum (strain Hall / ATCC 3502 / NCTC 13319 / Type A),1.0,CBO_0774
CBO_0775,GCA-001273255.1-protein2652,GCA_001273255.1,LGIK01000049.1,97208,97858,2652,-1,tr|A5I6F5|A5I6F5_CLOBH,YigZ family protein,CBO3074,Clostridium botulinum (strain Hall / ATCC 3502 / NCTC 13319 / Type A),1.0,CBO_0775
CBO_0776,GCA-001273255.1-protein2139,GCA_001273255.1,LGIK01000043.1,38934,39242,2139,1,sp|A5I7K7|RS10_CLOBH,Small ribosomal subunit protein uS10,rpsJ,Clostridium botulinum (strain Hall / ATCC 3502 / NCTC 13319 / Type A),1.0,CBO_0776
CBO_0777,GCA-001273255.1-protein3149,GCA_001273255.1,LGIK01000051.1,255940,256371,3149,1,tr|A5I229|A5I229_CLOBH,"6-carboxy-5,6,7,8-tetrahydropterin synthase",CBO1554,Clostridium botulinum (strain Hall / ATCC 3502 / NCTC 13319 / Type A),1.0,CBO_0777
CBO_0778,GCA-001273255.1-protein2796,GCA_001273255.1,LGIK01000005.1,125873,126907,2796,1,sp|A5I5U3|CFR_CLOBH,Ribosomal RNA large subunit methyltransferase Cfr,cfr,Clostridium botulinum (strain Hall / ATCC 3502 / NCTC 13319 / Type A),1.0,CBO_0778
CBO_0779,GCA-001273255.1-protein1553,GCA_001273255.1,LGIK01000025.1,190508,192151,1553,1,tr|A5I569|A5I569_CLOBH,inorganic diphosphatase,CBO2635,Clostridium botulinum (strain Hall / ATCC 3502 / NCTC 13319 / Type A),1.0,CBO_0779
CBO_0780,GCA-001273255.1-protein3153,GCA_001273255.1,LGIK01000051.1,258590,259546,3153,1,tr|A5I233|A5I233_CLOBH,Methyl-accepting chemotaxis protein,CBO1558,Clostridium botulinum (strain Hall / ATCC 3502 / NCTC 13319 / Type A),1.0,CBO_0780
CBO_0781,GCA-001273255.1-protein2300,GCA_001273255.1,LGIK01000043.1,207158,208399,2300,-1,tr|A5I744|A5I744_CLOBH,HD-GYP domain-containing protein,CBO3319,Clostridium botulinum (strain Hall / ATCC 3502 / NCTC 13319 / Type A),0.99,CBO_0781
CBO_0782,GCA-001273255.1-protein2577,GCA_001273255.1,LGIK01000049.1,32575,33066,2577,-1,tr|A5I680|A5I680_CLOBH,Rod shape determining protein,mreD,Clostridium botulinum (strain Hall / ATCC 3502 / NCTC 13319 / Type A),0.99,CBO_0782
CBO_0783,GCA-001273255.1-protein2557,GCA_001273255.1,LGIK01000049.1,12952,13854,2557,-1,tr|A5I660|A5I660_CLOBH,Pseudouridine synthase,rluD2,Clostridium botulinum (strain Hall / ATCC 3502 / NCTC 13319 / Type A),1.0,CBO_0783
CBO_0784,GCA-001273255.1-protein2551,GCA_001273255.1,LGIK01000049.1,6234,8147,2551,-1,tr|A5I655|A5I655_CLOBH,Selenocysteine-specific elongation factor,selB,Clostridium botulinum (strain Hall / ATCC 3502 / NCTC 13319 / Type A),0.99,CBO_0784
CBO_0785,GCA-001273255.1-protein2546,GCA_001273255.1,LGIK01000047.1,128396,130057,2546,1,tr|A5I5B5|A5I5B5_CLOBH,Cytidylyltransferase,CBO2681,Clostridium botulinum (strain Hall / ATCC 3502 / NCTC 13319 / Type A),0.98,CBO_0785
CBO_0786,GCA-001273255.1-protein1165,GCA_001273255.1,LGIK01000021.1,46224,47273,1165,1,tr|A5I4K0|A5I4K0_CLOBH,4-hydroxy-3-methylbut-2-en-1-yl diphosphate synthase (flavodoxin),ispG,Clostridium botulinum (strain Hall / ATCC 3502 / NCTC 13319 / Type A),0.98,CBO_0786
CBO_0787,GCA-001273255.1-protein3575,GCA_001273255.1,LGIK01000009.1,4928,5479,3575,-1,tr|A5I0V4|A5I0V4_CLOBH,Acetyltransferase,CBO1112,Clostridium botulinum (strain Hall / ATCC 3502 / NCTC 13319 / Type A),1.0,CBO_0787
CBO_0788,GCA-001273255.1-protein231,GCA_001273255.1,LGIK01000012.1,236428,237327,231,1,tr|A5I3H5|A5I3H5_CLOBH,Probable glycosyl transferase,CBO2054,Clostridium botulinum (strain Hall / ATCC 3502 / NCTC 13319 / Type A),1.0,CBO_0788
CBO_0789,GCA-001273255.1-protein1033,GCA_001273255.1,LGIK01000019.1,428921,429838,1033,-1,tr|A5I038|A5I038_CLOBH,"ABC transporter, ATP-binding protein",CBO0846,Clostridium botulinum (strain Hall / ATCC 3502 / NCTC 13319 / Type A),0.97,CBO_0789
CBO_0790,GCA-001273255.1-protein1881,GCA_001273255.1,LGIK01000030.1,36040,36255,1881,1,tr|A5I7Z1|A5I7Z1_CLOBH,DUF3006 domain-containing protein,CBO3618,Clostridium botulinum (strain Hall / ATCC 3502 / NCTC 13319 / Type A),1.0,CBO_0790
CBO_0791,GCA-001273255.1-protein2722,GCA_001273255.1,LGIK01000005.1,33383,35155,2722,1,tr|A5I619|A5I619_CLOBH,DNA primase,dnaG,Clostridium botulinum (strain Hall / ATCC 3502 / NCTC 13319 / Type A),1.0,CBO_0791
CBO_0792,GCA-001273255.1-protein340,GCA_001273255.1,LGIK01000012.1,370566,370793,340,1,tr|A5I359|A5I359_CLOBH,"Molybdopterin converting factor,subunit 1",moaD,Clostridium botulinum (strain Hall / ATCC 3502 / NCTC 13319 / Type A),1.0,CBO_0792
CBO_0793,GCA-001273255.1-protein764,GCA_001273255.1,LGIK01000019.1,126923,127363,764,1,tr|A5HZ82|A5HZ82_CLOBH,Membrane protein,CBO0538,Clostridium botulinum (strain Hall / ATCC 3502 / NCTC 13319 / Type A),1.0,CBO_0793
CBO_0794,GCA-001273255.1-protein3129,GCA_001273255.1,LGIK01000051.1,234038,234508,3129,1,tr|A5I209|A5I209_CLOBH,Methylated-DNA--protein-cysteine methyltransferase,ogt,Clostridium botulinum (strain Hall / ATCC 3502 / NCTC 13319 / Type A),1.0,CBO_0794
CBO_0795,GCA-001273255.1-protein2403,GCA_001273255.1,LGIK01000044.1,51728,51988,2403,1,tr|A5I6P1|A5I6P1_CLOBH,ribonucleoside-diphosphate reductase,CBO3162,Clostridium botulinum (strain Hall / ATCC 3502 / NCTC 13319 / Type A),1.0,CBO_0795
CBO_0796,GCA-001273255.1-protein1901,GCA_001273255.1,LGIK01000030.1,54937,55371,1901,1,sp|A5I7X1|FABZ_CLOBH,3-hydroxyacyl-[acyl-carrier-protein] dehydratase FabZ,fabZ,Clostridium botulinum (strain Hall / ATCC 3502 / NCTC 13319 / Type A),1.0,CBO_0796
CBO_0797,GCA-001273255.1-protein2107,GCA_001273255.1,LGIK01000043.1,4238,4765,2107,1,tr|A5I7N8|A5I7N8_CLOBH,DNA repair protein,CBO3511,Clostridium botulinum (strain Hall / ATCC 3502 / NCTC 13319 / Type A),1.0,CBO_0797
CBO_0798,GCA-001273255.1-protein2290,GCA_001273255.1,LGIK01000043.1,198001,199590,2290,1,tr|A5I754|A5I754_CLOBH,Peptide chain release factor 3,prfC,Clostridium botulinum (strain Hall / ATCC 3502 / NCTC 13319 / Type A),1.0,CBO_0798
CBO_0799,GCA-001273255.1-protein1519,GCA_001273255.1,LGIK01000025.1,155793,157328,1519,-1,tr|A5I536|A5I536_CLOBH,M18 family aminopeptidase,CBO2605,Clostridium botulinum (strain Hall / ATCC 3502 / NCTC 13319 / Type A),0.92,CBO_0799
CBO_0800,GCA-001273255.1-protein1909,GCA_001273255.1,LGIK01000030.1,62986,63417,1909,-1,tr|A5I7W3|A5I7W3_CLOBH,Membrane protein,CBO3589,Clostridium botulinum (strain Hall / ATCC 3502 / NCTC 13319 / Type A),0.99,CBO_0800
CBO_0801,GCA-001273255.1-protein1436,GCA_001273255.1,LGIK01000025.1,71569,72336,1436,-1,tr|A5I502|A5I502_CLOBH,Histidinol-phosphatase,CBO2571,Clostridium botulinum (strain Hall / ATCC 3502 / NCTC 13319 / Type A),0.97,CBO_0801
CBO_0802,GCA-001573485.1-protein384,GCA_001573485.1,LFOX01000011.1,17326,18264,384,1,tr|A5I1X0|A5I1X0_CLOBH,Cobalamin biosynthesis protein,cobW,Clostridium botulinum (strain Hall / ATCC 3502 / NCTC 13319 / Type A),0.98,CBO_0802
CBO_0803,GCA-001273255.1-protein2700,GCA_001273255.1,LGIK01000005.1,10921,11565,2700,1,tr|A5I641|A5I641_CLOBH,Protein GrpE,grpE,Clostridium botulinum (strain Hall / ATCC 3502 / NCTC 13319 / Type A),1.0,CBO_0803
CBO_0804,GCA-001273255.1-protein3471,GCA_001273255.1,LGIK01000054.1,295227,297089,3471,1,tr|A5HYL5|A5HYL5_CLOBH,"ABC transporter, permease protein",CBO0322,Clostridium botulinum (strain Hall / ATCC 3502 / NCTC 13319 / Type A),0.99,CBO_0804
CBO_0805,GCA-001273255.1-protein1098,GCA_001273255.1,LGIK01000019.1,490454,492061,1098,1,tr|A5I0A1|A5I0A1_CLOBH,Serine peptidase,CBO0910,Clostridium botulinum (strain Hall / ATCC 3502 / NCTC 13319 / Type A),1.0,CBO_0805
CBO_0806,GCA-001273255.1-protein2147,GCA_001273255.1,LGIK01000043.1,43205,43648,2147,1,sp|A5I7J9|RL16_CLOBH,Large ribosomal subunit protein uL16,rplP,Clostridium botulinum (strain Hall / ATCC 3502 / NCTC 13319 / Type A),1.0,CBO_0806
CBO_0807,GCA-001573555.1-protein718,GCA_001573555.1,LFQV01000015.1,29362,29805,718,-1,tr|A5HZ04|A5HZ04_CLOBH,Membrane protein,CBO0460,Clostridium botulinum (strain Hall / ATCC 3502 / NCTC 13319 / Type A),1.0,CBO_0807
CBO_0808,GCA-001273255.1-protein3034,GCA_001273255.1,LGIK01000051.1,124583,126190,3034,1,tr|A5I1R4|A5I1R4_CLOBH,Sporulation protein,CBO1434,Clostridium botulinum (strain Hall / ATCC 3502 / NCTC 13319 / Type A),1.0,CBO_0808
CBO_0809,GCA-001273255.1-protein493,GCA_001273255.1,LGIK01000015.1,35949,36200,493,1,tr|A5I6U6|A5I6U6_CLOBH,Uncharacterized protein,CBO3217,Clostridium botulinum (strain Hall / ATCC 3502 / NCTC 13319 / Type A),1.0,CBO_0809
CBO_0810,GCA-001273255.1-protein1701,GCA_001273255.1,LGIK01000026.1,108616,109527,1701,-1,tr|A5I110|A5I110_CLOBH,2-dehydropantoate 2-reductase,panE,Clostridium botulinum (strain Hall / ATCC 3502 / NCTC 13319 / Type A),1.0,CBO_0810
CBO_0811,GCA-001273255.1-protein361,GCA_001273255.1,LGIK01000012.1,395910,396650,361,-1,tr|A5I338|A5I338_CLOBH,tRNA pseudouridine synthase A,truA1,Clostridium botulinum (strain Hall / ATCC 3502 / NCTC 13319 / Type A),0.96,CBO_0811
CBO_0812,GCA-001273255.1-protein2291,GCA_001273255.1,LGIK01000043.1,199679,200671,2291,-1,tr|A5I753|A5I753_CLOBH,Phosphatase,CBO3328,Clostridium botulinum (strain Hall / ATCC 3502 / NCTC 13319 / Type A),1.0,CBO_0812
CBO_0813,GCA-001273255.1-protein1736,GCA_001273255.1,LGIK01000028.1,23545,24504,1736,-1,tr|A5I2P1|A5I2P1_CLOBH,Probable sugar kinase,CBO1769,Clostridium botulinum (strain Hall / ATCC 3502 / NCTC 13319 / Type A),1.0,CBO_0813
CBO_0814,GCA-001273255.1-protein2814,GCA_001273255.1,LGIK01000005.1,150963,151820,2814,-1,tr|A5I5S2|A5I5S2_CLOBH,Transcriptional antiterminator,CBO2836,Clostridium botulinum (strain Hall / ATCC 3502 / NCTC 13319 / Type A),1.0,CBO_0814
CBO_0815,GCA-001273255.1-protein1199,GCA_001273255.1,LGIK01000021.1,85110,85790,1199,1,tr|A5I476|A5I476_CLOBH,Stage 0 sporulation protein A homolog,CBO2307,Clostridium botulinum (strain Hall / ATCC 3502 / NCTC 13319 / Type A),1.0,CBO_0815
CBO_0816,GCA-001273255.1-protein2254,GCA_001273255.1,LGIK01000043.1,145323,146177,2254,1,tr|A5I792|A5I792_CLOBH,NmrA-like domain-containing protein,CBO3367,Clostridium botulinum (strain Hall / ATCC 3502 / NCTC 13319 / Type A),1.0,CBO_0816
CBO_0817,GCA-001273255.1-protein3288,GCA_001273255.1,LGIK01000054.1,92495,92713,3288,-1,sp|A5HY31|RL31_CLOBH,Large ribosomal subunit protein bL31,rpmE,Clostridium botulinum (strain Hall / ATCC 3502 / NCTC 13319 / Type A),1.0,CBO_0817
CBO_0818,GCA-001273255.1-protein1043,GCA_001273255.1,LGIK01000019.1,436894,437409,1043,1,tr|A5I050|A5I050_CLOBH,GrpB family protein,CBO0858,Clostridium botulinum (strain Hall / ATCC 3502 / NCTC 13319 / Type A),1.0,CBO_0818
CBO_0819,GCA-001273255.1-protein1113,GCA_001273255.1,LGIK01000020.1,5152,5931,1113,1,tr|A5I6S7|A5I6S7_CLOBH,Electron transfer flavoprotein small subunit,CBO3198,Clostridium botulinum (strain Hall / ATCC 3502 / NCTC 13319 / Type A),1.0,CBO_0819
CBO_0820,GCA-001273255.1-protein1563,GCA_001273255.1,LGIK01000025.1,199306,201372,1563,-1,tr|A5I579|A5I579_CLOBH,Flagellar biosynthesis protein FlhA,flhA,Clostridium botulinum (strain Hall / ATCC 3502 / NCTC 13319 / Type A),1.0,CBO_0820
CBO_0821,GCA-001273255.1-protein102,GCA_001273255.1,LGIK01000012.1,100000,100899,102,-1,tr|A5I3W1|A5I3W1_CLOBH,Membrane protein,CBO2190,Clostridium botulinum (strain Hall / ATCC 3502 / NCTC 13319 / Type A),0.89,CBO_0821
CBO_0822,GCA-001273255.1-protein2037,GCA_001273255.1,LGIK01000036.1,4833,5306,2037,1,tr|A5I1C5|A5I1C5_CLOBH,Guanine deaminase,guaD,Clostridium botulinum (strain Hall / ATCC 3502 / NCTC 13319 / Type A),1.0,CBO_0822
CBO_0823,GCA-001273255.1-protein1889,GCA_001273255.1,LGIK01000030.1,44441,45418,1889,-1,tr|A5I7Y3|A5I7Y3_CLOBH,DNA replication protein,dnaC,Clostridium botulinum (strain Hall / ATCC 3502 / NCTC 13319 / Type A),1.0,CBO_0823
CBO_0824,GCA-001273255.1-protein3269,GCA_001273255.1,LGIK01000054.1,70447,71349,3269,1,tr|A5HY12|A5HY12_CLOBH,Probable peptidase,CBO0115,Clostridium botulinum (strain Hall / ATCC 3502 / NCTC 13319 / Type A),1.0,CBO_0824
CBO_0825,GCA-001273255.1-protein3304,GCA_001273255.1,LGIK01000054.1,105477,105716,3304,1,sp|A5HY47|ATPL_CLOBH,ATP synthase subunit c,atpE,Clostridium botulinum (strain Hall / ATCC 3502 / NCTC 13319 / Type A),1.0,CBO_0825
CBO_0826,GCA-001273255.1-protein2758,GCA_001273255.1,LGIK01000005.1,75245,75577,2758,-1,tr|A5I5Y2|A5I5Y2_CLOBH,Membrane protein,CBO2898,Clostridium botulinum (strain Hall / ATCC 3502 / NCTC 13319 / Type A),0.98,CBO_0826
CBO_0827,GCA-001273255.1-protein2089,GCA_001273255.1,LGIK01000037.1,31695,31952,2089,1,sp|A5I2R9|HFQ_CLOBH,RNA-binding protein Hfq,hfq,Clostridium botulinum (strain Hall / ATCC 3502 / NCTC 13319 / Type A),1.0,CBO_0827
CBO_0828,GCA-001273255.1-protein2028,GCA_001273255.1,LGIK01000035.1,18243,18974,2028,1,tr|A5I5N7|A5I5N7_CLOBH,Probable polysaccharide deacetylase,CBO2801,Clostridium botulinum (strain Hall / ATCC 3502 / NCTC 13319 / Type A),1.0,CBO_0828
CBO_0829,GCA-001273255.1-protein734,GCA_001273255.1,LGIK01000019.1,88130,89377,734,1,tr|A5HZ51|A5HZ51_CLOBH,Stage 0 sporulation protein A homolog,CBO0506,Clostridium botulinum (strain Hall / ATCC 3502 / NCTC 13319 / Type A),1.0,CBO_0829
CBO_0830,GCA-001273255.1-protein2423,GCA_001273255.1,LGIK01000044.1,75895,76701,2423,-1,tr|A5I6R1|A5I6R1_CLOBH,Pyrroline-5-carboxylate reductase,proC,Clostridium botulinum (strain Hall / ATCC 3502 / NCTC 13319 / Type A),1.0,CBO_0830
CBO_0831,GCA-001273255.1-protein3531,GCA_001273255.1,LGIK01000006.1,36236,37594,3531,-1,tr|A5I0W6|A5I0W6_CLOBH,Magnesium transporter MgtE,CBO1124,Clostridium botulinum (strain Hall / ATCC 3502 / NCTC 13319 / Type A),1.0,CBO_0831
CBO_0832,GCA-001273255.1-protein3503,GCA_001273255.1,LGIK01000056.1,461,2188,3503,1,tr|A5I6J5|A5I6J5_CLOBH,"phosphoglucomutase (alpha-D-glucose-1,6-bisphosphate-dependent)",pgcA,Clostridium botulinum (strain Hall / ATCC 3502 / NCTC 13319 / Type A),1.0,CBO_0832
CBO_0833,GCA-001273255.1-protein419,GCA_001273255.1,LGIK01000012.1,449905,450651,419,1,tr|A5I2Y0|A5I2Y0_CLOBH,Segregation and condensation protein A,scpA,Clostridium botulinum (strain Hall / ATCC 3502 / NCTC 13319 / Type A),1.0,CBO_0833
CBO_0834,GCA-001573255.1-protein940,GCA_001573255.1,LFON01000016.1,77293,78654,940,1,tr|A5I5U5|A5I5U5_CLOBH,RNA methyltransferase,CBO2859,Clostridium botulinum (strain Hall / ATCC 3502 / NCTC 13319 / Type A),0.97,CBO_0834
CBO_0835,GCA-001273255.1-protein378,GCA_001273255.1,LGIK01000012.1,409580,410137,378,1,sp|A5I321|EFP_CLOBH,Elongation factor P,efp,Clostridium botulinum (strain Hall / ATCC 3502 / NCTC 13319 / Type A),1.0,CBO_0835
CBO_0836,GCA-001273255.1-protein3061,GCA_001273255.1,LGIK01000051.1,162450,163562,3061,1,tr|A5I1T9|A5I1T9_CLOBH,Probable peptidoglycan glycosyltransferase FtsW,ftsW,Clostridium botulinum (strain Hall / ATCC 3502 / NCTC 13319 / Type A),1.0,CBO_0836
CBO_0837,GCA-001273255.1-protein1423,GCA_001273255.1,LGIK01000025.1,56696,58522,1423,-1,tr|A5I4Y9|A5I4Y9_CLOBH,Large ribosomal subunit assembly factor BipA,typA,Clostridium botulinum (strain Hall / ATCC 3502 / NCTC 13319 / Type A),1.0,CBO_0837
CBO_0838,GCA-001273255.1-protein1017,GCA_001273255.1,LGIK01000019.1,413013,413261,1017,1,tr|A5I017|A5I017_CLOBH,Spore coat protein,CBO0825,Clostridium botulinum (strain Hall / ATCC 3502 / NCTC 13319 / Type A),1.0,CBO_0838
CBO_0839,GCA-001273255.1-protein812,GCA_001273255.1,LGIK01000019.1,178111,178977,812,1,tr|A5HZD4|A5HZD4_CLOBH,DegV family protein,CBO0590,Clostridium botulinum (strain Hall / ATCC 3502 / NCTC 13319 / Type A),1.0,CBO_0839
CBO_0840,GCA-001273255.1-protein1052,GCA_001273255.1,LGIK01000019.1,445363,446250,1052,1,tr|A5I059|A5I059_CLOBH,LysR-family transcriptional regulator,CBO0867,Clostridium botulinum (strain Hall / ATCC 3502 / NCTC 13319 / Type A),1.0,CBO_0840
CBO_0841,GCA-001273255.1-protein1318,GCA_001273255.1,LGIK01000023.1,6147,8216,1318,-1,tr|A5HYS3|A5HYS3_CLOBH,Cell Surface Protein,CBO0379,Clostridium botulinum (strain Hall / ATCC 3502 / NCTC 13319 / Type A),0.96,CBO_0841
CBO_0842,GCA-001273255.1-protein3324,GCA_001273255.1,LGIK01000054.1,126212,128719,3324,1,sp|A5HY67|SECA_CLOBH,Protein translocase subunit SecA,secA,Clostridium botulinum (strain Hall / ATCC 3502 / NCTC 13319 / Type A),1.0,CBO_0842
CBO_0843,GCA-001273255.1-protein2920,GCA_001273255.1,LGIK01000051.1,316,1443,2920,1,tr|A5I1F2|A5I1F2_CLOBH,Membrane protein,CBO1317,Clostridium botulinum (strain Hall / ATCC 3502 / NCTC 13319 / Type A),1.0,CBO_0843
CBO_0844,GCA-001273255.1-protein653,GCA_001273255.1,LGIK01000017.1,147411,148217,653,-1,tr|A5I0Q5|A5I0Q5_CLOBH,Metallo-beta-lactamase superfamily protein,CBO1062,Clostridium botulinum (strain Hall / ATCC 3502 / NCTC 13319 / Type A),1.0,CBO_0844
CBO_0845,GCA-001273255.1-protein180,GCA_001273255.1,LGIK01000012.1,181509,183107,180,1,tr|A5I3M9|A5I3M9_CLOBH,Aldehyde-alcohol dehydrogenase,eutE,Clostridium botulinum (strain Hall / ATCC 3502 / NCTC 13319 / Type A),1.0,CBO_0845
CBO_0846,GCA-001273255.1-protein1333,GCA_001273255.1,LGIK01000023.1,27196,27870,1333,-1,tr|A5HYQ8|A5HYQ8_CLOBH,Phosphatase,CBO0364,Clostridium botulinum (strain Hall / ATCC 3502 / NCTC 13319 / Type A),1.0,CBO_0846
CBO_0847,GCA-001273255.1-protein2768,GCA_001273255.1,LGIK01000005.1,84548,85759,2768,1,tr|A5I5X2|A5I5X2_CLOBH,Diaminopropionate ammonia-lyase,dpaL,Clostridium botulinum (strain Hall / ATCC 3502 / NCTC 13319 / Type A),1.0,CBO_0847
CBO_0848,GCA-001273255.1-protein2943,GCA_001273255.1,LGIK01000051.1,31281,32558,2943,-1,tr|A5I1H6|A5I1H6_CLOBH,Ferredoxin,CBO1341,Clostridium botulinum (strain Hall / ATCC 3502 / NCTC 13319 / Type A),1.0,CBO_0848
CBO_0849,GCA-001273255.1-protein550,GCA_001273255.1,LGIK01000017.1,34494,35516,550,1,tr|A5I0F3|A5I0F3_CLOBH,Molybdopterin molybdenumtransferase,CBO0960,Clostridium botulinum (strain Hall / ATCC 3502 / NCTC 13319 / Type A),1.0,CBO_0849
CBO_0850,GCA-001273255.1-protein2068,GCA_001273255.1,LGIK01000037.1,3000,5021,2068,-1,tr|A5I2U0|A5I2U0_CLOBH,Methyl-accepting chemotaxis protein,CBO1818,Clostridium botulinum (strain Hall / ATCC 3502 / NCTC 13319 / Type A),1.0,CBO_0850
CBO_0851,GCA-001273255.1-protein2791,GCA_001273255.1,LGIK01000005.1,118712,119464,2791,-1,tr|A5I5U8|A5I5U8_CLOBH,Probable membrane transporter protein,CBO2862,Clostridium botulinum (strain Hall / ATCC 3502 / NCTC 13319 / Type A),1.0,CBO_0851
CBO_0852,GCA-001273255.1-protein2833,GCA_001273255.1,LGIK01000005.1,175522,176373,2833,-1,tr|A5I5Q3|A5I5Q3_CLOBH,Peptidase M15C domain-containing protein,CBO2817,Clostridium botulinum (strain Hall / ATCC 3502 / NCTC 13319 / Type A),0.93,CBO_0852
CBO_0853,GCA-001273255.1-protein2828,GCA_001273255.1,LGIK01000005.1,168918,169973,2828,1,tr|A5I5Q8|A5I5Q8_CLOBH,Membrane protein,CBO2822,Clostridium botulinum (strain Hall / ATCC 3502 / NCTC 13319 / Type A),1.0,CBO_0853
CBO_0854,GCA-001273255.1-protein2281,GCA_001273255.1,LGIK01000043.1,179558,180736,2281,-1,tr|A5I763|A5I763_CLOBH,Cation efflux protein,CBO3339,Clostridium botulinum (strain Hall / ATCC 3502 / NCTC 13319 / Type A),1.0,CBO_0854
CBO_0855,GCA-001273255.1-protein473,GCA_001273255.1,LGIK01000015.1,15156,15911,473,1,tr|A5I6W7|A5I6W7_CLOBH,"Dihydroorotate dehydrogenase B (NAD(+)), electron transfer subunit",pyrK,Clostridium botulinum (strain Hall / ATCC 3502 / NCTC 13319 / Type A),1.0,CBO_0855
CBO_0856,GCA-001273255.1-protein341,GCA_001273255.1,LGIK01000012.1,370795,371478,341,1,tr|A5I358|A5I358_CLOBH,Molybdopterin biosynthesis protein,moeB,Clostridium botulinum (strain Hall / ATCC 3502 / NCTC 13319 / Type A),1.0,CBO_0856
CBO_0857,GCA-001573255.1-protein77,GCA_001573255.1,LFON01000001.1,86640,87602,77,1,tr|A5HZA7|A5HZA7_CLOBH,Spermidine/putrescine transport system permease protein,potB,Clostridium botulinum (strain Hall / ATCC 3502 / NCTC 13319 / Type A),0.95,CBO_0857
CBO_0858,GCA-001273255.1-protein1896,GCA_001273255.1,LGIK01000030.1,50524,51450,1896,1,tr|A5I7X6|A5I7X6_CLOBH,Probable nitronate monooxygenase,CBO3602,Clostridium botulinum (strain Hall / ATCC 3502 / NCTC 13319 / Type A),1.0,CBO_0858
CBO_0859,GCA-001273255.1-protein3056,GCA_001273255.1,LGIK01000051.1,155588,156091,3056,1,tr|A5I1T4|A5I1T4_CLOBH,Membrane protein,CBO1455,Clostridium botulinum (strain Hall / ATCC 3502 / NCTC 13319 / Type A),1.0,CBO_0859
CBO_0860,GCA-001573255.1-protein2464,GCA_001573255.1,LFON01000031.1,27831,28424,2464,-1,tr|A5I6K9|A5I6K9_CLOBH,Cell division protein ZapA,CBO3129,Clostridium botulinum (strain Hall / ATCC 3502 / NCTC 13319 / Type A),0.95,CBO_0860
CBO_0861,GCA-001273255.1-protein482,GCA_001273255.1,LGIK01000015.1,24768,27089,482,1,tr|A5I6V8|A5I6V8_CLOBH,Lon protease,lonA,Clostridium botulinum (strain Hall / ATCC 3502 / NCTC 13319 / Type A),1.0,CBO_0861
CBO_0862,GCA-001273255.1-protein499,GCA_001273255.1,LGIK01000015.1,43302,44057,499,-1,tr|A5I6U1|A5I6U1_CLOBH,Glycerophosphoryl diester phosphodiesterase,glpQ,Clostridium botulinum (strain Hall / ATCC 3502 / NCTC 13319 / Type A),1.0,CBO_0862
CBO_0863,GCA-001273255.1-protein2222,GCA_001273255.1,LGIK01000043.1,105234,106736,2222,1,tr|A5I7C4|A5I7C4_CLOBH,Bifunctional NAD(P)H-hydrate repair enzyme,nnrD,Clostridium botulinum (strain Hall / ATCC 3502 / NCTC 13319 / Type A),1.0,CBO_0863
CBO_0864,GCA-001273255.1-protein616,GCA_001273255.1,LGIK01000017.1,103882,104658,616,1,tr|A5I0L9|A5I0L9_CLOBH,YoaP-like domain-containing protein,CBO1027,Clostridium botulinum (strain Hall / ATCC 3502 / NCTC 13319 / Type A),0.96,CBO_0864
CBO_0865,GCA-001273255.1-protein738,GCA_001273255.1,LGIK01000019.1,93799,95076,738,1,tr|A5HZ55|A5HZ55_CLOBH,Serine--tRNA ligase,serS,Clostridium botulinum (strain Hall / ATCC 3502 / NCTC 13319 / Type A),1.0,CBO_0865
CBO_0866,GCA-001273255.1-protein2077,GCA_001273255.1,LGIK01000037.1,15763,16134,2077,1,tr|A5I2T1|A5I2T1_CLOBH,chorismate mutase,aroH,Clostridium botulinum (strain Hall / ATCC 3502 / NCTC 13319 / Type A),0.99,CBO_0866
CBO_0867,GCA-001273255.1-protein2417,GCA_001273255.1,LGIK01000044.1,71207,72436,2417,-1,tr|A5I6Q5|A5I6Q5_CLOBH,Zinc-binding protease,CBO3176,Clostridium botulinum (strain Hall / ATCC 3502 / NCTC 13319 / Type A),1.0,CBO_0867
CBO_0868,GCA-001273255.1-protein2802,GCA_001273255.1,LGIK01000005.1,135740,136309,2802,1,tr|A5I5T5|A5I5T5_CLOBH,MobA-like NTP transferase domain-containing protein,CBO2849,Clostridium botulinum (strain Hall / ATCC 3502 / NCTC 13319 / Type A),1.0,CBO_0868
CBO_0869,GCA-001273255.1-protein3235,GCA_001273255.1,LGIK01000054.1,30272,30817,3235,1,sp|A5HXX7|RNM5_CLOBH,Ribonuclease M5,rnmV,Clostridium botulinum (strain Hall / ATCC 3502 / NCTC 13319 / Type A),1.0,CBO_0869
CBO_0870,GCA-001273255.1-protein3272,GCA_001273255.1,LGIK01000054.1,73827,74627,3272,1,tr|A5HY15|A5HY15_CLOBH,Cyanophycinase,cphB,Clostridium botulinum (strain Hall / ATCC 3502 / NCTC 13319 / Type A),1.0,CBO_0870
CBO_0871,GCA-054635055.1-protein3660,GCA_054635055.1,NKRQ01000007.1,97660,98076,3660,-1,tr|A5I7S7|A5I7S7_CLOBH,SH3 domain-containing protein,CBO3552,Clostridium botulinum (strain Hall / ATCC 3502 / NCTC 13319 / Type A),0.95,CBO_0871
CBO_0872,GCA-001273255.1-protein3138,GCA_001273255.1,LGIK01000051.1,243874,244281,3138,1,tr|A5I218|A5I218_CLOBH,Uncharacterized protein,CBO1542,Clostridium botulinum (strain Hall / ATCC 3502 / NCTC 13319 / Type A),0.95,CBO_0872
CBO_0873,GCA-001273255.1-protein397,GCA_001273255.1,LGIK01000012.1,424627,425079,397,1,sp|A5I302|ARGR_CLOBH,Arginine repressor,argR,Clostridium botulinum (strain Hall / ATCC 3502 / NCTC 13319 / Type A),1.0,CBO_0873
CBO_0874,GCA-001273255.1-protein226,GCA_001273255.1,LGIK01000012.1,230705,231994,226,1,tr|A5I3I2|A5I3I2_CLOBH,triacylglycerol lipase,CBO2061,Clostridium botulinum (strain Hall / ATCC 3502 / NCTC 13319 / Type A),1.0,CBO_0874
CBO_0875,GCA-001273255.1-protein3318,GCA_001273255.1,LGIK01000054.1,118031,118753,3318,-1,tr|A5HY61|A5HY61_CLOBH,tRNA(Ile)-lysidine/2-thiocytidine synthase N-terminal domain-containing protein,CBO0165,Clostridium botulinum (strain Hall / ATCC 3502 / NCTC 13319 / Type A),1.0,CBO_0875
CBO_0876,GCA-016989775.1-protein2475,GCA_016989775.1,NKSK01000005.1,103180,103656,2475,1,tr|A5I1K4|A5I1K4_CLOBH,Ferric uptake regulatory protein,CBO1372,Clostridium botulinum (strain Hall / ATCC 3502 / NCTC 13319 / Type A),0.98,CBO_0876
CBO_0877,GCA-001273255.1-protein1603,GCA_001273255.1,LGIK01000026.1,7282,8076,1603,-1,tr|A5I1A9|A5I1A9_CLOBH,DeoR-family transcriptional regulator,CBO1271,Clostridium botulinum (strain Hall / ATCC 3502 / NCTC 13319 / Type A),1.0,CBO_0877
CBO_0878,GCA-001273255.1-protein2242,GCA_001273255.1,LGIK01000043.1,127252,129108,2242,1,sp|A5I7A5|UVRC_CLOBH,UvrABC system protein C,uvrC,Clostridium botulinum (strain Hall / ATCC 3502 / NCTC 13319 / Type A),1.0,CBO_0878
CBO_0879,GCA-001273255.1-protein512,GCA_001273255.1,LGIK01000017.1,3930,4904,512,1,tr|A5I0B5|A5I0B5_CLOBH,Delta-aminolevulinic acid dehydratase,hemB,Clostridium botulinum (strain Hall / ATCC 3502 / NCTC 13319 / Type A),1.0,CBO_0879
CBO_0880,GCA-001273255.1-protein723,GCA_001273255.1,LGIK01000019.1,75755,76414,723,1,tr|A5HZ40|A5HZ40_CLOBH,Membrane-associated protease,CBO0495,Clostridium botulinum (strain Hall / ATCC 3502 / NCTC 13319 / Type A),0.98,CBO_0880
CBO_0881,GCA-001273255.1-protein2961,GCA_001273255.1,LGIK01000051.1,53261,54049,2961,-1,tr|A5I1J5|A5I1J5_CLOBH,"ABC transporter, permease protein",CBO1361,Clostridium botulinum (strain Hall / ATCC 3502 / NCTC 13319 / Type A),1.0,CBO_0881
CBO_0882,GCA-001273255.1-protein2206,GCA_001273255.1,LGIK01000043.1,89493,90497,2206,1,tr|A5I7E0|A5I7E0_CLOBH,"PTS system, glucitol/sorbitol-specific IIBC component",srlE,Clostridium botulinum (strain Hall / ATCC 3502 / NCTC 13319 / Type A),1.0,CBO_0882
CBO_0883,GCA-001273255.1-protein3507,GCA_001273255.1,LGIK01000006.1,334,1716,3507,-1,tr|A5I0Y2|A5I0Y2_CLOBH,Thiosulfate sulfurtransferase,CBO1141,Clostridium botulinum (strain Hall / ATCC 3502 / NCTC 13319 / Type A),1.0,CBO_0883
CBO_0884,GCA-001273255.1-protein2313,GCA_001273255.1,LGIK01000043.1,228511,229143,2313,1,sp|A5I731|REX_CLOBH,Redox-sensing transcriptional repressor Rex,rex,Clostridium botulinum (strain Hall / ATCC 3502 / NCTC 13319 / Type A),1.0,CBO_0884
CBO_0885,GCA-001273255.1-protein3346,GCA_001273255.1,LGIK01000054.1,152767,154425,3346,1,tr|A5HY89|A5HY89_CLOBH,Kinase,CBO0196,Clostridium botulinum (strain Hall / ATCC 3502 / NCTC 13319 / Type A),0.99,CBO_0885
CBO_0886,GCA-001273255.1-protein330,GCA_001273255.1,LGIK01000012.1,359190,359861,330,1,tr|A5I370|A5I370_CLOBH,Permease component of tungstate ABC transporter,tupB,Clostridium botulinum (strain Hall / ATCC 3502 / NCTC 13319 / Type A),1.0,CBO_0886
CBO_0887,GCA-001273255.1-protein2564,GCA_001273255.1,LGIK01000049.1,19334,19636,2564,-1,sp|A5I667|RL27_CLOBH,Large ribosomal subunit protein bL27,rpmA,Clostridium botulinum (strain Hall / ATCC 3502 / NCTC 13319 / Type A),1.0,CBO_0887
CBO_0888,GCA-001273255.1-protein2788,GCA_001273255.1,LGIK01000005.1,115607,116293,2788,1,tr|A5I5V1|A5I5V1_CLOBH,Riboflavin synthase,ribE,Clostridium botulinum (strain Hall / ATCC 3502 / NCTC 13319 / Type A),0.94,CBO_0888
CBO_0889,GCA-001273255.1-protein355,GCA_001273255.1,LGIK01000012.1,388095,389669,355,1,tr|A5I344|A5I344_CLOBH,Alpha-clostripain,closI,Clostridium botulinum (strain Hall / ATCC 3502 / NCTC 13319 / Type A),1.0,CBO_0889
CBO_0890,GCA-001273255.1-protein2467,GCA_001273255.1,LGIK01000047.1,45082,47190,2467,1,tr|A5I5J7|A5I5J7_CLOBH,histidine kinase,CBO2762,Clostridium botulinum (strain Hall / ATCC 3502 / NCTC 13319 / Type A),1.0,CBO_0890
CBO_0891,GCA-001273255.1-protein2066,GCA_001273255.1,LGIK01000037.1,1837,2268,2066,1,tr|A5I2U2|A5I2U2_CLOBH,Thioredoxin,CBO1820,Clostridium botulinum (strain Hall / ATCC 3502 / NCTC 13319 / Type A),1.0,CBO_0891
CBO_0892,GCA-001573485.1-protein3235,GCA_001573485.1,LFOX01000008.1,68301,72773,3235,-1,tr|A5I2Q3|A5I2Q3_CLOBH,Exported protein,CBO1781,Clostridium botulinum (strain Hall / ATCC 3502 / NCTC 13319 / Type A),0.96,CBO_0892
CBO_0893,GCA-001273255.1-protein3263,GCA_001273255.1,LGIK01000054.1,64681,65691,3263,1,tr|A5HY06|A5HY06_CLOBH,Spore coat protein,CBO0109,Clostridium botulinum (strain Hall / ATCC 3502 / NCTC 13319 / Type A),1.0,CBO_0893
CBO_0894,GCA-001273255.1-protein3059,GCA_001273255.1,LGIK01000051.1,159994,161382,3059,1,tr|A5I1T7|A5I1T7_CLOBH,UDP-N-acetylmuramoyl-tripeptide--D-alanyl-D-alanine ligase,murF,Clostridium botulinum (strain Hall / ATCC 3502 / NCTC 13319 / Type A),1.0,CBO_0894
CBO_0895,GCA-001273255.1-protein1931,GCA_001273255.1,LGIK01000030.1,83207,83992,1931,-1,tr|A5I7U1|A5I7U1_CLOBH,Metallo-beta-lactamase superfamily protein,CBO3567,Clostridium botulinum (strain Hall / ATCC 3502 / NCTC 13319 / Type A),1.0,CBO_0895
CBO_0896,GCA-001273255.1-protein670,GCA_001273255.1,LGIK01000019.1,20657,21130,670,1,tr|A5HYY7|A5HYY7_CLOBH,Glyoxalase-like domain-containing protein,CBO0443,Clostridium botulinum (strain Hall / ATCC 3502 / NCTC 13319 / Type A),0.96,CBO_0896
CBO_0897,GCA-001273255.1-protein3299,GCA_001273255.1,LGIK01000054.1,101081,101569,3299,1,tr|A5HY42|A5HY42_CLOBH,Zinc-binding protein,CBO0146,Clostridium botulinum (strain Hall / ATCC 3502 / NCTC 13319 / Type A),1.0,CBO_0897
CBO_0898,GCA-001573255.1-protein846,GCA_001573255.1,LFON01000015.1,63483,64466,846,-1,tr|A5I3A7|A5I3A7_CLOBH,Radical SAM superfamily protein,CBO1982,Clostridium botulinum (strain Hall / ATCC 3502 / NCTC 13319 / Type A),0.97,CBO_0898
CBO_0899,GCA-001273255.1-protein658,GCA_001273255.1,LGIK01000019.1,3155,3841,658,1,tr|A5HYX3|A5HYX3_CLOBH,Uncharacterized protein,CBO0429,Clostridium botulinum (strain Hall / ATCC 3502 / NCTC 13319 / Type A),1.0,CBO_0899
CBO_0900,GCA-001273255.1-protein1110,GCA_001273255.1,LGIK01000020.1,1774,2604,1110,1,tr|A5I6T0|A5I6T0_CLOBH,3-hydroxybutyryl-CoA dehydrogenase,hbd,Clostridium botulinum (strain Hall / ATCC 3502 / NCTC 13319 / Type A),1.0,CBO_0900
CBO_0901,GCA-001273255.1-protein1093,GCA_001273255.1,LGIK01000019.1,484778,485449,1093,1,tr|A5I096|A5I096_CLOBH,Heme response regulator HssR,CBO0905,Clostridium botulinum (strain Hall / ATCC 3502 / NCTC 13319 / Type A),1.0,CBO_0901
CBO_0902,GCA-001273255.1-protein3436,GCA_001273255.1,LGIK01000054.1,254148,254753,3436,1,tr|A5HYH8|A5HYH8_CLOBH,Isomerase,CBO0285,Clostridium botulinum (strain Hall / ATCC 3502 / NCTC 13319 / Type A),1.0,CBO_0902
CBO_0903,GCA-054635055.1-protein550,GCA_054635055.1,NKRQ01000001.1,623419,624840,550,-1,tr|A5I0N4|A5I0N4_CLOBH,histidine kinase,CBO1042,Clostridium botulinum (strain Hall / ATCC 3502 / NCTC 13319 / Type A),0.98,CBO_0903
CBO_0904,GCA-001273255.1-protein1581,GCA_001273255.1,LGIK01000025.1,216343,216657,1581,-1,tr|A5I597|A5I597_CLOBH,Flagellar hook-basal body complex protein FliE,fliE,Clostridium botulinum (strain Hall / ATCC 3502 / NCTC 13319 / Type A),1.0,CBO_0904
CBO_0905,GCA-001573175.1-protein292,GCA_001573175.1,LFOK01000011.1,56074,57423,292,1,tr|A5HZK7|A5HZK7_CLOBH,Uncharacterized protein,CBO0664,Clostridium botulinum (strain Hall / ATCC 3502 / NCTC 13319 / Type A),0.93,CBO_0905
CBO_0906,GCA-001273255.1-protein2852,GCA_001273255.1,LGIK01000050.1,10443,11495,2852,1,tr|A5I4X0|A5I4X0_CLOBH,Twitching mobility protein,CBO2539,Clostridium botulinum (strain Hall / ATCC 3502 / NCTC 13319 / Type A),1.0,CBO_0906
CBO_0907,GCA-007833415.1-protein1968,GCA_007833415.1,CP022397.1,2165628,2166083,1968,-1,tr|A5I3C0|A5I3C0_CLOBH,DUF2992 family protein,CBO1995,Clostridium botulinum (strain Hall / ATCC 3502 / NCTC 13319 / Type A),0.8,CBO_0907
CBO_0908,GCA-001273255.1-protein454,GCA_001273255.1,LGIK01000013.1,1200,1796,454,1,tr|A5HXT8|A5HXT8_CLOBH,Uracyl DNA glycosilase,CBO0042A,Clostridium botulinum (strain Hall / ATCC 3502 / NCTC 13319 / Type A),1.0,CBO_0908
CBO_0909,GCA-001273255.1-protein3362,GCA_001273255.1,LGIK01000054.1,169688,170671,3362,-1,tr|A5HYA5|A5HYA5_CLOBH,Exported protein,CBO0212,Clostridium botulinum (strain Hall / ATCC 3502 / NCTC 13319 / Type A),0.99,CBO_0909
CBO_0910,GCA-001273255.1-protein169,GCA_001273255.1,LGIK01000012.1,171557,173050,169,1,tr|A5I3P0|A5I3P0_CLOBH,Aldehyde-alcohol dehydrogenase,CBO2119,Clostridium botulinum (strain Hall / ATCC 3502 / NCTC 13319 / Type A),1.0,CBO_0910
CBO_0911,GCA-001273255.1-protein3255,GCA_001273255.1,LGIK01000054.1,51834,55886,3255,1,tr|A5HXZ8|A5HXZ8_CLOBH,DNA helicase,CBO0101,Clostridium botulinum (strain Hall / ATCC 3502 / NCTC 13319 / Type A),1.0,CBO_0911
CBO_0912,GCA-001573175.1-protein2129,GCA_001573175.1,LFOK01000033.1,9516,9773,2129,1,sp|A5I4Z2|Y2561_CLOBH,UPF0473 protein CBO2561/CLC_2432,CBO2561,Clostridium botulinum (strain Hall / ATCC 3502 / NCTC 13319 / Type A),0.98,CBO_0912
CBO_0913,GCA-001273255.1-protein2071,GCA_001273255.1,LGIK01000037.1,7653,8933,2071,1,sp|A5I2T7|Y1815_CLOBH,UPF0597 protein CBO1815/CLC_1757,CBO1815,Clostridium botulinum (strain Hall / ATCC 3502 / NCTC 13319 / Type A),1.0,CBO_0913
CBO_0914,GCA-001273255.1-protein2569,GCA_001273255.1,LGIK01000049.1,22694,24544,2569,-1,tr|A5I672|A5I672_CLOBH,Radical SAM superfamily protein,CBO2992,Clostridium botulinum (strain Hall / ATCC 3502 / NCTC 13319 / Type A),0.99,CBO_0914
CBO_0915,GCA-001573935.1-protein2860,GCA_001573935.1,LFPP01000006.1,72827,73573,2860,-1,tr|A5I3S7|A5I3S7_CLOBH,Membrane protein,CBO2155,Clostridium botulinum (strain Hall / ATCC 3502 / NCTC 13319 / Type A),1.0,CBO_0915
CBO_0916,GCA-001273255.1-protein675,GCA_001273255.1,LGIK01000019.1,25872,27083,675,-1,tr|A5HYZ2|A5HYZ2_CLOBH,Signaling protein,CBO0448,Clostridium botulinum (strain Hall / ATCC 3502 / NCTC 13319 / Type A),1.0,CBO_0916
CBO_0917,GCA-001273255.1-protein1811,GCA_001273255.1,LGIK01000029.1,1283,1987,1811,-1,tr|A5HXT5|A5HXT5_CLOBH,THIF-type NAD/FAD binding fold domain-containing protein,CBO0040,Clostridium botulinum (strain Hall / ATCC 3502 / NCTC 13319 / Type A),1.0,CBO_0917
CBO_0918,GCA-001573175.1-protein3307,GCA_001573175.1,LFOK01000007.1,258840,259943,3307,1,tr|A5I0Y4|A5I0Y4_CLOBH,Membrane protein,CBO1143,Clostridium botulinum (strain Hall / ATCC 3502 / NCTC 13319 / Type A),1.0,CBO_0918
CBO_0919,GCA-001273255.1-protein981,GCA_001273255.1,LGIK01000019.1,367987,368700,981,1,tr|A5HZX9|A5HZX9_CLOBH,Stage 0 sporulation protein A homolog,CBO0786,Clostridium botulinum (strain Hall / ATCC 3502 / NCTC 13319 / Type A),0.86,CBO_0919
CBO_0920,GCA-001273255.1-protein2865,GCA_001273255.1,LGIK01000050.1,23488,24360,2865,1,tr|A5I4V6|A5I4V6_CLOBH,Phosphate-binding protein,CBO2525,Clostridium botulinum (strain Hall / ATCC 3502 / NCTC 13319 / Type A),1.0,CBO_0920
CBO_0921,GCA-001273255.1-protein2247,GCA_001273255.1,LGIK01000043.1,133222,134169,2247,1,sp|A5I7A0|WHIA_CLOBH,Probable cell division protein WhiA,whiA,Clostridium botulinum (strain Hall / ATCC 3502 / NCTC 13319 / Type A),1.0,CBO_0921
CBO_0922,GCA-001273255.1-protein1571,GCA_001273255.1,LGIK01000025.1,206847,207056,1571,-1,tr|A5I587|A5I587_CLOBH,Flagellar protein,CBO2653,Clostridium botulinum (strain Hall / ATCC 3502 / NCTC 13319 / Type A),1.0,CBO_0922
CBO_0923,GCA-001273255.1-protein739,GCA_001273255.1,LGIK01000019.1,95654,98008,739,1,tr|A5HZ56|A5HZ56_CLOBH,ATP-dependent helicase,CBO0511,Clostridium botulinum (strain Hall / ATCC 3502 / NCTC 13319 / Type A),1.0,CBO_0923
CBO_0924,GCA-001273255.1-protein2131,GCA_001273255.1,LGIK01000043.1,25830,26201,2131,1,sp|A5I7L5|RL7_CLOBH,Large ribosomal subunit protein bL12,rplL,Clostridium botulinum (strain Hall / ATCC 3502 / NCTC 13319 / Type A),1.0,CBO_0924
CBO_0925,GCA-001273255.1-protein861,GCA_001273255.1,LGIK01000019.1,232469,233902,861,1,tr|A5HZI9|A5HZI9_CLOBH,Multidrug export protein,CBO0646,Clostridium botulinum (strain Hall / ATCC 3502 / NCTC 13319 / Type A),0.99,CBO_0925
CBO_0926,GCA-001273255.1-protein705,GCA_001273255.1,LGIK01000019.1,56253,58481,705,1,tr|A5HZ22|A5HZ22_CLOBH,Zinc-transporting ATPase,CBO0478,Clostridium botulinum (strain Hall / ATCC 3502 / NCTC 13319 / Type A),1.0,CBO_0926
CBO_0927,GCA-001273255.1-protein1655,GCA_001273255.1,LGIK01000026.1,54534,55118,1655,-1,tr|A5I156|A5I156_CLOBH,Nucleotidase,CBO1219,Clostridium botulinum (strain Hall / ATCC 3502 / NCTC 13319 / Type A),1.0,CBO_0927
CBO_0928,GCA-001273255.1-protein1956,GCA_001273255.1,LGIK01000030.1,109160,110332,1956,1,tr|A5I7R6|A5I7R6_CLOBH,Probable serine protease,CBO3541,Clostridium botulinum (strain Hall / ATCC 3502 / NCTC 13319 / Type A),1.0,CBO_0928
CBO_0929,GCA-001273255.1-protein145,GCA_001273255.1,LGIK01000012.1,146543,147034,145,1,tr|A5I3R4|A5I3R4_CLOBH,Membrane protein,CBO2142,Clostridium botulinum (strain Hall / ATCC 3502 / NCTC 13319 / Type A),1.0,CBO_0929
CBO_0930,GCA-001273255.1-protein3547,GCA_001273255.1,LGIK01000007.1,12037,12375,3547,1,tr|A5HYT7|A5HYT7_CLOBH,Single-stranded DNA-binding protein,CBO0393,Clostridium botulinum (strain Hall / ATCC 3502 / NCTC 13319 / Type A),1.0,CBO_0930
CBO_0931,GCA-001273255.1-protein2368,GCA_001273255.1,LGIK01000044.1,12632,13510,2368,-1,tr|A5I6K4|A5I6K4_CLOBH,Exosporium protein A domain-containing protein,CBO3123,Clostridium botulinum (strain Hall / ATCC 3502 / NCTC 13319 / Type A),1.0,CBO_0931
CBO_0932,GCA-001573665.1-protein3580,GCA_001573665.1,LFPF01000009.1,18338,18658,3580,1,sp|A5I4M8|Y2450_CLOBH,UPF0122 protein CBO2450/CLC_2298,CBO2450,Clostridium botulinum (strain Hall / ATCC 3502 / NCTC 13319 / Type A),0.98,CBO_0932
CBO_0933,GCA-001273255.1-protein453,GCA_001273255.1,LGIK01000012.1,484647,486080,453,-1,tr|A5I2U6|A5I2U6_CLOBH,Na(+)/H(+) antiporter,CBO1824,Clostridium botulinum (strain Hall / ATCC 3502 / NCTC 13319 / Type A),1.0,CBO_0933
CBO_0934,GCA-001273255.1-protein2563,GCA_001273255.1,LGIK01000049.1,17681,18955,2563,-1,sp|A5I666|OBG_CLOBH,GTPase Obg,obg,Clostridium botulinum (strain Hall / ATCC 3502 / NCTC 13319 / Type A),1.0,CBO_0934
CBO_0935,GCA-001573825.1-protein1140,GCA_001573825.1,LFPL01000002.1,60136,60849,1140,1,tr|A5I5Z8|A5I5Z8_CLOBH,Membrane protein,CBO2915,Clostridium botulinum (strain Hall / ATCC 3502 / NCTC 13319 / Type A),0.94,CBO_0935
CBO_0936,GCA-001273255.1-protein3584,GCA_001273255.1,LGIK01000009.1,13658,15025,3584,-1,tr|A5I0U5|A5I0U5_CLOBH,Multidrug export protein MepA,CBO1103,Clostridium botulinum (strain Hall / ATCC 3502 / NCTC 13319 / Type A),0.99,CBO_0936
CBO_0937,GCA-001273255.1-protein2766,GCA_001273255.1,LGIK01000005.1,81401,82138,2766,-1,tr|A5I5X4|A5I5X4_CLOBH,Selenium-dependent hydroxylase accessory protein YqeC,CBO2890,Clostridium botulinum (strain Hall / ATCC 3502 / NCTC 13319 / Type A),1.0,CBO_0937
CBO_0938,GCA-001273255.1-protein3028,GCA_001273255.1,LGIK01000051.1,118084,118386,3028,1,tr|A5I1Q9|A5I1Q9_CLOBH,Uncharacterized protein,CBO1429,Clostridium botulinum (strain Hall / ATCC 3502 / NCTC 13319 / Type A),1.0,CBO_0938
CBO_0939,GCA-001273255.1-protein1690,GCA_001273255.1,LGIK01000026.1,98945,99769,1690,-1,tr|A5I120|A5I120_CLOBH,"Cystine ABC transporter,substrate-binding protein",CBO1181,Clostridium botulinum (strain Hall / ATCC 3502 / NCTC 13319 / Type A),1.0,CBO_0939
CBO_0940,GCA-001273255.1-protein1676,GCA_001273255.1,LGIK01000026.1,80432,81907,1676,-1,sp|A5I133|SELO_CLOBH,Protein nucleotidyltransferase YdiU,ydiU,Clostridium botulinum (strain Hall / ATCC 3502 / NCTC 13319 / Type A),1.0,CBO_0940
CBO_0941,GCA-001273255.1-protein1590,GCA_001273255.1,LGIK01000025.1,223800,225230,1590,-1,tr|A5I5A8|A5I5A8_CLOBH,Cardiolipin synthase,CBO2674,Clostridium botulinum (strain Hall / ATCC 3502 / NCTC 13319 / Type A),1.0,CBO_0941
CBO_0942,GCA-001273255.1-protein2723,GCA_001273255.1,LGIK01000005.1,35180,36265,2723,1,tr|A5I618|A5I618_CLOBH,RNA polymerase sigma factor SigA,sigA,Clostridium botulinum (strain Hall / ATCC 3502 / NCTC 13319 / Type A),1.0,CBO_0942
CBO_0943,GCA-001273255.1-protein1129,GCA_001273255.1,LGIK01000021.1,12849,14042,1129,1,sp|A5I4N7|ACKA_CLOBH,Acetate kinase,ackA,Clostridium botulinum (strain Hall / ATCC 3502 / NCTC 13319 / Type A),1.0,CBO_0943
CBO_0944,GCA-001273255.1-protein1134,GCA_001273255.1,LGIK01000021.1,16376,17080,1134,1,tr|A5I4N2|A5I4N2_CLOBH,Ribonuclease 3,rnc,Clostridium botulinum (strain Hall / ATCC 3502 / NCTC 13319 / Type A),1.0,CBO_0944
CBO_0945,GCA-001273255.1-protein1116,GCA_001273255.1,LGIK01000020.1,9006,9980,1116,-1,tr|A5I6S4|A5I6S4_CLOBH,Activator of 2-hydroxyacyl-CoA-hydratase,CBO3195,Clostridium botulinum (strain Hall / ATCC 3502 / NCTC 13319 / Type A),1.0,CBO_0945
CBO_0946,GCA-001273255.1-protein3105,GCA_001273255.1,LGIK01000051.1,206262,208121,3105,1,tr|A5I1Y4|A5I1Y4_CLOBH,DNA topoisomerase,CBO1506,Clostridium botulinum (strain Hall / ATCC 3502 / NCTC 13319 / Type A),1.0,CBO_0946
CBO_0947,GCA-001273255.1-protein93,GCA_001273255.1,LGIK01000012.1,88354,89568,93,1,tr|A5I3X0|A5I3X0_CLOBH,Isocaprenoyl-CoA:2-hydroxyisocaproate CoA-transferase,hadA,Clostridium botulinum (strain Hall / ATCC 3502 / NCTC 13319 / Type A),1.0,CBO_0947
CBO_0948,GCA-001273255.1-protein2435,GCA_001273255.1,LGIK01000047.1,5514,6104,2435,-1,tr|A5I5M9|A5I5M9_CLOBH,Membrane protein,CBO2793,Clostridium botulinum (strain Hall / ATCC 3502 / NCTC 13319 / Type A),1.0,CBO_0948
CBO_0949,GCA-001273255.1-protein1197,GCA_001273255.1,LGIK01000021.1,83886,84428,1197,1,tr|A5I478|A5I478_CLOBH,Membrane protein,CBO2309,Clostridium botulinum (strain Hall / ATCC 3502 / NCTC 13319 / Type A),1.0,CBO_0949
CBO_0950,GCA-001573255.1-protein283,GCA_001573255.1,LFON01000010.1,73120,73797,283,1,tr|A5HXZ3|A5HXZ3_CLOBH,Membrane protein,CBO0096,Clostridium botulinum (strain Hall / ATCC 3502 / NCTC 13319 / Type A),0.82,CBO_0950
CBO_0951,GCA-001273255.1-protein3146,GCA_001273255.1,LGIK01000051.1,252491,253435,3146,-1,tr|A5I226|A5I226_CLOBH,DeoR-family transcriptional regulator,CBO1551,Clostridium botulinum (strain Hall / ATCC 3502 / NCTC 13319 / Type A),0.97,CBO_0951
CBO_0952,GCA-001273255.1-protein737,GCA_001273255.1,LGIK01000019.1,92523,93317,737,1,tr|A5HZ54|A5HZ54_CLOBH,Stage 0 sporulation protein A homolog,CBO0509,Clostridium botulinum (strain Hall / ATCC 3502 / NCTC 13319 / Type A),1.0,CBO_0952
CBO_0953,GCA-001273255.1-protein894,GCA_001273255.1,LGIK01000019.1,272568,273608,894,1,tr|A5HZN0|A5HZN0_CLOBH,Ferrichrome transport system permease protein,fhuB2,Clostridium botulinum (strain Hall / ATCC 3502 / NCTC 13319 / Type A),0.99,CBO_0953
CBO_0954,GCA-001273255.1-protein2250,GCA_001273255.1,LGIK01000043.1,139124,140881,2250,1,tr|A5I797|A5I797_CLOBH,Pyruvate kinase,pykF,Clostridium botulinum (strain Hall / ATCC 3502 / NCTC 13319 / Type A),1.0,CBO_0954
CBO_0955,GCA-001273255.1-protein2163,GCA_001273255.1,LGIK01000043.1,50893,51174,2163,1,tr|A5I7I3|A5I7I3_CLOBH,Ribosomal proteins L14e,CBO3458,Clostridium botulinum (strain Hall / ATCC 3502 / NCTC 13319 / Type A),0.99,CBO_0955
CBO_0956,GCA-001273255.1-protein1726,GCA_001273255.1,LGIK01000028.1,11100,11936,1726,-1,tr|A5I2Q1|A5I2Q1_CLOBH,Binding protein,CBO1779,Clostridium botulinum (strain Hall / ATCC 3502 / NCTC 13319 / Type A),1.0,CBO_0956
CBO_0957,GCA-001273255.1-protein3437,GCA_001273255.1,LGIK01000054.1,254780,255418,3437,1,tr|A5HYH9|A5HYH9_CLOBH,NAD(P)-binding domain-containing protein,CBO0286,Clostridium botulinum (strain Hall / ATCC 3502 / NCTC 13319 / Type A),1.0,CBO_0957
CBO_0958,GCA-001273255.1-protein261,GCA_001273255.1,LGIK01000012.1,273813,274631,261,1,tr|A5I3E2|A5I3E2_CLOBH,"Probable amino acid abc transporter,substrate-binding protein",CBO2018,Clostridium botulinum (strain Hall / ATCC 3502 / NCTC 13319 / Type A),0.99,CBO_0958
CBO_0959,GCA-001273255.1-protein3232,GCA_001273255.1,LGIK01000054.1,26463,27968,3232,1,tr|A5HXX3|A5HXX3_CLOBH,Membrane protein,CBO0076,Clostridium botulinum (strain Hall / ATCC 3502 / NCTC 13319 / Type A),0.99,CBO_0959
CBO_0960,GCA-001573255.1-protein1322,GCA_001573255.1,LFON01000002.1,90321,91709,1322,1,tr|A5HYI9|A5HYI9_CLOBH,Signal transduction histidine-protein kinase/phosphatase MprB,cssS,Clostridium botulinum (strain Hall / ATCC 3502 / NCTC 13319 / Type A),0.97,CBO_0960
CBO_0961,GCA-001273255.1-protein2375,GCA_001273255.1,LGIK01000044.1,22736,23398,2375,-1,tr|A5I6L3|A5I6L3_CLOBH,Transporter,CBO3133,Clostridium botulinum (strain Hall / ATCC 3502 / NCTC 13319 / Type A),1.0,CBO_0961
CBO_0962,GCA-001273255.1-protein1092,GCA_001273255.1,LGIK01000019.1,482258,484618,1092,-1,tr|A5I095|A5I095_CLOBH,"ABC transporter, ATP-binding/permease protein",CBO0904,Clostridium botulinum (strain Hall / ATCC 3502 / NCTC 13319 / Type A),0.98,CBO_0962
CBO_0963,GCA-001273255.1-protein3159,GCA_001273255.1,LGIK01000051.1,264569,265837,3159,1,tr|A5I239|A5I239_CLOBH,ATP phosphoribosyltransferase regulatory subunit,hisZ,Clostridium botulinum (strain Hall / ATCC 3502 / NCTC 13319 / Type A),0.97,CBO_0963
CBO_0964,GCA-001273255.1-protein3611,GCA_001273255.1,LGIK01000009.1,42994,43374,3611,-1,tr|A5I0R7|A5I0R7_CLOBH,CBS domain-containing protein,CBO1074,Clostridium botulinum (strain Hall / ATCC 3502 / NCTC 13319 / Type A),1.0,CBO_0964
CBO_0965,GCA-001273255.1-protein3081,GCA_001273255.1,LGIK01000051.1,180630,181772,3081,1,tr|A5I1V9|A5I1V9_CLOBH,RNA methylase,CBO1481,Clostridium botulinum (strain Hall / ATCC 3502 / NCTC 13319 / Type A),1.0,CBO_0965
CBO_0966,GCA-001573385.1-protein2904,GCA_001573385.1,LFOT01000005.1,299867,300319,2904,-1,tr|A5I423|A5I423_CLOBH,Acetyltransferase (GNAT) family protein,CBO2255,Clostridium botulinum (strain Hall / ATCC 3502 / NCTC 13319 / Type A),0.92,CBO_0966
CBO_0967,GCA-001273255.1-protein34,GCA_001273255.1,LGIK01000012.1,25341,26069,34,1,tr|A5I424|A5I424_CLOBH,Metallo-beta-lactamase superfamily protein,CBO2256,Clostridium botulinum (strain Hall / ATCC 3502 / NCTC 13319 / Type A),1.0,CBO_0967
CBO_0968,GCA-001273255.1-protein1785,GCA_001273255.1,LGIK01000028.1,79108,80589,1785,-1,tr|A5I2A8|A5I2A8_CLOBH,Threonine synthase,thrC,Clostridium botulinum (strain Hall / ATCC 3502 / NCTC 13319 / Type A),1.0,CBO_0968
CBO_0969,GCA-001273255.1-protein3222,GCA_001273255.1,LGIK01000054.1,16112,17323,3222,1,tr|A5HXW2|A5HXW2_CLOBH,Arginine deiminase,arcA1,Clostridium botulinum (strain Hall / ATCC 3502 / NCTC 13319 / Type A),1.0,CBO_0969
CBO_0970,GCA-001573175.1-protein2278,GCA_001573175.1,LFOK01000004.1,17161,17637,2278,-1,sp|A5HXW3|ISPF_CLOBH,"2-C-methyl-D-erythritol 2,4-cyclodiphosphate synthase",ispF,Clostridium botulinum (strain Hall / ATCC 3502 / NCTC 13319 / Type A),0.98,CBO_0970
CBO_0971,GCA-001273255.1-protein1560,GCA_001273255.1,LGIK01000025.1,196555,197214,1560,-1,tr|A5I576|A5I576_CLOBH,Flagellar protein,CBO2642,Clostridium botulinum (strain Hall / ATCC 3502 / NCTC 13319 / Type A),1.0,CBO_0971
CBO_0972,GCA-001273255.1-protein352,GCA_001273255.1,LGIK01000012.1,384353,386266,352,-1,tr|A5I347|A5I347_CLOBH,histidine kinase,CBO1922,Clostridium botulinum (strain Hall / ATCC 3502 / NCTC 13319 / Type A),1.0,CBO_0972
CBO_0973,GCA-001273255.1-protein1793,GCA_001273255.1,LGIK01000028.1,89297,90268,1793,-1,tr|A5I2A1|A5I2A1_CLOBH,"Acetoin:2,6-dichlorophenolindophenol oxidoreductase beta subunit",acoB,Clostridium botulinum (strain Hall / ATCC 3502 / NCTC 13319 / Type A),1.0,CBO_0973
CBO_0974,GCA-001273255.1-protein2868,GCA_001273255.1,LGIK01000050.1,26388,27137,2868,1,tr|A5I4V3|A5I4V3_CLOBH,Phosphate import ATP-binding protein,phoT,Clostridium botulinum (strain Hall / ATCC 3502 / NCTC 13319 / Type A),1.0,CBO_0974
CBO_0975,GCA-001273255.1-protein2359,GCA_001273255.1,LGIK01000043.1,281470,281940,2359,1,tr|A5I6Y7|A5I6Y7_CLOBH,Phosphoesterase,CBO3260,Clostridium botulinum (strain Hall / ATCC 3502 / NCTC 13319 / Type A),0.75,CBO_0975
CBO_0976,GCA-001273255.1-protein1624,GCA_001273255.1,LGIK01000026.1,26928,27674,1624,-1,tr|A5I191|A5I191_CLOBH,Lipoprotein,CBO1251,Clostridium botulinum (strain Hall / ATCC 3502 / NCTC 13319 / Type A),1.0,CBO_0976
CBO_0977,GCA-001273255.1-protein652,GCA_001273255.1,LGIK01000017.1,146594,147295,652,-1,tr|A5I0Q4|A5I0Q4_CLOBH,Membrane-associated protease,CBO1061,Clostridium botulinum (strain Hall / ATCC 3502 / NCTC 13319 / Type A),0.99,CBO_0977
CBO_0978,GCA-001273255.1-protein578,GCA_001273255.1,LGIK01000017.1,60475,61482,578,-1,sp|A5I0I2|ADD_CLOBH,Adenosine deaminase,add,Clostridium botulinum (strain Hall / ATCC 3502 / NCTC 13319 / Type A),1.0,CBO_0978
CBO_0979,GCA-001273255.1-protein2351,GCA_001273255.1,LGIK01000043.1,272797,274008,2351,1,tr|A5I6Z5|A5I6Z5_CLOBH,Integral membrane transport protein,CBO3268,Clostridium botulinum (strain Hall / ATCC 3502 / NCTC 13319 / Type A),1.0,CBO_0979
CBO_0980,GCA-001273255.1-protein2456,GCA_001273255.1,LGIK01000047.1,28838,30010,2456,-1,tr|A5I5K8|A5I5K8_CLOBH,Na(+)/H(+) antiporter,CBO2772,Clostridium botulinum (strain Hall / ATCC 3502 / NCTC 13319 / Type A),1.0,CBO_0980
CBO_0981,GCA-001273255.1-protein808,GCA_001273255.1,LGIK01000019.1,173311,173790,808,1,tr|A5HZC9|A5HZC9_CLOBH,GnaT-family acetyltransferase,CBO0585,Clostridium botulinum (strain Hall / ATCC 3502 / NCTC 13319 / Type A),1.0,CBO_0981
CBO_0982,GCA-001273255.1-protein2590,GCA_001273255.1,LGIK01000049.1,44183,45307,2590,-1,tr|A5I694|A5I694_CLOBH,Chorismate synthase,aroC,Clostridium botulinum (strain Hall / ATCC 3502 / NCTC 13319 / Type A),0.99,CBO_0982
CBO_0983,GCA-001273255.1-protein2399,GCA_001273255.1,LGIK01000044.1,48562,49059,2399,-1,tr|A5I6N7|A5I6N7_CLOBH,Uncharacterized protein,CBO3158,Clostridium botulinum (strain Hall / ATCC 3502 / NCTC 13319 / Type A),1.0,CBO_0983
CBO_0984,GCA-054635055.1-protein1390,GCA_054635055.1,NKRQ01000002.1,226272,226853,1390,-1,tr|A5I570|A5I570_CLOBH,Uncharacterized protein,CBO2636,Clostridium botulinum (strain Hall / ATCC 3502 / NCTC 13319 / Type A),0.96,CBO_0984
CBO_0985,GCA-001273255.1-protein142,GCA_001273255.1,LGIK01000012.1,142904,144043,142,1,tr|A5I3R7|A5I3R7_CLOBH,3-dehydroquinate synthase,aroB,Clostridium botulinum (strain Hall / ATCC 3502 / NCTC 13319 / Type A),1.0,CBO_0985
CBO_0986,GCA-001273255.1-protein1818,GCA_001273255.1,LGIK01000029.1,6109,6354,1818,-1,tr|A5HXS9|A5HXS9_CLOBH,DUF2508 family protein,CBO0034,Clostridium botulinum (strain Hall / ATCC 3502 / NCTC 13319 / Type A),1.0,CBO_0986
CBO_0987,GCA-001273255.1-protein1727,GCA_001273255.1,LGIK01000028.1,12259,13524,1727,-1,tr|A5I2Q0|A5I2Q0_CLOBH,ATP-dependent RNA helicase,rhlE,Clostridium botulinum (strain Hall / ATCC 3502 / NCTC 13319 / Type A),1.0,CBO_0987
CBO_0988,GCA-001273255.1-protein356,GCA_001273255.1,LGIK01000012.1,390139,391848,356,1,tr|A5I343|A5I343_CLOBH,Methyl-accepting chemotaxis protein,CBO1919,Clostridium botulinum (strain Hall / ATCC 3502 / NCTC 13319 / Type A),1.0,CBO_0988
CBO_0989,GCA-001273255.1-protein1998,GCA_001273255.1,LGIK01000034.1,6818,7363,1998,-1,tr|A5HYN6|A5HYN6_CLOBH,Transcriptional regulator,CBO0342,Clostridium botulinum (strain Hall / ATCC 3502 / NCTC 13319 / Type A),1.0,CBO_0989
CBO_0990,GCA-001273255.1-protein475,GCA_001273255.1,LGIK01000015.1,16841,17416,475,1,sp|A5I6W5|PYRE_CLOBH,Orotate phosphoribosyltransferase,pyrE,Clostridium botulinum (strain Hall / ATCC 3502 / NCTC 13319 / Type A),1.0,CBO_0990
CBO_0991,GCA-001573175.1-protein742,GCA_001573175.1,LFOK01000014.1,265266,267275,742,1,tr|A5I5R7|A5I5R7_CLOBH,Secreted chitodextrinase,CBO2831,Clostridium botulinum (strain Hall / ATCC 3502 / NCTC 13319 / Type A),0.96,CBO_0991
CBO_0992,GCA-001273255.1-protein319,GCA_001273255.1,LGIK01000012.1,346972,347598,319,-1,tr|A5I380|A5I380_CLOBH,NADPH-dependent FMN reductase,CBO1955,Clostridium botulinum (strain Hall / ATCC 3502 / NCTC 13319 / Type A),1.0,CBO_0992
CBO_0993,GCA-001273255.1-protein1146,GCA_001273255.1,LGIK01000021.1,27402,27926,1146,1,tr|A5I4M1|A5I4M1_CLOBH,Signal peptidase I,CBO2443,Clostridium botulinum (strain Hall / ATCC 3502 / NCTC 13319 / Type A),1.0,CBO_0993
CBO_0994,GCA-001273255.1-protein3403,GCA_001273255.1,LGIK01000054.1,219587,220099,3403,1,tr|A5HYE5|A5HYE5_CLOBH,Acetyltransferase,CBO0252,Clostridium botulinum (strain Hall / ATCC 3502 / NCTC 13319 / Type A),1.0,CBO_0994
CBO_0995,GCA-001273255.1-protein674,GCA_001273255.1,LGIK01000019.1,24795,25523,674,1,tr|A5HYZ1|A5HYZ1_CLOBH,Membrane protein,CBO0447,Clostridium botulinum (strain Hall / ATCC 3502 / NCTC 13319 / Type A),1.0,CBO_0995
CBO_0996,GCA-001273255.1-protein2382,GCA_001273255.1,LGIK01000044.1,29602,30309,2382,1,tr|A5I6M0|A5I6M0_CLOBH,DUF6873 domain-containing protein,CBO3140,Clostridium botulinum (strain Hall / ATCC 3502 / NCTC 13319 / Type A),1.0,CBO_0996
CBO_0997,GCA-001273255.1-protein3287,GCA_001273255.1,LGIK01000054.1,91010,92455,3287,1,tr|A5HY30|A5HY30_CLOBH,Transcription termination factor Rho,rho,Clostridium botulinum (strain Hall / ATCC 3502 / NCTC 13319 / Type A),1.0,CBO_0997
CBO_0998,GCA-001273255.1-protein2109,GCA_001273255.1,LGIK01000043.1,5815,8250,2109,1,tr|A5I7N6|A5I7N6_CLOBH,Negative regulator of genetic competence,clpC,Clostridium botulinum (strain Hall / ATCC 3502 / NCTC 13319 / Type A),1.0,CBO_0998
CBO_0999,GCA-001573295.1-protein548,GCA_001573295.1,LFRD01000014.1,7483,9489,548,1,tr|A5HY95|A5HY95_CLOBH,Radical SAM protein,CBO0202,Clostridium botulinum (strain Hall / ATCC 3502 / NCTC 13319 / Type A),0.96,CBO_0999
CBO_1000,GCA-001273255.1-protein444,GCA_001273255.1,LGIK01000012.1,476946,478685,444,-1,tr|A5I2V5|A5I2V5_CLOBH,Hydrogenase,CBO1832,Clostridium botulinum (strain Hall / ATCC 3502 / NCTC 13319 / Type A),1.0,CBO_1000
CBO_1001,GCA-001273255.1-protein3377,GCA_001273255.1,LGIK01000054.1,187638,188834,3377,1,sp|A5HYC0|PGK_CLOBH,Phosphoglycerate kinase,pgk,Clostridium botulinum (strain Hall / ATCC 3502 / NCTC 13319 / Type A),1.0,CBO_1001
CBO_1002,GCA-001273255.1-protein686,GCA_001273255.1,LGIK01000019.1,36905,37681,686,1,tr|A5HZ02|A5HZ02_CLOBH,DUF169 domain-containing protein,CBO0458,Clostridium botulinum (strain Hall / ATCC 3502 / NCTC 13319 / Type A),1.0,CBO_1002
CBO_1003,GCA-001273255.1-protein763,GCA_001273255.1,LGIK01000019.1,124785,126701,763,-1,tr|A5HZ81|A5HZ81_CLOBH,Glutamine-dependent NAD(+) synthetase,nadE,Clostridium botulinum (strain Hall / ATCC 3502 / NCTC 13319 / Type A),1.0,CBO_1003
CBO_1004,GCA-001273255.1-protein668,GCA_001273255.1,LGIK01000019.1,18231,19163,668,-1,tr|A5HYY3|A5HYY3_CLOBH,Patatin-like phospholipase,CBO0439,Clostridium botulinum (strain Hall / ATCC 3502 / NCTC 13319 / Type A),1.0,CBO_1004
CBO_1005,GCA-001573175.1-protein1073,GCA_001573175.1,LFOK01000017.1,6396,7802,1073,1,tr|A5I003|A5I003_CLOBH,Membrane protein,CBO0811,Clostridium botulinum (strain Hall / ATCC 3502 / NCTC 13319 / Type A),0.75,CBO_1005
CBO_1006,GCA-001273255.1-protein1816,GCA_001273255.1,LGIK01000029.1,4856,5548,1816,-1,sp|A5HXT1|SFSA_CLOBH,Sugar fermentation stimulation protein homolog,sfsA,Clostridium botulinum (strain Hall / ATCC 3502 / NCTC 13319 / Type A),1.0,CBO_1006
CBO_1007,GCA-001273255.1-protein1880,GCA_001273255.1,LGIK01000030.1,34126,35847,1880,1,tr|A5I7Z2|A5I7Z2_CLOBH,Phosphoglucomutase,CBO3619,Clostridium botulinum (strain Hall / ATCC 3502 / NCTC 13319 / Type A),1.0,CBO_1007
CBO_1008,GCA-001273255.1-protein1583,GCA_001273255.1,LGIK01000025.1,217201,217602,1583,-1,tr|A5I599|A5I599_CLOBH,Flagellar basal body rod protein FlgB,flgB,Clostridium botulinum (strain Hall / ATCC 3502 / NCTC 13319 / Type A),0.99,CBO_1008
CBO_1009,GCA-001273255.1-protein3089,GCA_001273255.1,LGIK01000051.1,187884,188936,3089,1,tr|A5I1W7|A5I1W7_CLOBH,Methylcobamide:CoM methyltransferase,CBO1489,Clostridium botulinum (strain Hall / ATCC 3502 / NCTC 13319 / Type A),1.0,CBO_1009
CBO_1010,GCA-001273255.1-protein2803,GCA_001273255.1,LGIK01000005.1,136891,137544,2803,-1,tr|A5I5T3|A5I5T3_CLOBH,Butyrate-acetoacetate CoA-transferase subunit B,ctfB,Clostridium botulinum (strain Hall / ATCC 3502 / NCTC 13319 / Type A),1.0,CBO_1010
CBO_1011,GCA-001273255.1-protein3618,GCA_001273255.1,LGIK01000009.1,52063,52941,3618,-1,tr|A5I0R0|A5I0R0_CLOBH,Cofactor modifying protein,CBO1067,Clostridium botulinum (strain Hall / ATCC 3502 / NCTC 13319 / Type A),1.0,CBO_1011
CBO_1012,GCA-001273255.1-protein3426,GCA_001273255.1,LGIK01000054.1,242525,244495,3426,1,tr|A5HYG8|A5HYG8_CLOBH,ABC transporter permease protein,CBO0275,Clostridium botulinum (strain Hall / ATCC 3502 / NCTC 13319 / Type A),1.0,CBO_1012
CBO_1013,GCA-001273255.1-protein2982,GCA_001273255.1,LGIK01000051.1,75592,76143,2982,-1,tr|A5I1L6|A5I1L6_CLOBH,Reductase,CBO1385,Clostridium botulinum (strain Hall / ATCC 3502 / NCTC 13319 / Type A),1.0,CBO_1013
CBO_1014,GCA-001273255.1-protein2921,GCA_001273255.1,LGIK01000051.1,2144,3598,2921,1,tr|A5I1F3|A5I1F3_CLOBH,Trk system potassium uptake protein TrkA,CBO1318,Clostridium botulinum (strain Hall / ATCC 3502 / NCTC 13319 / Type A),0.94,CBO_1014
CBO_1015,GCA-054770815.1-protein1706,GCA_054770815.1,NKSG01000001.1,1819224,1820066,1706,-1,tr|A5HZJ9|A5HZJ9_CLOBH,Phophoesterase,CBO0656,Clostridium botulinum (strain Hall / ATCC 3502 / NCTC 13319 / Type A),0.96,CBO_1015
CBO_1016,GCA-001273255.1-protein2039,GCA_001273255.1,LGIK01000036.1,8203,8808,2039,1,sp|A5I1C7|MNTP2_CLOBH,Manganese exporter MntP 2,mntP2,Clostridium botulinum (strain Hall / ATCC 3502 / NCTC 13319 / Type A),0.99,CBO_1016
CBO_1017,GCA-001273255.1-protein2023,GCA_001273255.1,LGIK01000035.1,12956,13366,2023,1,tr|A5I5P2|A5I5P2_CLOBH,Universal stress protein,CBO2806,Clostridium botulinum (strain Hall / ATCC 3502 / NCTC 13319 / Type A),1.0,CBO_1017
CBO_1018,GCA-002103985.1-protein616,GCA_002103985.1,MWJF01000020.1,6433,7314,616,1,tr|A5HZH1|A5HZH1_CLOBH,"ABC transporter, ATP-binding protein",CBO0627,Clostridium botulinum (strain Hall / ATCC 3502 / NCTC 13319 / Type A),0.76,CBO_1018
CBO_1019,GCA-001273255.1-protein2196,GCA_001273255.1,LGIK01000043.1,81249,81911,2196,1,tr|A5I7F0|A5I7F0_CLOBH,CobQ/CobB/MinD/ParA nucleotide binding domain-containing protein,CBO3425,Clostridium botulinum (strain Hall / ATCC 3502 / NCTC 13319 / Type A),1.0,CBO_1019
CBO_1020,GCA-001273255.1-protein3179,GCA_001273255.1,LGIK01000051.1,282888,283547,3179,1,tr|A5I259|A5I259_CLOBH,Stage 0 sporulation protein A homolog,CBO1585,Clostridium botulinum (strain Hall / ATCC 3502 / NCTC 13319 / Type A),1.0,CBO_1020
CBO_1021,GCA-001273255.1-protein3323,GCA_001273255.1,LGIK01000054.1,125457,125984,3323,1,tr|A5HY66|A5HY66_CLOBH,Ribosome hibernation promoting factor,hpf,Clostridium botulinum (strain Hall / ATCC 3502 / NCTC 13319 / Type A),1.0,CBO_1021
CBO_1022,GCA-001273255.1-protein762,GCA_001273255.1,LGIK01000019.1,124154,124579,762,1,tr|A5HZ80|A5HZ80_CLOBH,DUF327 family protein,CBO0536,Clostridium botulinum (strain Hall / ATCC 3502 / NCTC 13319 / Type A),1.0,CBO_1022
CBO_1023,GCA-001273255.1-protein96,GCA_001273255.1,LGIK01000012.1,92255,93388,96,1,tr|A5I3W7|A5I3W7_CLOBH,"Acyl-CoA dehydrogenase, short-chain specific",acdB,Clostridium botulinum (strain Hall / ATCC 3502 / NCTC 13319 / Type A),1.0,CBO_1023
CBO_1024,GCA-016989565.1-protein1800,GCA_016989565.1,NKSB01000022.1,11886,13871,1800,-1,tr|A5I4T2|A5I4T2_CLOBH,non-specific serine/threonine protein kinase,CBO2504,Clostridium botulinum (strain Hall / ATCC 3502 / NCTC 13319 / Type A),0.96,CBO_1024
CBO_1025,GCA-001573175.1-protein3006,GCA_001573175.1,LFOK01000006.1,92473,92958,3006,1,tr|A5HZ41|A5HZ41_CLOBH,Uncharacterized protein,CBO0496,Clostridium botulinum (strain Hall / ATCC 3502 / NCTC 13319 / Type A),0.95,CBO_1025
CBO_1026,GCA-001573175.1-protein611,GCA_001573175.1,LFOK01000014.1,118015,119085,611,-1,tr|A5I5B4|A5I5B4_CLOBH,N-acetyl neuramic acid synthetase,CBO2680,Clostridium botulinum (strain Hall / ATCC 3502 / NCTC 13319 / Type A),0.97,CBO_1026
CBO_1027,GCA-001273255.1-protein2810,GCA_001273255.1,LGIK01000005.1,144668,146062,2810,1,tr|A5I5S6|A5I5S6_CLOBH,Multidrug export protein MepA,CBO2841,Clostridium botulinum (strain Hall / ATCC 3502 / NCTC 13319 / Type A),1.0,CBO_1027
CBO_1028,GCA-001273255.1-protein1708,GCA_001273255.1,LGIK01000026.1,117088,117993,1708,-1,tr|A5I103|A5I103_CLOBH,"ABC transporter, permease protein",CBO1163,Clostridium botulinum (strain Hall / ATCC 3502 / NCTC 13319 / Type A),1.0,CBO_1028
CBO_1029,GCA-001273255.1-protein2240,GCA_001273255.1,LGIK01000043.1,125547,126443,2240,1,tr|A5I7A7|A5I7A7_CLOBH,Nucleic acid-binding protein,CBO3382,Clostridium botulinum (strain Hall / ATCC 3502 / NCTC 13319 / Type A),1.0,CBO_1029
CBO_1030,GCA-001273255.1-protein1841,GCA_001273255.1,LGIK01000029.1,30613,31776,1841,-1,tr|A5HXQ6|A5HXQ6_CLOBH,Ferredoxin,CBO0010,Clostridium botulinum (strain Hall / ATCC 3502 / NCTC 13319 / Type A),0.92,CBO_1030
CBO_1031,GCA-001273255.1-protein633,GCA_001273255.1,LGIK01000017.1,121065,121823,633,-1,tr|A5I0N6|A5I0N6_CLOBH,AraC-family transcriptional regulator,CBO1044,Clostridium botulinum (strain Hall / ATCC 3502 / NCTC 13319 / Type A),0.97,CBO_1031
CBO_1032,GCA-001273255.1-protein593,GCA_001273255.1,LGIK01000017.1,80793,82316,593,1,tr|A5I0J7|A5I0J7_CLOBH,L-lactate permease,glcA,Clostridium botulinum (strain Hall / ATCC 3502 / NCTC 13319 / Type A),1.0,CBO_1032
CBO_1033,GCA-007833455.1-protein2638,GCA_007833455.1,CP022403.1,2909114,2911021,2638,-1,tr|A5I5H4|A5I5H4_CLOBH,Flagellar hook-associated protein 1,flgK,Clostridium botulinum (strain Hall / ATCC 3502 / NCTC 13319 / Type A),0.84,CBO_1033
CBO_1034,GCA-001273255.1-protein2875,GCA_001273255.1,LGIK01000050.1,35615,36616,2875,1,tr|A5I4U5|A5I4U5_CLOBH,L-asparaginase,CBO2516,Clostridium botulinum (strain Hall / ATCC 3502 / NCTC 13319 / Type A),1.0,CBO_1034
CBO_1035,GCA-001273255.1-protein3283,GCA_001273255.1,LGIK01000054.1,87352,87780,3283,1,tr|A5HY26|A5HY26_CLOBH,DUF1934 domain-containing protein,CBO0130,Clostridium botulinum (strain Hall / ATCC 3502 / NCTC 13319 / Type A),1.0,CBO_1035
CBO_1036,GCA-054771215.1-protein473,GCA_054771215.1,NKTA01000010.1,52371,52754,473,-1,tr|A5I222|A5I222_CLOBH,Glyoxalase,CBO1546,Clostridium botulinum (strain Hall / ATCC 3502 / NCTC 13319 / Type A),0.87,CBO_1036
CBO_1037,GCA-001273255.1-protein1942,GCA_001273255.1,LGIK01000030.1,95215,96351,1942,1,tr|A5I7T0|A5I7T0_CLOBH,Lipoprotein,CBO3555,Clostridium botulinum (strain Hall / ATCC 3502 / NCTC 13319 / Type A),1.0,CBO_1037
CBO_1038,GCA-001273255.1-protein2665,GCA_001273255.1,LGIK01000049.1,109946,110701,2665,-1,tr|A5I6G8|A5I6G8_CLOBH,RNA polymerase sigma factor,sigF,Clostridium botulinum (strain Hall / ATCC 3502 / NCTC 13319 / Type A),1.0,CBO_1038
CBO_1039,GCA-001273255.1-protein2191,GCA_001273255.1,LGIK01000043.1,74908,76188,2191,1,tr|A5I7F5|A5I7F5_CLOBH,Exported protein,CBO3430,Clostridium botulinum (strain Hall / ATCC 3502 / NCTC 13319 / Type A),1.0,CBO_1039
CBO_1040,GCA-001273255.1-protein3559,GCA_001273255.1,LGIK01000007.1,24728,25981,3559,1,tr|A5HYU9|A5HYU9_CLOBH,Transcriptional regulator,CBO0405,Clostridium botulinum (strain Hall / ATCC 3502 / NCTC 13319 / Type A),1.0,CBO_1040
CBO_1041,GCA-001273255.1-protein3339,GCA_001273255.1,LGIK01000054.1,146800,147399,3339,-1,tr|A5HY82|A5HY82_CLOBH,DnaJ-related protein,CBO0189,Clostridium botulinum (strain Hall / ATCC 3502 / NCTC 13319 / Type A),1.0,CBO_1041
CBO_1042,GCA-001273255.1-protein727,GCA_001273255.1,LGIK01000019.1,80487,81140,727,1,sp|A5HZ44|TRMB_CLOBH,tRNA (guanine-N(7)-)-methyltransferase,trmB,Clostridium botulinum (strain Hall / ATCC 3502 / NCTC 13319 / Type A),1.0,CBO_1042
CBO_1043,GCA-001273255.1-protein1010,GCA_001273255.1,LGIK01000019.1,405282,406805,1010,1,tr|A5I010|A5I010_CLOBH,Ferrous iron transport protein B,feoB',Clostridium botulinum (strain Hall / ATCC 3502 / NCTC 13319 / Type A),1.0,CBO_1043
CBO_1044,GCA-001273255.1-protein3118,GCA_001273255.1,LGIK01000051.1,221245,222201,3118,-1,sp|A5I1Z6|LDH_CLOBH,L-lactate dehydrogenase,ldh,Clostridium botulinum (strain Hall / ATCC 3502 / NCTC 13319 / Type A),1.0,CBO_1044
CBO_1045,GCA-001573235.1-protein1431,GCA_001573235.1,LFOL01000021.1,46382,46813,1431,1,,,,,,CBO_1045
CBO_1046,GCA-001273255.1-protein677,GCA_001273255.1,LGIK01000019.1,27957,28748,677,-1,sp|A5HYZ4|THIM1_CLOBH,Hydroxyethylthiazole kinase 1,thiM1,Clostridium botulinum (strain Hall / ATCC 3502 / NCTC 13319 / Type A),1.0,CBO_1046
CBO_1047,GCA-001273255.1-protein2081,GCA_001273255.1,LGIK01000037.1,20231,21097,2081,1,tr|A5I2S7|A5I2S7_CLOBH,Acetyltransferase,CBO1805,Clostridium botulinum (strain Hall / ATCC 3502 / NCTC 13319 / Type A),0.99,CBO_1047
CBO_1048,GCA-001273255.1-protein3331,GCA_001273255.1,LGIK01000054.1,137041,137727,3331,1,tr|A5HY74|A5HY74_CLOBH,Phosphoesterase,CBO0181,Clostridium botulinum (strain Hall / ATCC 3502 / NCTC 13319 / Type A),1.0,CBO_1048
CBO_1049,GCA-001273255.1-protein1810,GCA_001273255.1,LGIK01000029.1,91,1200,1810,-1,tr|A5HXT6|A5HXT6_CLOBH,Membrane protein,CBO0041,Clostridium botulinum (strain Hall / ATCC 3502 / NCTC 13319 / Type A),1.0,CBO_1049
CBO_1050,GCA-001273255.1-protein3356,GCA_001273255.1,LGIK01000054.1,163734,164330,3356,1,tr|A5HY99|A5HY99_CLOBH,Serine acetyltransferase,cysE,Clostridium botulinum (strain Hall / ATCC 3502 / NCTC 13319 / Type A),1.0,CBO_1050
CBO_1051,GCA-016989565.1-protein703,GCA_016989565.1,NKSB01000011.1,69662,69931,703,1,tr|A5HY73|A5HY73_CLOBH,Flagellar biogenesis protein,CBO0180,Clostridium botulinum (strain Hall / ATCC 3502 / NCTC 13319 / Type A),1.0,CBO_1051
CBO_1052,GCA-001574335.1-protein3066,GCA_001574335.1,LFQE01000006.1,464790,465554,3066,-1,tr|A5I067|A5I067_CLOBH,Membrane membrane protein,CBO0875,Clostridium botulinum (strain Hall / ATCC 3502 / NCTC 13319 / Type A),0.98,CBO_1052
CBO_1053,GCA-001273255.1-protein3009,GCA_001273255.1,LGIK01000051.1,105550,106356,3009,1,tr|A5I1P3|A5I1P3_CLOBH,"ABC transporter, substrate-binding lipoprotein",CBO1411,Clostridium botulinum (strain Hall / ATCC 3502 / NCTC 13319 / Type A),1.0,CBO_1053
CBO_1054,GCA-001273255.1-protein3418,GCA_001273255.1,LGIK01000054.1,234306,235631,3418,1,tr|A5HYG0|A5HYG0_CLOBH,Probable glycosyl hydrolase,CBO0267,Clostridium botulinum (strain Hall / ATCC 3502 / NCTC 13319 / Type A),1.0,CBO_1054
CBO_1055,GCA-001273255.1-protein3185,GCA_001273255.1,LGIK01000051.1,290458,291018,3185,1,tr|A5I266|A5I266_CLOBH,5'-deoxynucleotidase,CBO1592,Clostridium botulinum (strain Hall / ATCC 3502 / NCTC 13319 / Type A),1.0,CBO_1055
CBO_1056,GCA-001273255.1-protein1231,GCA_001273255.1,LGIK01000021.1,115128,115724,1231,1,tr|A5I446|A5I446_CLOBH,Superoxide dismutase,CBO2277,Clostridium botulinum (strain Hall / ATCC 3502 / NCTC 13319 / Type A),0.99,CBO_1056
CBO_1057,GCA-001273255.1-protein3613,GCA_001273255.1,LGIK01000009.1,45047,46738,3613,-1,sp|A5I0R5|SYR_CLOBH,Arginine--tRNA ligase,argS,Clostridium botulinum (strain Hall / ATCC 3502 / NCTC 13319 / Type A),0.99,CBO_1057
CBO_1058,GCA-001273255.1-protein1324,GCA_001273255.1,LGIK01000023.1,17261,18094,1324,-1,tr|A5HYR7|A5HYR7_CLOBH,Ion-translocating oxidoreductase complex subunit B,rnfB,Clostridium botulinum (strain Hall / ATCC 3502 / NCTC 13319 / Type A),1.0,CBO_1058
CBO_1059,GCA-001273255.1-protein2100,GCA_001273255.1,LGIK01000037.1,42125,42640,2100,1,tr|A5I2Q6|A5I2Q6_CLOBH,Ferritin,ftnA,Clostridium botulinum (strain Hall / ATCC 3502 / NCTC 13319 / Type A),1.0,CBO_1059
CBO_1060,GCA-001273255.1-protein3132,GCA_001273255.1,LGIK01000051.1,237150,237980,3132,1,tr|A5I212|A5I212_CLOBH,TIM-barrel domain-containing protein,CBO1535,Clostridium botulinum (strain Hall / ATCC 3502 / NCTC 13319 / Type A),1.0,CBO_1060
CBO_1061,GCA-001273255.1-protein1211,GCA_001273255.1,LGIK01000021.1,95085,95390,1211,1,tr|A5I465|A5I465_CLOBH,Membrane protein,CBO2296,Clostridium botulinum (strain Hall / ATCC 3502 / NCTC 13319 / Type A),1.0,CBO_1061
CBO_1062,GCA-001273255.1-protein2288,GCA_001273255.1,LGIK01000043.1,195573,196571,2288,1,tr|A5I756|A5I756_CLOBH,Tryptophan--tRNA ligase,trpS,Clostridium botulinum (strain Hall / ATCC 3502 / NCTC 13319 / Type A),1.0,CBO_1062
CBO_1063,GCA-001273255.1-protein176,GCA_001273255.1,LGIK01000012.1,179233,179535,176,1,tr|A5I3N3|A5I3N3_CLOBH,Bacterial microcompartment domain-containing protein,CBO2112,Clostridium botulinum (strain Hall / ATCC 3502 / NCTC 13319 / Type A),1.0,CBO_1063
CBO_1064,GCA-001273255.1-protein1546,GCA_001273255.1,LGIK01000025.1,180683,182644,1546,-1,tr|A5I562|A5I562_CLOBH,V-type sodium ATP synthase subunit I,ntpI,Clostridium botulinum (strain Hall / ATCC 3502 / NCTC 13319 / Type A),1.0,CBO_1064
CBO_1065,GCA-001273255.1-protein1459,GCA_001273255.1,LGIK01000025.1,100971,101915,1459,-1,tr|A5I525|A5I525_CLOBH,Carbamate kinase,arcC,Clostridium botulinum (strain Hall / ATCC 3502 / NCTC 13319 / Type A),1.0,CBO_1065
CBO_1066,GCA-001273255.1-protein2404,GCA_001273255.1,LGIK01000044.1,51997,53286,2404,-1,tr|A5I6P2|A5I6P2_CLOBH,tetrahydrofolate synthase,folC,Clostridium botulinum (strain Hall / ATCC 3502 / NCTC 13319 / Type A),1.0,CBO_1066
CBO_1067,GCA-001273255.1-protein1142,GCA_001273255.1,LGIK01000021.1,25301,25528,1142,1,tr|A5I4M5|A5I4M5_CLOBH,RNA-binding protein KhpA,khpA,Clostridium botulinum (strain Hall / ATCC 3502 / NCTC 13319 / Type A),1.0,CBO_1067
CBO_1068,GCA-001273255.1-protein3102,GCA_001273255.1,LGIK01000051.1,201863,202882,3102,1,tr|A5I1Y1|A5I1Y1_CLOBH,NADH/NADPH oxidoreductase,CBO1503,Clostridium botulinum (strain Hall / ATCC 3502 / NCTC 13319 / Type A),1.0,CBO_1068
CBO_1069,GCA-001273255.1-protein1022,GCA_001273255.1,LGIK01000019.1,417580,418035,1022,1,tr|A5I022|A5I022_CLOBH,2-amino-4-hydroxy-6-hydroxymethyldihydropteridine diphosphokinase,folK,Clostridium botulinum (strain Hall / ATCC 3502 / NCTC 13319 / Type A),1.0,CBO_1069
CBO_1070,GCA-001273255.1-protein523,GCA_001273255.1,LGIK01000017.1,13209,13730,523,1,tr|A5I0C5|A5I0C5_CLOBH,Nitroreductase,CBO0933,Clostridium botulinum (strain Hall / ATCC 3502 / NCTC 13319 / Type A),0.97,CBO_1070
CBO_1071,GCA-001573825.1-protein1211,GCA_001573825.1,LFPL01000002.1,145890,148229,1211,1,tr|A5I5T8|A5I5T8_CLOBH,"Dehydrogenase, molybdenum binding subunit",CBO2852,Clostridium botulinum (strain Hall / ATCC 3502 / NCTC 13319 / Type A),0.98,CBO_1071
CBO_1072,GCA-001273255.1-protein3350,GCA_001273255.1,LGIK01000054.1,156025,156909,3350,1,tr|A5HY93|A5HY93_CLOBH,DAGKc domain-containing protein,CBO0200,Clostridium botulinum (strain Hall / ATCC 3502 / NCTC 13319 / Type A),1.0,CBO_1072
CBO_1073,GCA-001273255.1-protein3328,GCA_001273255.1,LGIK01000054.1,134093,134686,3328,1,tr|A5HY71|A5HY71_CLOBH,Riboflavin transporter,CBO0178,Clostridium botulinum (strain Hall / ATCC 3502 / NCTC 13319 / Type A),1.0,CBO_1073
CBO_1074,GCA-001273255.1-protein3175,GCA_001273255.1,LGIK01000051.1,279021,280277,3175,1,tr|A5I255|A5I255_CLOBH,Membrane protein,CBO1581,Clostridium botulinum (strain Hall / ATCC 3502 / NCTC 13319 / Type A),1.0,CBO_1074
CBO_1075,GCA-001273255.1-protein1738,GCA_001273255.1,LGIK01000028.1,24959,25492,1738,1,tr|A5I2N9|A5I2N9_CLOBH,Putative amidase domain-containing protein,CBO1767,Clostridium botulinum (strain Hall / ATCC 3502 / NCTC 13319 / Type A),1.0,CBO_1075
CBO_1076,GCA-001273255.1-protein2350,GCA_001273255.1,LGIK01000043.1,272145,272414,2350,1,tr|A5I6Z6|A5I6Z6_CLOBH,Membrane protein,CBO3269,Clostridium botulinum (strain Hall / ATCC 3502 / NCTC 13319 / Type A),1.0,CBO_1076
CBO_1077,GCA-001573175.1-protein3485,GCA_001573175.1,LFOK01000008.1,86348,87352,3485,1,sp|A5I3X9|PDXA2_CLOBH,Putative D-threonate 4-phosphate dehydrogenase,CBO2208,Clostridium botulinum (strain Hall / ATCC 3502 / NCTC 13319 / Type A),1.0,CBO_1077
CBO_1078,GCA-001273255.1-protein1681,GCA_001273255.1,LGIK01000026.1,88456,90342,1681,-1,tr|A5I128|A5I128_CLOBH,Phosphodiesterase,CBO1190,Clostridium botulinum (strain Hall / ATCC 3502 / NCTC 13319 / Type A),1.0,CBO_1078
CBO_1079,GCA-001273255.1-protein344,GCA_001273255.1,LGIK01000012.1,374961,376823,344,1,tr|A5I355|A5I355_CLOBH,"ABC transporter, ATP-binding/permease protein",CBO1930,Clostridium botulinum (strain Hall / ATCC 3502 / NCTC 13319 / Type A),1.0,CBO_1079
CBO_1080,GCA-001273255.1-protein1156,GCA_001273255.1,LGIK01000021.1,39274,39990,1156,1,sp|A5I4L0|PYRH_CLOBH,Uridylate kinase,pyrH,Clostridium botulinum (strain Hall / ATCC 3502 / NCTC 13319 / Type A),1.0,CBO_1080
CBO_1081,GCA-001273255.1-protein1820,GCA_001273255.1,LGIK01000029.1,7058,7399,1820,-1,sp|A5HXS7|Y032_CLOBH,Nucleoid-associated protein CBO0032/CLC_0052,CBO0032,Clostridium botulinum (strain Hall / ATCC 3502 / NCTC 13319 / Type A),1.0,CBO_1081
CBO_1082,GCA-001273255.1-protein1573,GCA_001273255.1,LGIK01000025.1,208409,208828,1573,-1,tr|A5I589|A5I589_CLOBH,Flagellar protein,CBO2655,Clostridium botulinum (strain Hall / ATCC 3502 / NCTC 13319 / Type A),1.0,CBO_1082
CBO_1083,GCA-001273255.1-protein1135,GCA_001273255.1,LGIK01000021.1,17073,18164,1135,1,tr|A5I4N1|A5I4N1_CLOBH,Radical SAM superfamily protein,CBO2453,Clostridium botulinum (strain Hall / ATCC 3502 / NCTC 13319 / Type A),0.99,CBO_1083
CBO_1084,GCA-001273255.1-protein3485,GCA_001273255.1,LGIK01000055.1,3113,4471,3485,1,tr|A5HYW1|A5HYW1_CLOBH,2-isopropylmalate synthase,CBO0417,Clostridium botulinum (strain Hall / ATCC 3502 / NCTC 13319 / Type A),1.0,CBO_1084
CBO_1085,GCA-001273255.1-protein3183,GCA_001273255.1,LGIK01000051.1,288470,289120,3183,-1,tr|A5I263|A5I263_CLOBH,Hemolysin,CBO1589,Clostridium botulinum (strain Hall / ATCC 3502 / NCTC 13319 / Type A),1.0,CBO_1085
CBO_1086,GCA-001273255.1-protein1182,GCA_001273255.1,LGIK01000021.1,67109,69385,1182,1,tr|A5I4I2|A5I4I2_CLOBH,DNA translocase FtsK,ftsK,Clostridium botulinum (strain Hall / ATCC 3502 / NCTC 13319 / Type A),1.0,CBO_1086
CBO_1087,GCA-001273255.1-protein3358,GCA_001273255.1,LGIK01000054.1,165465,166166,3358,1,tr|A5HYA1|A5HYA1_CLOBH,Probable acyltransferase,plsD,Clostridium botulinum (strain Hall / ATCC 3502 / NCTC 13319 / Type A),1.0,CBO_1087
CBO_1088,GCA-001273255.1-protein3553,GCA_001273255.1,LGIK01000007.1,16812,18866,3553,-1,tr|A5HYU3|A5HYU3_CLOBH,Methyl-accepting chemotaxis protein,CBO0399,Clostridium botulinum (strain Hall / ATCC 3502 / NCTC 13319 / Type A),0.98,CBO_1088
CBO_1089,GCA-001273255.1-protein3593,GCA_001273255.1,LGIK01000009.1,25291,26748,3593,1,sp|A5I0T6|SYE_CLOBH,Glutamate--tRNA ligase,gltX,Clostridium botulinum (strain Hall / ATCC 3502 / NCTC 13319 / Type A),1.0,CBO_1089
CBO_1090,GCA-001273255.1-protein1157,GCA_001273255.1,LGIK01000021.1,40006,40560,1157,1,sp|A5I4K9|RRF_CLOBH,Ribosome-recycling factor,frr,Clostridium botulinum (strain Hall / ATCC 3502 / NCTC 13319 / Type A),1.0,CBO_1090
CBO_1091,GCA-001273255.1-protein2233,GCA_001273255.1,LGIK01000043.1,114888,116093,2233,1,tr|A5I7B3|A5I7B3_CLOBH,Carboxy-terminal processing protease,CBO3389,Clostridium botulinum (strain Hall / ATCC 3502 / NCTC 13319 / Type A),1.0,CBO_1091
CBO_1092,GCA-001273255.1-protein491,GCA_001273255.1,LGIK01000015.1,34171,34785,491,1,tr|A5I6U8|A5I6U8_CLOBH,Lipoprotein,CBO3219,Clostridium botulinum (strain Hall / ATCC 3502 / NCTC 13319 / Type A),1.0,CBO_1092
CBO_1093,GCA-001273255.1-protein2560,GCA_001273255.1,LGIK01000049.1,15861,16430,2560,-1,tr|A5I663|A5I663_CLOBH,bis(5'-nucleosyl)-tetraphosphatase (symmetrical),CBO2983,Clostridium botulinum (strain Hall / ATCC 3502 / NCTC 13319 / Type A),1.0,CBO_1093
CBO_1094,GCA-054771325.1-protein2412,GCA_054771325.1,NKTI01000004.1,380583,381335,2412,1,sp|A5I244|HIS4_CLOBH,1-(5-phosphoribosyl)-5-[(5-phosphoribosylamino)methylideneamino] imidazole-4-carboxamide isomerase,hisA,Clostridium botulinum (strain Hall / ATCC 3502 / NCTC 13319 / Type A),0.93,CBO_1094
CBO_1095,GCA-001273255.1-protein715,GCA_001273255.1,LGIK01000019.1,67350,68306,715,1,tr|A5HZ32|A5HZ32_CLOBH,Cytolysin-associated protein,SagB,Clostridium botulinum (strain Hall / ATCC 3502 / NCTC 13319 / Type A),1.0,CBO_1095
CBO_1096,GCA-001273255.1-protein292,GCA_001273255.1,LGIK01000012.1,312965,314395,292,1,tr|A5I3A9|A5I3A9_CLOBH,Na+/H+ exchanger,CBO1984,Clostridium botulinum (strain Hall / ATCC 3502 / NCTC 13319 / Type A),1.0,CBO_1096
CBO_1097,GCA-001273255.1-protein549,GCA_001273255.1,LGIK01000017.1,33175,34140,549,1,tr|A5I0F2|A5I0F2_CLOBH,Anaerobic sulfite reductase subunit C,asrC,Clostridium botulinum (strain Hall / ATCC 3502 / NCTC 13319 / Type A),0.99,CBO_1097
CBO_1098,GCA-001273255.1-protein296,GCA_001273255.1,LGIK01000012.1,317169,317597,296,1,tr|A5I3A4|A5I3A4_CLOBH,Membrane protein,CBO1979,Clostridium botulinum (strain Hall / ATCC 3502 / NCTC 13319 / Type A),1.0,CBO_1098
CBO_1099,GCA-001273255.1-protein2135,GCA_001273255.1,LGIK01000043.1,34161,34538,2135,1,sp|A5I7L1|RS12_CLOBH,Small ribosomal subunit protein uS12,rpsL,Clostridium botulinum (strain Hall / ATCC 3502 / NCTC 13319 / Type A),1.0,CBO_1099
CBO_1100,GCA-001273255.1-protein2093,GCA_001273255.1,LGIK01000037.1,35231,36211,2093,-1,tr|A5I2R5|A5I2R5_CLOBH,Tyrosine recombinase,xerD1,Clostridium botulinum (strain Hall / ATCC 3502 / NCTC 13319 / Type A),1.0,CBO_1100
CBO_1101,GCA-001573935.1-protein2015,GCA_001573935.1,LFPP01000033.1,29549,30409,2015,1,tr|A5HYL3|A5HYL3_CLOBH,Undecaprenyl-diphosphatase,upk1,Clostridium botulinum (strain Hall / ATCC 3502 / NCTC 13319 / Type A),0.98,CBO_1101
CBO_1102,GCA-016990395.1-protein57,GCA_016990395.1,NQVW01000001.1,61458,62192,57,-1,tr|A5I4V9|A5I4V9_CLOBH,Purine nucleoside phosphorylase,CBO2528,Clostridium botulinum (strain Hall / ATCC 3502 / NCTC 13319 / Type A),0.96,CBO_1102
CBO_1103,GCA-001273255.1-protein2219,GCA_001273255.1,LGIK01000043.1,102661,103986,2219,1,tr|A5I7C7|A5I7C7_CLOBH,Na+/H+ antiporter,CBO3402,Clostridium botulinum (strain Hall / ATCC 3502 / NCTC 13319 / Type A),1.0,CBO_1103
CBO_1104,GCA-001273255.1-protein1842,GCA_001273255.1,LGIK01000029.1,31778,32299,1842,-1,tr|A5HXQ5|A5HXQ5_CLOBH,Small molecule binding protein,CBO0009,Clostridium botulinum (strain Hall / ATCC 3502 / NCTC 13319 / Type A),1.0,CBO_1104
CBO_1105,GCA-001273255.1-protein1151,GCA_001273255.1,LGIK01000021.1,32408,33493,1151,1,tr|A5I4L6|A5I4L6_CLOBH,SMF family protein,CBO2438,Clostridium botulinum (strain Hall / ATCC 3502 / NCTC 13319 / Type A),1.0,CBO_1105
CBO_1106,GCA-001273255.1-protein2157,GCA_001273255.1,LGIK01000043.1,47027,47524,2157,1,sp|A5I7I9|RS5_CLOBH,Small ribosomal subunit protein uS5,rpsE,Clostridium botulinum (strain Hall / ATCC 3502 / NCTC 13319 / Type A),1.0,CBO_1106
CBO_1107,GCA-001273255.1-protein21,GCA_001273255.1,LGIK01000012.1,14160,14741,21,1,tr|A5I439|A5I439_CLOBH,NADPH-dependent FMN reductase-like domain-containing protein,CBO2270,Clostridium botulinum (strain Hall / ATCC 3502 / NCTC 13319 / Type A),1.0,CBO_1107
CBO_1108,GCA-001273255.1-protein1645,GCA_001273255.1,LGIK01000026.1,45018,45290,1645,-1,tr|A5I167|A5I167_CLOBH,Spore coat protein,cotJB,Clostridium botulinum (strain Hall / ATCC 3502 / NCTC 13319 / Type A),1.0,CBO_1108
CBO_1109,GCA-001273255.1-protein2653,GCA_001273255.1,LGIK01000049.1,97874,98536,2653,-1,tr|A5I6F6|A5I6F6_CLOBH,Uncharacterized protein,CBO3075,Clostridium botulinum (strain Hall / ATCC 3502 / NCTC 13319 / Type A),1.0,CBO_1109
CBO_1110,GCA-001273255.1-protein100,GCA_001273255.1,LGIK01000012.1,97289,98062,100,1,tr|A5I3W3|A5I3W3_CLOBH,Activator of 2-hydroxyisocaproyl-CoA dehydratase,hadI,Clostridium botulinum (strain Hall / ATCC 3502 / NCTC 13319 / Type A),1.0,CBO_1110
CBO_1111,GCA-001273255.1-protein2857,GCA_001273255.1,LGIK01000050.1,16286,17080,2857,1,tr|A5I4W5|A5I4W5_CLOBH,Sporulation sigma-E factor-processing peptidase,spoIIGA,Clostridium botulinum (strain Hall / ATCC 3502 / NCTC 13319 / Type A),0.99,CBO_1111
CBO_1112,GCA-001273255.1-protein2335,GCA_001273255.1,LGIK01000043.1,256602,257597,2335,1,tr|A5I709|A5I709_CLOBH,D-phenyllactate dehydrogenase,fldH,Clostridium botulinum (strain Hall / ATCC 3502 / NCTC 13319 / Type A),1.0,CBO_1112
CBO_1113,GCA-001273255.1-protein3278,GCA_001273255.1,LGIK01000054.1,81337,82518,3278,1,tr|A5HY21|A5HY21_CLOBH,Spore germination protein,CBO0125,Clostridium botulinum (strain Hall / ATCC 3502 / NCTC 13319 / Type A),1.0,CBO_1113
CBO_1114,GCA-001273255.1-protein472,GCA_001273255.1,LGIK01000015.1,14160,15011,472,1,sp|A5I6W8|PYRF_CLOBH,Orotidine 5'-phosphate decarboxylase,pyrF,Clostridium botulinum (strain Hall / ATCC 3502 / NCTC 13319 / Type A),1.0,CBO_1114
CBO_1115,GCA-001273255.1-protein2575,GCA_001273255.1,LGIK01000049.1,28977,29606,2575,-1,tr|A5I678|A5I678_CLOBH,Probable septum site-determining protein MinC,minC,Clostridium botulinum (strain Hall / ATCC 3502 / NCTC 13319 / Type A),1.0,CBO_1115
CBO_1116,GCA-001273255.1-protein268,GCA_001273255.1,LGIK01000012.1,281182,282312,268,-1,tr|A5I3D5|A5I3D5_CLOBH,ATP-dependent RNA helicase,CBO2010,Clostridium botulinum (strain Hall / ATCC 3502 / NCTC 13319 / Type A),0.99,CBO_1116
CBO_1117,GCA-001273255.1-protein1782,GCA_001273255.1,LGIK01000028.1,75259,76536,1782,-1,tr|A5I2B1|A5I2B1_CLOBH,Homoserine dehydrogenase,hom,Clostridium botulinum (strain Hall / ATCC 3502 / NCTC 13319 / Type A),1.0,CBO_1117
CBO_1118,GCA-001573235.1-protein3293,GCA_001573235.1,LFOL01000007.1,91133,91450,3293,-1,tr|A5I4J4|A5I4J4_CLOBH,Ribosomal protein,CBO2419,Clostridium botulinum (strain Hall / ATCC 3502 / NCTC 13319 / Type A),0.99,CBO_1118
CBO_1119,GCA-001273255.1-protein178,GCA_001273255.1,LGIK01000012.1,179994,180656,178,1,tr|A5I3N1|A5I3N1_CLOBH,Ethanolamine utilization protein,eutQ,Clostridium botulinum (strain Hall / ATCC 3502 / NCTC 13319 / Type A),0.99,CBO_1119
CBO_1120,GCA-001273255.1-protein2941,GCA_001273255.1,LGIK01000051.1,29889,30650,2941,1,tr|A5I1H4|A5I1H4_CLOBH,"Iron ABC transporter, ATP-binding protein",CBO1339,Clostridium botulinum (strain Hall / ATCC 3502 / NCTC 13319 / Type A),0.99,CBO_1120
CBO_1121,GCA-001573175.1-protein1087,GCA_001573175.1,LFOK01000017.1,23515,24870,1087,1,tr|A5I018|A5I018_CLOBH,Exported protein,CBO0826,Clostridium botulinum (strain Hall / ATCC 3502 / NCTC 13319 / Type A),0.97,CBO_1121
CBO_1122,GCA-001273255.1-protein689,GCA_001273255.1,LGIK01000019.1,39420,40871,689,1,tr|A5HZ05|A5HZ05_CLOBH,GntR-family transcriptional regulator,CBO0461,Clostridium botulinum (strain Hall / ATCC 3502 / NCTC 13319 / Type A),1.0,CBO_1122
CBO_1123,GCA-001273255.1-protein2270,GCA_001273255.1,LGIK01000043.1,163824,165032,2270,1,tr|A5I775|A5I775_CLOBH,Lipoprotein,CBO3350,Clostridium botulinum (strain Hall / ATCC 3502 / NCTC 13319 / Type A),1.0,CBO_1123
CBO_1124,GCA-002103885.1-protein465,GCA_002103885.1,MWJA01000001.1,499604,500431,465,1,tr|A5I1J3|A5I1J3_CLOBH,"ABC transporter, ATP-binding protein",CBO1359,Clostridium botulinum (strain Hall / ATCC 3502 / NCTC 13319 / Type A),0.96,CBO_1124
CBO_1125,GCA-001273255.1-protein1827,GCA_001273255.1,LGIK01000029.1,13600,13920,1827,1,tr|A5HXS2|A5HXS2_CLOBH,Polyhydroxyalkanoate synthesis regulator phasin,CBO0027,Clostridium botulinum (strain Hall / ATCC 3502 / NCTC 13319 / Type A),1.0,CBO_1125
CBO_1126,GCA-001273255.1-protein2420,GCA_001273255.1,LGIK01000044.1,73842,74537,2420,1,tr|A5I6Q8|A5I6Q8_CLOBH,"L,D-TPase catalytic domain-containing protein",CBO3179,Clostridium botulinum (strain Hall / ATCC 3502 / NCTC 13319 / Type A),1.0,CBO_1126
CBO_1127,GCA-001273255.1-protein2896,GCA_001273255.1,LGIK01000050.1,55967,58006,2896,1,tr|A5I4S3|A5I4S3_CLOBH,ATP-dependent DNA helicase RecG,CBO2496,Clostridium botulinum (strain Hall / ATCC 3502 / NCTC 13319 / Type A),1.0,CBO_1127
CBO_1128,GCA-001273255.1-protein2544,GCA_001273255.1,LGIK01000047.1,126225,127178,2544,1,tr|A5I5B7|A5I5B7_CLOBH,Surface polysaccharide biosynthesis protein,CBO2683,Clostridium botulinum (strain Hall / ATCC 3502 / NCTC 13319 / Type A),0.84,CBO_1128
CBO_1129,GCA-001273255.1-protein2207,GCA_001273255.1,LGIK01000043.1,90713,91078,2207,1,tr|A5I7D9|A5I7D9_CLOBH,"PTS system, glucitol/sorbitol-specific IIA component",srlB,Clostridium botulinum (strain Hall / ATCC 3502 / NCTC 13319 / Type A),1.0,CBO_1129
CBO_1130,GCA-001273255.1-protein2929,GCA_001273255.1,LGIK01000051.1,15392,17422,2929,-1,tr|A5I1G2|A5I1G2_CLOBH,"PTS system, glucose-specific IIABC component",ptsG,Clostridium botulinum (strain Hall / ATCC 3502 / NCTC 13319 / Type A),1.0,CBO_1130
CBO_1131,GCA-001273255.1-protein1703,GCA_001273255.1,LGIK01000026.1,110936,112033,1703,-1,tr|A5I108|A5I108_CLOBH,Sugar kinase,CBO1168,Clostridium botulinum (strain Hall / ATCC 3502 / NCTC 13319 / Type A),1.0,CBO_1131
CBO_1132,GCA-001273255.1-protein2894,GCA_001273255.1,LGIK01000050.1,53627,53977,2894,1,tr|A5I4S5|A5I4S5_CLOBH,Asp23/Gls24 family envelope stress response protein,CBO2498,Clostridium botulinum (strain Hall / ATCC 3502 / NCTC 13319 / Type A),1.0,CBO_1132
CBO_1133,GCA-001273255.1-protein1209,GCA_001273255.1,LGIK01000021.1,94135,94587,1209,1,tr|A5I467|A5I467_CLOBH,Membrane protein,CBO2298,Clostridium botulinum (strain Hall / ATCC 3502 / NCTC 13319 / Type A),1.0,CBO_1133
CBO_1134,GCA-001273255.1-protein1663,GCA_001273255.1,LGIK01000026.1,64227,65144,1663,-1,tr|A5I146|A5I146_CLOBH,DUF7852 domain-containing protein,CBO1210,Clostridium botulinum (strain Hall / ATCC 3502 / NCTC 13319 / Type A),1.0,CBO_1134
CBO_1135,GCA-001273255.1-protein2249,GCA_001273255.1,LGIK01000043.1,138131,139090,2249,1,sp|A5I798|PFKA_CLOBH,ATP-dependent 6-phosphofructokinase,pfkA,Clostridium botulinum (strain Hall / ATCC 3502 / NCTC 13319 / Type A),1.0,CBO_1135
CBO_1136,GCA-001273255.1-protein3444,GCA_001273255.1,LGIK01000054.1,262955,263959,3444,1,tr|A5HYI6|A5HYI6_CLOBH,2-dehydro-3-deoxygluconokinase,kdgK,Clostridium botulinum (strain Hall / ATCC 3502 / NCTC 13319 / Type A),1.0,CBO_1136
CBO_1137,GCA-001273255.1-protein971,GCA_001273255.1,LGIK01000019.1,355110,355574,971,-1,tr|A5HZW6|A5HZW6_CLOBH,Membrane protein,CBO0773,Clostridium botulinum (strain Hall / ATCC 3502 / NCTC 13319 / Type A),1.0,CBO_1137
CBO_1138,GCA-001573175.1-protein2611,GCA_001573175.1,LFOK01000004.1,387100,388176,2611,1,tr|A5HYU1|A5HYU1_CLOBH,Metal dependent phosphohydrolase,CBO0397,Clostridium botulinum (strain Hall / ATCC 3502 / NCTC 13319 / Type A),0.98,CBO_1138
CBO_1139,GCA-001273255.1-protein920,GCA_001273255.1,LGIK01000019.1,302442,303323,920,-1,tr|A5HZQ8|A5HZQ8_CLOBH,Membrane protein,CBO0715,Clostridium botulinum (strain Hall / ATCC 3502 / NCTC 13319 / Type A),1.0,CBO_1139
CBO_1140,GCA-001273255.1-protein3003,GCA_001273255.1,LGIK01000051.1,98653,99276,3003,1,tr|A5I1N7|A5I1N7_CLOBH,Nudix hydrolase domain-containing protein,CBO1405,Clostridium botulinum (strain Hall / ATCC 3502 / NCTC 13319 / Type A),1.0,CBO_1140
CBO_1141,GCA-001273255.1-protein2128,GCA_001273255.1,LGIK01000043.1,23910,24335,2128,1,sp|A5I7L8|RL11_CLOBH,Large ribosomal subunit protein uL11,rplK,Clostridium botulinum (strain Hall / ATCC 3502 / NCTC 13319 / Type A),1.0,CBO_1141
CBO_1142,GCA-001273255.1-protein3184,GCA_001273255.1,LGIK01000051.1,289491,290087,3184,1,tr|A5I264|A5I264_CLOBH,DUF1836 domain-containing protein,CBO1590,Clostridium botulinum (strain Hall / ATCC 3502 / NCTC 13319 / Type A),1.0,CBO_1142
CBO_1143,GCA-001273255.1-protein2466,GCA_001273255.1,LGIK01000047.1,43178,44959,2466,1,tr|A5I5J8|A5I5J8_CLOBH,Single-stranded-DNA-specific exonuclease RecJ,recJ,Clostridium botulinum (strain Hall / ATCC 3502 / NCTC 13319 / Type A),1.0,CBO_1143
CBO_1144,GCA-001273255.1-protein501,GCA_001273255.1,LGIK01000015.1,44596,45060,501,1,tr|A5I6T9|A5I6T9_CLOBH,Phosphoesterase,CBO3210,Clostridium botulinum (strain Hall / ATCC 3502 / NCTC 13319 / Type A),1.0,CBO_1144
CBO_1145,GCA-001273255.1-protein2679,GCA_001273255.1,LGIK01000049.1,125841,126935,2679,-1,tr|A5I6I2|A5I6I2_CLOBH,Capsular polysaccharide biosynthesis glycosyl transferase,CBO3101,Clostridium botulinum (strain Hall / ATCC 3502 / NCTC 13319 / Type A),1.0,CBO_1145
CBO_1146,GCA-001273255.1-protein3517,GCA_001273255.1,LGIK01000006.1,8667,10181,3517,1,tr|A5I0X2|A5I0X2_CLOBH,Glycine betaine transporter,opuD,Clostridium botulinum (strain Hall / ATCC 3502 / NCTC 13319 / Type A),1.0,CBO_1146
CBO_1147,GCA-001273255.1-protein264,GCA_001273255.1,LGIK01000012.1,276116,277267,264,1,tr|A5I3D9|A5I3D9_CLOBH,Aspartate aminotransferase,CBO2015,Clostridium botulinum (strain Hall / ATCC 3502 / NCTC 13319 / Type A),1.0,CBO_1147
CBO_1148,GCA-001273255.1-protein1153,GCA_001273255.1,LGIK01000021.1,36174,36950,1153,1,sp|A5I4L4|CODY_CLOBH,Global transcriptional regulator CodY,codY,Clostridium botulinum (strain Hall / ATCC 3502 / NCTC 13319 / Type A),1.0,CBO_1148
CBO_1149,GCA-001273255.1-protein1439,GCA_001273255.1,LGIK01000025.1,74861,75445,1439,1,tr|A5I505|A5I505_CLOBH,UPF0033 domain-containing protein,CBO2574,Clostridium botulinum (strain Hall / ATCC 3502 / NCTC 13319 / Type A),0.99,CBO_1149
CBO_1150,GCA-001273255.1-protein2927,GCA_001273255.1,LGIK01000051.1,12883,13470,2927,1,tr|A5I1G0|A5I1G0_CLOBH,Rubrerythrin,rbr,Clostridium botulinum (strain Hall / ATCC 3502 / NCTC 13319 / Type A),1.0,CBO_1150
CBO_1151,GCA-001273255.1-protein423,GCA_001273255.1,LGIK01000012.1,452490,453626,423,1,tr|A5I2X6|A5I2X6_CLOBH,serine-type D-Ala-D-Ala carboxypeptidase,dacB,Clostridium botulinum (strain Hall / ATCC 3502 / NCTC 13319 / Type A),1.0,CBO_1151
CBO_1152,GCA-001273255.1-protein3382,GCA_001273255.1,LGIK01000054.1,193279,195456,3382,1,tr|A5HYC5|A5HYC5_CLOBH,Ribonuclease R,rnr,Clostridium botulinum (strain Hall / ATCC 3502 / NCTC 13319 / Type A),1.0,CBO_1152
CBO_1153,GCA-001273255.1-protein1929,GCA_001273255.1,LGIK01000030.1,82103,82606,1929,-1,tr|A5I7U3|A5I7U3_CLOBH,Preprotein translocase,CBO3569,Clostridium botulinum (strain Hall / ATCC 3502 / NCTC 13319 / Type A),1.0,CBO_1153
CBO_1154,GCA-001273255.1-protein2948,GCA_001273255.1,LGIK01000051.1,38298,38906,2948,1,tr|A5I1I1|A5I1I1_CLOBH,Glycolipid-binding family protein,CBO1347,Clostridium botulinum (strain Hall / ATCC 3502 / NCTC 13319 / Type A),1.0,CBO_1154
CBO_1155,GCA-001273255.1-protein1924,GCA_001273255.1,LGIK01000030.1,77864,78436,1924,-1,tr|A5I7U8|A5I7U8_CLOBH,TetR-family transcriptional regulator,CBO3574,Clostridium botulinum (strain Hall / ATCC 3502 / NCTC 13319 / Type A),1.0,CBO_1155
CBO_1156,GCA-001273255.1-protein683,GCA_001273255.1,LGIK01000019.1,34480,35424,683,1,tr|A5HYZ9|A5HYZ9_CLOBH,"Branched-chain amino acid transport system,permease protein",CBO0455,Clostridium botulinum (strain Hall / ATCC 3502 / NCTC 13319 / Type A),1.0,CBO_1156
CBO_1157,GCA-001273255.1-protein938,GCA_001273255.1,LGIK01000019.1,321530,321952,938,-1,tr|A5HZS6|A5HZS6_CLOBH,Immunity repressor protein,CBO0733,Clostridium botulinum (strain Hall / ATCC 3502 / NCTC 13319 / Type A),1.0,CBO_1157
CBO_1158,GCA-001273255.1-protein2169,GCA_001273255.1,LGIK01000043.1,53153,54100,2169,1,sp|A5I7H7|RPOA_CLOBH,DNA-directed RNA polymerase subunit alpha,rpoA,Clostridium botulinum (strain Hall / ATCC 3502 / NCTC 13319 / Type A),1.0,CBO_1158
CBO_1159,GCA-001273255.1-protein3508,GCA_001273255.1,LGIK01000006.1,2025,2606,3508,-1,tr|A5I0Y1|A5I0Y1_CLOBH,DUF3867 domain-containing protein,CBO1140,Clostridium botulinum (strain Hall / ATCC 3502 / NCTC 13319 / Type A),0.99,CBO_1159
CBO_1160,GCA-001273255.1-protein2383,GCA_001273255.1,LGIK01000044.1,30517,32088,2383,-1,tr|A5I6M1|A5I6M1_CLOBH,Membrane protein,CBO3141,Clostridium botulinum (strain Hall / ATCC 3502 / NCTC 13319 / Type A),1.0,CBO_1160
CBO_1161,GCA-001273255.1-protein2634,GCA_001273255.1,LGIK01000049.1,81164,81763,2634,-1,tr|A5I6D8|A5I6D8_CLOBH,Metallo-beta-lactamase superfamily protein,CBO3057,Clostridium botulinum (strain Hall / ATCC 3502 / NCTC 13319 / Type A),1.0,CBO_1161
CBO_1162,GCA-001573385.1-protein2928,GCA_001573385.1,LFOT01000005.1,318721,319173,2928,-1,tr|A5I445|A5I445_CLOBH,Peptide methionine sulfoxide reductase MsrB,msrB,Clostridium botulinum (strain Hall / ATCC 3502 / NCTC 13319 / Type A),0.97,CBO_1162
CBO_1163,GCA-001273255.1-protein1130,GCA_001273255.1,LGIK01000021.1,14160,14660,1130,1,,,,,,CBO_1163
CBO_1164,GCA-001273255.1-protein1321,GCA_001273255.1,LGIK01000023.1,14569,14961,1321,1,tr|A5HYS0|A5HYS0_CLOBH,Exported protein,CBO0376,Clostridium botulinum (strain Hall / ATCC 3502 / NCTC 13319 / Type A),0.99,CBO_1164
CBO_1165,GCA-001273255.1-protein1966,GCA_001273255.1,LGIK01000030.1,120660,121058,1966,1,tr|A5I7Q6|A5I7Q6_CLOBH,Membrane protein,CBO3531,Clostridium botulinum (strain Hall / ATCC 3502 / NCTC 13319 / Type A),1.0,CBO_1165
CBO_1166,GCA-001573255.1-protein1043,GCA_001573255.1,LFON01000017.1,73119,74405,1043,1,tr|A5I4H5|A5I4H5_CLOBH,Membrane protein,CBO2401,Clostridium botulinum (strain Hall / ATCC 3502 / NCTC 13319 / Type A),0.98,CBO_1166
CBO_1167,GCA-001273255.1-protein2898,GCA_001273255.1,LGIK01000050.1,58827,59321,2898,1,sp|A5I4S1|COAD_CLOBH,Phosphopantetheine adenylyltransferase,coaD,Clostridium botulinum (strain Hall / ATCC 3502 / NCTC 13319 / Type A),1.0,CBO_1167
CBO_1168,GCA-001273255.1-protein3608,GCA_001273255.1,LGIK01000009.1,40601,40822,3608,1,tr|A5I0S0|A5I0S0_CLOBH,Ferrous iron transport protein A,feoA,Clostridium botulinum (strain Hall / ATCC 3502 / NCTC 13319 / Type A),1.0,CBO_1168
CBO_1169,GCA-001273255.1-protein570,GCA_001273255.1,LGIK01000017.1,54906,55499,570,1,tr|A5I0H3|A5I0H3_CLOBH,DUF1349 domain-containing protein,CBO0982,Clostridium botulinum (strain Hall / ATCC 3502 / NCTC 13319 / Type A),1.0,CBO_1169
CBO_1170,GCA-001273255.1-protein2851,GCA_001273255.1,LGIK01000050.1,9665,10441,2851,1,sp|A5I4X1|AROE_CLOBH,Shikimate dehydrogenase (NADP(+)),aroE,Clostridium botulinum (strain Hall / ATCC 3502 / NCTC 13319 / Type A),1.0,CBO_1170
CBO_1171,GCA-001273255.1-protein1899,GCA_001273255.1,LGIK01000030.1,53199,54437,1899,1,tr|A5I7X3|A5I7X3_CLOBH,3-oxoacyl-[acyl-carrier-protein] synthase 2,fabF,Clostridium botulinum (strain Hall / ATCC 3502 / NCTC 13319 / Type A),1.0,CBO_1171
CBO_1172,GCA-001273255.1-protein2244,GCA_001273255.1,LGIK01000043.1,129957,130877,2244,1,sp|A5I7A3|MURB_CLOBH,UDP-N-acetylenolpyruvoylglucosamine reductase,murB,Clostridium botulinum (strain Hall / ATCC 3502 / NCTC 13319 / Type A),1.0,CBO_1172
CBO_1173,GCA-001273255.1-protein931,GCA_001273255.1,LGIK01000019.1,314024,315166,931,-1,tr|A5HZR9|A5HZR9_CLOBH,Cystathionine beta-lyase,metC,Clostridium botulinum (strain Hall / ATCC 3502 / NCTC 13319 / Type A),1.0,CBO_1173
CBO_1174,GCA-001273255.1-protein2246,GCA_001273255.1,LGIK01000043.1,131878,133215,2246,1,tr|A5I7A1|A5I7A1_CLOBH,Putative gluconeogenesis factor,CBO3376,Clostridium botulinum (strain Hall / ATCC 3502 / NCTC 13319 / Type A),1.0,CBO_1174
CBO_1175,GCA-001273255.1-protein425,GCA_001273255.1,LGIK01000012.1,455071,455949,425,1,tr|A5I2X4|A5I2X4_CLOBH,Probable ADP-ribosylglycohydrolase,CBO1851,Clostridium botulinum (strain Hall / ATCC 3502 / NCTC 13319 / Type A),1.0,CBO_1175
CBO_1176,GCA-001273255.1-protein3236,GCA_001273255.1,LGIK01000054.1,30819,31646,3236,1,tr|A5HXX8|A5HXX8_CLOBH,Ribosomal RNA small subunit methyltransferase A,rsmA,Clostridium botulinum (strain Hall / ATCC 3502 / NCTC 13319 / Type A),1.0,CBO_1176
CBO_1177,GCA-001573255.1-protein581,GCA_001573255.1,LFON01000013.1,330,1301,581,-1,tr|A5I611|A5I611_CLOBH,Exported protein,CBO2929,Clostridium botulinum (strain Hall / ATCC 3502 / NCTC 13319 / Type A),0.9,CBO_1177
CBO_1178,GCA-001273255.1-protein2890,GCA_001273255.1,LGIK01000050.1,51161,51811,2890,1,tr|A5I4T0|A5I4T0_CLOBH,Ribulose-phosphate 3-epimerase,rpe,Clostridium botulinum (strain Hall / ATCC 3502 / NCTC 13319 / Type A),0.99,CBO_1178
CBO_1179,GCA-001273255.1-protein2895,GCA_001273255.1,LGIK01000050.1,53992,55617,2895,1,tr|A5I4S4|A5I4S4_CLOBH,Phosphatase protein,CBO2497,Clostridium botulinum (strain Hall / ATCC 3502 / NCTC 13319 / Type A),1.0,CBO_1179
CBO_1180,GCA-001573255.1-protein2413,GCA_001573255.1,LFON01000030.1,3937,4140,2413,1,tr|A5I373|A5I373_CLOBH,Uncharacterized protein,CBO1948,Clostridium botulinum (strain Hall / ATCC 3502 / NCTC 13319 / Type A),0.99,CBO_1180
CBO_1181,GCA-001273255.1-protein3473,GCA_001273255.1,LGIK01000054.1,297945,298640,3473,1,tr|A5HYL8|A5HYL8_CLOBH,Membrane protein,CBO0325,Clostridium botulinum (strain Hall / ATCC 3502 / NCTC 13319 / Type A),1.0,CBO_1181
CBO_1182,GCA-001273255.1-protein596,GCA_001273255.1,LGIK01000017.1,84482,85684,596,1,tr|A5I0K0|A5I0K0_CLOBH,Electron transfer flavoprotein alpha-subunit,etfB,Clostridium botulinum (strain Hall / ATCC 3502 / NCTC 13319 / Type A),0.99,CBO_1182
CBO_1183,GCA-001273255.1-protein335,GCA_001273255.1,LGIK01000012.1,364358,365317,335,1,sp|A5I365|MOAA_CLOBH,"GTP 3',8-cyclase",moaA,Clostridium botulinum (strain Hall / ATCC 3502 / NCTC 13319 / Type A),1.0,CBO_1183
CBO_1184,GCA-001273255.1-protein1210,GCA_001273255.1,LGIK01000021.1,94568,95092,1210,1,tr|A5I466|A5I466_CLOBH,Membrane protein,CBO2297,Clostridium botulinum (strain Hall / ATCC 3502 / NCTC 13319 / Type A),1.0,CBO_1184
CBO_1185,GCA-001273255.1-protein2583,GCA_001273255.1,LGIK01000049.1,36648,37349,2583,-1,tr|A5I686|A5I686_CLOBH,Exported protein,CBO3006,Clostridium botulinum (strain Hall / ATCC 3502 / NCTC 13319 / Type A),0.98,CBO_1185
CBO_1186,GCA-001273255.1-protein2580,GCA_001273255.1,LGIK01000049.1,34980,35666,2580,-1,sp|A5I683|Y3003_CLOBH,UPF0758 protein CBO3003/CLC_2900,CBO3003,Clostridium botulinum (strain Hall / ATCC 3502 / NCTC 13319 / Type A),0.99,CBO_1186
CBO_1187,GCA-001273255.1-protein3123,GCA_001273255.1,LGIK01000051.1,228718,229065,3123,1,tr|A5I202|A5I202_CLOBH,Four-helix bundle copper-binding protein,CBO1525,Clostridium botulinum (strain Hall / ATCC 3502 / NCTC 13319 / Type A),1.0,CBO_1187
CBO_1188,GCA-001273255.1-protein510,GCA_001273255.1,LGIK01000017.1,1881,3341,510,1,tr|A5I0B3|A5I0B3_CLOBH,uroporphyrinogen-III C-methyltransferase,hemD,Clostridium botulinum (strain Hall / ATCC 3502 / NCTC 13319 / Type A),1.0,CBO_1188
CBO_1189,GCA-001573255.1-protein2732,GCA_001573255.1,LFON01000038.1,23067,25001,2732,-1,tr|A5I2S9|A5I2S9_CLOBH,4-hydroxy-3-methylbut-2-enyl diphosphate reductase,ispH,Clostridium botulinum (strain Hall / ATCC 3502 / NCTC 13319 / Type A),0.97,CBO_1189
CBO_1190,GCA-001273255.1-protein872,GCA_001273255.1,LGIK01000019.1,248097,248807,872,1,tr|A5HZK0|A5HZK0_CLOBH,Crp-family transcriptional regulator,CBO0657,Clostridium botulinum (strain Hall / ATCC 3502 / NCTC 13319 / Type A),0.99,CBO_1190
CBO_1191,GCA-001273255.1-protein3488,GCA_001273255.1,LGIK01000055.1,7826,8608,3488,1,tr|A5HYW4|A5HYW4_CLOBH,"Probable amino acid ABC transporter, ATP binding protein",CBO0420,Clostridium botulinum (strain Hall / ATCC 3502 / NCTC 13319 / Type A),0.93,CBO_1191
CBO_1192,GCA-001273255.1-protein1917,GCA_001273255.1,LGIK01000030.1,70961,72007,1917,-1,tr|A5I7V6|A5I7V6_CLOBH,Biotin synthase,bioB,Clostridium botulinum (strain Hall / ATCC 3502 / NCTC 13319 / Type A),0.99,CBO_1192
CBO_1193,GCA-001273255.1-protein2193,GCA_001273255.1,LGIK01000043.1,77889,78983,2193,1,tr|A5I7F3|A5I7F3_CLOBH,Probable butyrate kinase,buk2,Clostridium botulinum (strain Hall / ATCC 3502 / NCTC 13319 / Type A),1.0,CBO_1193
CBO_1194,GCA-001273255.1-protein3157,GCA_001273255.1,LGIK01000051.1,262476,263114,3157,1,sp|A5I237|DEOC_CLOBH,Deoxyribose-phosphate aldolase,deoC,Clostridium botulinum (strain Hall / ATCC 3502 / NCTC 13319 / Type A),0.99,CBO_1194
CBO_1195,GCA-001273255.1-protein265,GCA_001273255.1,LGIK01000012.1,277559,278467,265,-1,tr|A5I3D8|A5I3D8_CLOBH,Membrane protein,CBO2013,Clostridium botulinum (strain Hall / ATCC 3502 / NCTC 13319 / Type A),0.99,CBO_1195
CBO_1196,GCA-001273255.1-protein3555,GCA_001273255.1,LGIK01000007.1,21493,22548,3555,1,tr|A5HYU5|A5HYU5_CLOBH,DUF1232 domain-containing protein,CBO0401,Clostridium botulinum (strain Hall / ATCC 3502 / NCTC 13319 / Type A),0.99,CBO_1196
CBO_1197,GCA-016990395.1-protein1660,GCA_016990395.1,NQVW01000003.1,223981,224715,1660,-1,tr|A5I2Y3|A5I2Y3_CLOBH,Membrane protein,ecsC,Clostridium botulinum (strain Hall / ATCC 3502 / NCTC 13319 / Type A),0.96,CBO_1197
CBO_1198,GCA-001273255.1-protein3383,GCA_001273255.1,LGIK01000054.1,195865,196623,3383,1,sp|A5HYC6|SURE_CLOBH,5'-nucleotidase SurE,surE,Clostridium botulinum (strain Hall / ATCC 3502 / NCTC 13319 / Type A),1.0,CBO_1198
CBO_1199,GCA-001273255.1-protein2776,GCA_001273255.1,LGIK01000005.1,99430,99909,2776,1,tr|A5I5W4|A5I5W4_CLOBH,N5-carboxyaminoimidazole ribonucleotide mutase,purE,Clostridium botulinum (strain Hall / ATCC 3502 / NCTC 13319 / Type A),1.0,CBO_1199
CBO_1200,GCA-001273255.1-protein2718,GCA_001273255.1,LGIK01000005.1,27453,28094,2718,1,tr|A5I623|A5I623_CLOBH,CBS domain-containing protein,CBO2943,Clostridium botulinum (strain Hall / ATCC 3502 / NCTC 13319 / Type A),1.0,CBO_1200
CBO_1201,GCA-001273255.1-protein2636,GCA_001273255.1,LGIK01000049.1,82316,84487,2636,-1,tr|A5I6E0|A5I6E0_CLOBH,GTP diphosphokinase,relA,Clostridium botulinum (strain Hall / ATCC 3502 / NCTC 13319 / Type A),1.0,CBO_1201
CBO_1202,GCA-001273255.1-protein509,GCA_001273255.1,LGIK01000017.1,873,1745,509,1,sp|A5I0B2|HEM3_CLOBH,Porphobilinogen deaminase,hemC,Clostridium botulinum (strain Hall / ATCC 3502 / NCTC 13319 / Type A),1.0,CBO_1202
CBO_1203,GCA-001273255.1-protein2687,GCA_001273255.1,LGIK01000049.1,135417,137282,2687,-1,tr|A5I6J0|A5I6J0_CLOBH,Capsular polysaccharide biosynthesis protein,CBO3109,Clostridium botulinum (strain Hall / ATCC 3502 / NCTC 13319 / Type A),1.0,CBO_1203
CBO_1204,GCA-001573255.1-protein2278,GCA_001573255.1,LFON01000003.1,237505,238869,2278,-1,tr|A5I0M8|A5I0M8_CLOBH,histidine kinase,CBO1036,Clostridium botulinum (strain Hall / ATCC 3502 / NCTC 13319 / Type A),0.96,CBO_1204
CBO_1205,GCA-001273255.1-protein3225,GCA_001273255.1,LGIK01000054.1,19750,19992,3225,-1,tr|A5HXW6|A5HXW6_CLOBH,Metal-binding protein,CBO0069,Clostridium botulinum (strain Hall / ATCC 3502 / NCTC 13319 / Type A),1.0,CBO_1205
CBO_1206,GCA-001273255.1-protein1707,GCA_001273255.1,LGIK01000026.1,116331,117125,1707,-1,tr|A5I104|A5I104_CLOBH,"ABC transporter, ATP-binding protein",CBO1164,Clostridium botulinum (strain Hall / ATCC 3502 / NCTC 13319 / Type A),1.0,CBO_1206
CBO_1207,GCA-001573665.1-protein2044,GCA_001573665.1,LFPF01000003.1,134843,135526,2044,-1,tr|A5I5C3|A5I5C3_CLOBH,Capsular polysaccharide biosynthesis protein,CBO2689,Clostridium botulinum (strain Hall / ATCC 3502 / NCTC 13319 / Type A),0.97,CBO_1207
CBO_1208,GCA-001273255.1-protein3050,GCA_001273255.1,LGIK01000051.1,149168,150082,3050,-1,tr|A5I1S8|A5I1S8_CLOBH,Quinolinate synthase,nadA,Clostridium botulinum (strain Hall / ATCC 3502 / NCTC 13319 / Type A),1.0,CBO_1208
CBO_1209,GCA-001273255.1-protein1119,GCA_001273255.1,LGIK01000020.1,12191,12391,1119,1,tr|A5I6S1|A5I6S1_CLOBH,Ferredoxin,CBO3192,Clostridium botulinum (strain Hall / ATCC 3502 / NCTC 13319 / Type A),0.97,CBO_1209
CBO_1210,GCA-001273255.1-protein695,GCA_001273255.1,LGIK01000019.1,45685,46209,695,1,tr|A5HZ11|A5HZ11_CLOBH,Membrane protein,CBO0467,Clostridium botulinum (strain Hall / ATCC 3502 / NCTC 13319 / Type A),1.0,CBO_1210
CBO_1211,GCA-001273255.1-protein1660,GCA_001273255.1,LGIK01000026.1,58302,59561,1660,-1,tr|A5I149|A5I149_CLOBH,Signaling protein,CBO1213,Clostridium botulinum (strain Hall / ATCC 3502 / NCTC 13319 / Type A),1.0,CBO_1211
CBO_1212,GCA-001273255.1-protein2434,GCA_001273255.1,LGIK01000047.1,3978,5210,2434,-1,tr|A5I5N0|A5I5N0_CLOBH,Aminopeptidase,CBO2794,Clostridium botulinum (strain Hall / ATCC 3502 / NCTC 13319 / Type A),1.0,CBO_1212
CBO_1213,GCA-001273255.1-protein3302,GCA_001273255.1,LGIK01000054.1,104374,104742,3302,1,tr|A5HY45|A5HY45_CLOBH,Subunit of ATP synthase protein,CBO0149,Clostridium botulinum (strain Hall / ATCC 3502 / NCTC 13319 / Type A),1.0,CBO_1213
CBO_1214,GCA-001273255.1-protein1053,GCA_001273255.1,LGIK01000019.1,446648,447094,1053,1,tr|A5I060|A5I060_CLOBH,Acetyltransferase,CBO0868,Clostridium botulinum (strain Hall / ATCC 3502 / NCTC 13319 / Type A),0.96,CBO_1214
CBO_1215,GCA-001273255.1-protein2003,GCA_001273255.1,LGIK01000034.1,14010,14600,2003,1,tr|A5HYP1|A5HYP1_CLOBH,Membrane protein,CBO0347,Clostridium botulinum (strain Hall / ATCC 3502 / NCTC 13319 / Type A),1.0,CBO_1215
CBO_1216,GCA-002103805.1-protein1930,GCA_002103805.1,MWIW01000003.1,28332,28985,1930,1,tr|A5I2N1|A5I2N1_CLOBH,Methyltransferase,CBO1759,Clostridium botulinum (strain Hall / ATCC 3502 / NCTC 13319 / Type A),0.96,CBO_1216
CBO_1217,GCA-001273255.1-protein1336,GCA_001273255.1,LGIK01000023.1,30855,32123,1336,-1,tr|A5HYQ5|A5HYQ5_CLOBH,Na(+)/H(+) antiporter,CBO0361,Clostridium botulinum (strain Hall / ATCC 3502 / NCTC 13319 / Type A),1.0,CBO_1217
CBO_1218,GCA-016990285.1-protein162,GCA_016990285.1,NQVS01000001.1,181358,183082,162,1,tr|A5HZC7|A5HZC7_CLOBH,ABC transporter ATP-binding/permease protein,CBO0583,Clostridium botulinum (strain Hall / ATCC 3502 / NCTC 13319 / Type A),0.97,CBO_1218
CBO_1219,GCA-001273255.1-protein1143,GCA_001273255.1,LGIK01000021.1,25641,26135,1143,1,sp|A5I4M4|RIMM_CLOBH,Ribosome maturation factor RimM,rimM,Clostridium botulinum (strain Hall / ATCC 3502 / NCTC 13319 / Type A),1.0,CBO_1219
CBO_1220,GCA-001273255.1-protein2720,GCA_001273255.1,LGIK01000005.1,30860,31930,2720,-1,tr|A5I621|A5I621_CLOBH,Spore coat protein S,cotS,Clostridium botulinum (strain Hall / ATCC 3502 / NCTC 13319 / Type A),1.0,CBO_1220
CBO_1221,GCA-001573175.1-protein745,GCA_001573175.1,LFOK01000014.1,270628,271770,745,-1,tr|A5I5S0|A5I5S0_CLOBH,N-acetylglucosamine-6-phosphate deacetylase,nagA,Clostridium botulinum (strain Hall / ATCC 3502 / NCTC 13319 / Type A),0.99,CBO_1221
CBO_1222,GCA-001273255.1-protein2764,GCA_001273255.1,LGIK01000005.1,79943,80791,2764,-1,tr|A5I5X6|A5I5X6_CLOBH,EF2563 family selenium-dependent molybdenum hydroxylase system protein,CBO2892,Clostridium botulinum (strain Hall / ATCC 3502 / NCTC 13319 / Type A),1.0,CBO_1222
CBO_1223,GCA-001273255.1-protein1422,GCA_001273255.1,LGIK01000025.1,55587,56618,1422,-1,tr|A5I4Y8|A5I4Y8_CLOBH,Endolytic murein transglycosylase,mltG,Clostridium botulinum (strain Hall / ATCC 3502 / NCTC 13319 / Type A),1.0,CBO_1223
CBO_1224,GCA-001273255.1-protein1013,GCA_001273255.1,LGIK01000019.1,410112,410858,1013,1,sp|A5I013|COBS_CLOBH,Adenosylcobinamide-GDP ribazoletransferase,cobS,Clostridium botulinum (strain Hall / ATCC 3502 / NCTC 13319 / Type A),1.0,CBO_1224
CBO_1225,GCA-001273255.1-protein702,GCA_001273255.1,LGIK01000019.1,54496,55347,702,1,tr|A5HZ19|A5HZ19_CLOBH,Membrane protein,CBO0475,Clostridium botulinum (strain Hall / ATCC 3502 / NCTC 13319 / Type A),1.0,CBO_1225
CBO_1226,GCA-001273255.1-protein2170,GCA_001273255.1,LGIK01000043.1,54144,54485,2170,1,sp|A5I7H6|RL17_CLOBH,Large ribosomal subunit protein bL17,rplQ,Clostridium botulinum (strain Hall / ATCC 3502 / NCTC 13319 / Type A),1.0,CBO_1226
CBO_1227,GCA-001273255.1-protein2585,GCA_001273255.1,LGIK01000049.1,38540,39094,2585,1,tr|A5I688|A5I688_CLOBH,PhzF family phenazine biosynthesis protein,CBO3009,Clostridium botulinum (strain Hall / ATCC 3502 / NCTC 13319 / Type A),1.0,CBO_1227
CBO_1228,GCA-001273255.1-protein588,GCA_001273255.1,LGIK01000017.1,76209,76424,588,1,tr|A5I0J2|A5I0J2_CLOBH,DUF2997 domain-containing protein,CBO1000,Clostridium botulinum (strain Hall / ATCC 3502 / NCTC 13319 / Type A),1.0,CBO_1228
CBO_1229,GCA-001273255.1-protein2324,GCA_001273255.1,LGIK01000043.1,241221,242753,2324,1,sp|A5I720|GUAA_CLOBH,GMP synthase [glutamine-hydrolyzing],guaA,Clostridium botulinum (strain Hall / ATCC 3502 / NCTC 13319 / Type A),1.0,CBO_1229
CBO_1230,GCA-001273255.1-protein2002,GCA_001273255.1,LGIK01000034.1,13660,13947,2002,1,tr|A5HYP0|A5HYP0_CLOBH,Dihydroorotate dehydrogenase,CBO0346,Clostridium botulinum (strain Hall / ATCC 3502 / NCTC 13319 / Type A),1.0,CBO_1230
CBO_1231,GCA-001273255.1-protein3233,GCA_001273255.1,LGIK01000054.1,28119,28913,3233,1,tr|A5HXX4|A5HXX4_CLOBH,TatD-family hydrolase,CBO0077,Clostridium botulinum (strain Hall / ATCC 3502 / NCTC 13319 / Type A),1.0,CBO_1231
CBO_1232,GCA-001273255.1-protein983,GCA_001273255.1,LGIK01000019.1,370306,370947,983,1,tr|A5HZY1|A5HZY1_CLOBH,LUD domain-containing protein,CBO0788,Clostridium botulinum (strain Hall / ATCC 3502 / NCTC 13319 / Type A),1.0,CBO_1232
CBO_1233,GCA-001273255.1-protein3583,GCA_001273255.1,LGIK01000009.1,12694,13239,3583,-1,tr|A5I0U6|A5I0U6_CLOBH,Exported protein,CBO1104,Clostridium botulinum (strain Hall / ATCC 3502 / NCTC 13319 / Type A),1.0,CBO_1233
CBO_1234,GCA-001273255.1-protein2539,GCA_001273255.1,LGIK01000047.1,121833,122606,2539,1,tr|A5I5C2|A5I5C2_CLOBH,protein-tyrosine-phosphatase,CBO2688,Clostridium botulinum (strain Hall / ATCC 3502 / NCTC 13319 / Type A),0.98,CBO_1234
CBO_1235,GCA-001273255.1-protein514,GCA_001273255.1,LGIK01000017.1,6407,7033,514,1,tr|A5I0B7|A5I0B7_CLOBH,Precorrin-8x methylmutase,cobH,Clostridium botulinum (strain Hall / ATCC 3502 / NCTC 13319 / Type A),1.0,CBO_1235
CBO_1236,GCA-001273255.1-protein863,GCA_001273255.1,LGIK01000019.1,235339,236214,863,1,tr|A5HZJ1|A5HZJ1_CLOBH,LysR-family transcriptional regulator,CBO0648,Clostridium botulinum (strain Hall / ATCC 3502 / NCTC 13319 / Type A),1.0,CBO_1236
CBO_1237,GCA-001273255.1-protein667,GCA_001273255.1,LGIK01000019.1,16730,17956,667,1,sp|A5HYY2|PEPT_CLOBH,Peptidase T,pepT,Clostridium botulinum (strain Hall / ATCC 3502 / NCTC 13319 / Type A),1.0,CBO_1237
CBO_1238,GCA-001273255.1-protein2483,GCA_001273255.1,LGIK01000047.1,66946,67305,2483,1,tr|A5I5I0|A5I5I0_CLOBH,Stage 0 sporulation protein A homolog,cheY,Clostridium botulinum (strain Hall / ATCC 3502 / NCTC 13319 / Type A),1.0,CBO_1238
CBO_1239,GCA-001273255.1-protein2733,GCA_001273255.1,LGIK01000005.1,48123,48467,2733,1,tr|A5I608|A5I608_CLOBH,Cupin type-2 domain-containing protein,CBO2926,Clostridium botulinum (strain Hall / ATCC 3502 / NCTC 13319 / Type A),0.99,CBO_1239
CBO_1240,GCA-001273255.1-protein2389,GCA_001273255.1,LGIK01000044.1,36976,37995,2389,-1,tr|A5I6M7|A5I6M7_CLOBH,"Oligopeptide ABC transporter, ATP-binding protein",oppD,Clostridium botulinum (strain Hall / ATCC 3502 / NCTC 13319 / Type A),1.0,CBO_1240
CBO_1241,GCA-001273255.1-protein417,GCA_001273255.1,LGIK01000012.1,447904,449127,417,1,tr|A5I2Y2|A5I2Y2_CLOBH,serine-type D-Ala-D-Ala carboxypeptidase,dacF,Clostridium botulinum (strain Hall / ATCC 3502 / NCTC 13319 / Type A),1.0,CBO_1241
CBO_1242,GCA-001273255.1-protein79,GCA_001273255.1,LGIK01000012.1,70780,72165,79,-1,tr|A5I3Y3|A5I3Y3_CLOBH,Exported protein,CBO2212,Clostridium botulinum (strain Hall / ATCC 3502 / NCTC 13319 / Type A),1.0,CBO_1242
CBO_1243,GCA-001273255.1-protein2567,GCA_001273255.1,LGIK01000049.1,20406,21845,2567,-1,tr|A5I670|A5I670_CLOBH,Ribonuclease G,cafA,Clostridium botulinum (strain Hall / ATCC 3502 / NCTC 13319 / Type A),1.0,CBO_1243
CBO_1244,GCA-001273255.1-protein2962,GCA_001273255.1,LGIK01000051.1,54049,54702,2962,-1,tr|A5I1J6|A5I1J6_CLOBH,"ABC transporter, ATP-binding protein",CBO1362,Clostridium botulinum (strain Hall / ATCC 3502 / NCTC 13319 / Type A),1.0,CBO_1244
CBO_1245,GCA-001273255.1-protein1836,GCA_001273255.1,LGIK01000029.1,23572,24852,1836,-1,sp|A5HXR1|SYS_CLOBH,Serine--tRNA ligase,serS,Clostridium botulinum (strain Hall / ATCC 3502 / NCTC 13319 / Type A),1.0,CBO_1245
CBO_1246,GCA-001273255.1-protein2866,GCA_001273255.1,LGIK01000050.1,24568,25491,2866,1,tr|A5I4V5|A5I4V5_CLOBH,Phosphate transport system permease protein,CBO2524,Clostridium botulinum (strain Hall / ATCC 3502 / NCTC 13319 / Type A),1.0,CBO_1246
CBO_1247,GCA-001273255.1-protein2454,GCA_001273255.1,LGIK01000047.1,27778,28014,2454,-1,tr|A5I5L0|A5I5L0_CLOBH,Exported protein,CBO2774,Clostridium botulinum (strain Hall / ATCC 3502 / NCTC 13319 / Type A),1.0,CBO_1247
CBO_1248,GCA-001273255.1-protein2009,GCA_001273255.1,LGIK01000034.1,19376,20770,2009,1,tr|A5HYP7|A5HYP7_CLOBH,histidine kinase,CBO0353,Clostridium botulinum (strain Hall / ATCC 3502 / NCTC 13319 / Type A),1.0,CBO_1248
CBO_1249,GCA-054634935.1-protein3776,GCA_054634935.1,NKRL01000014.1,2823,5516,3776,1,sp|A5HXQ7|Y011_CLOBH,UPF0182 protein CBO0011/CLC_0020,CBO0011,Clostridium botulinum (strain Hall / ATCC 3502 / NCTC 13319 / Type A),0.98,CBO_1249
CBO_1250,GCA-001273255.1-protein2757,GCA_001273255.1,LGIK01000005.1,74545,75117,2757,-1,tr|A5I5Y3|A5I5Y3_CLOBH,Esterase,CBO2899,Clostridium botulinum (strain Hall / ATCC 3502 / NCTC 13319 / Type A),1.0,CBO_1250
CBO_1251,GCA-001273255.1-protein2221,GCA_001273255.1,LGIK01000043.1,104857,105237,2221,1,tr|A5I7C5|A5I7C5_CLOBH,Holo-[acyl-carrier-protein] synthase,acpS,Clostridium botulinum (strain Hall / ATCC 3502 / NCTC 13319 / Type A),1.0,CBO_1251
CBO_1252,GCA-054634935.1-protein2967,GCA_054634935.1,NKRL01000007.1,151877,153094,2967,-1,tr|A5I0Q7|A5I0Q7_CLOBH,Membrane protein,CBO1064,Clostridium botulinum (strain Hall / ATCC 3502 / NCTC 13319 / Type A),0.95,CBO_1252
CBO_1253,GCA-001273255.1-protein2045,GCA_001273255.1,LGIK01000036.1,15363,17015,2045,1,tr|A5I1D3|A5I1D3_CLOBH,Cell wall anchored protein,CBO1296,Clostridium botulinum (strain Hall / ATCC 3502 / NCTC 13319 / Type A),1.0,CBO_1253
CBO_1254,GCA-001573385.1-protein1324,GCA_001573385.1,LFOT01000002.1,211674,212897,1324,1,tr|A5I0Y8|A5I0Y8_CLOBH,Aminoglycoside phosphotransferase domain-containing protein,CBO1147,Clostridium botulinum (strain Hall / ATCC 3502 / NCTC 13319 / Type A),0.95,CBO_1254
CBO_1255,GCA-001273255.1-protein3482,GCA_001273255.1,LGIK01000054.1,306854,307363,3482,1,tr|A5HYM8|A5HYM8_CLOBH,GnaT-family acetyltransferase,CBO0334,Clostridium botulinum (strain Hall / ATCC 3502 / NCTC 13319 / Type A),1.0,CBO_1255
CBO_1256,GCA-001273255.1-protein2264,GCA_001273255.1,LGIK01000043.1,158224,158520,2264,1,tr|A5I781|A5I781_CLOBH,"PTS system, lichenan-specific IIa component",licA,Clostridium botulinum (strain Hall / ATCC 3502 / NCTC 13319 / Type A),1.0,CBO_1256
CBO_1257,GCA-001273255.1-protein3305,GCA_001273255.1,LGIK01000054.1,105792,106271,3305,1,sp|A5HY48|ATPF_CLOBH,ATP synthase subunit b,atpF,Clostridium botulinum (strain Hall / ATCC 3502 / NCTC 13319 / Type A),1.0,CBO_1257
CBO_1258,GCA-001273255.1-protein2342,GCA_001273255.1,LGIK01000043.1,262666,263100,2342,1,tr|A5I704|A5I704_CLOBH,YaiI/YqxD family protein,CBO3277,Clostridium botulinum (strain Hall / ATCC 3502 / NCTC 13319 / Type A),1.0,CBO_1258
CBO_1259,GCA-001273255.1-protein2624,GCA_001273255.1,LGIK01000049.1,72848,74299,2624,1,tr|A5I6C8|A5I6C8_CLOBH,Exported protein,CBO3047,Clostridium botulinum (strain Hall / ATCC 3502 / NCTC 13319 / Type A),1.0,CBO_1259
CBO_1260,GCA-001573175.1-protein2007,GCA_001573175.1,LFOK01000003.1,133537,134850,2007,1,tr|A5I3P8|A5I3P8_CLOBH,Multidrug export protein MepA,CBO2127,Clostridium botulinum (strain Hall / ATCC 3502 / NCTC 13319 / Type A),0.89,CBO_1260
CBO_1261,GCA-001273255.1-protein2040,GCA_001273255.1,LGIK01000036.1,8874,9110,2040,1,tr|A5I1C8|A5I1C8_CLOBH,DUF2164 domain-containing protein,CBO1291,Clostridium botulinum (strain Hall / ATCC 3502 / NCTC 13319 / Type A),1.0,CBO_1261
CBO_1262,GCA-001273255.1-protein137,GCA_001273255.1,LGIK01000012.1,134455,135819,137,1,tr|A5I3S2|A5I3S2_CLOBH,Ascorbate-specific PTS system EIIC component,CBO2150,Clostridium botulinum (strain Hall / ATCC 3502 / NCTC 13319 / Type A),1.0,CBO_1262
CBO_1263,GCA-002103985.1-protein1394,GCA_002103985.1,MWJF01000025.1,324237,324794,1394,-1,tr|A5I2U4|A5I2U4_CLOBH,Membrane protein,CBO1822,Clostridium botulinum (strain Hall / ATCC 3502 / NCTC 13319 / Type A),0.98,CBO_1263
CBO_1264,GCA-001273255.1-protein262,GCA_001273255.1,LGIK01000012.1,274701,275387,262,1,tr|A5I3E1|A5I3E1_CLOBH,"Probable amino acid ABC transporter, permease protein",CBO2017,Clostridium botulinum (strain Hall / ATCC 3502 / NCTC 13319 / Type A),1.0,CBO_1264
CBO_1265,GCA-001273255.1-protein3227,GCA_001273255.1,LGIK01000054.1,20700,21218,3227,1,tr|A5HXW8|A5HXW8_CLOBH,Spore maturation protein B,spmB,Clostridium botulinum (strain Hall / ATCC 3502 / NCTC 13319 / Type A),1.0,CBO_1265
CBO_1266,GCA-001273255.1-protein2187,GCA_001273255.1,LGIK01000043.1,71664,71981,2187,1,tr|A5I7F9|A5I7F9_CLOBH,Thioredoxin,trxC,Clostridium botulinum (strain Hall / ATCC 3502 / NCTC 13319 / Type A),1.0,CBO_1266
CBO_1267,GCA-001273255.1-protein1697,GCA_001273255.1,LGIK01000026.1,104986,105492,1697,1,tr|A5I114|A5I114_CLOBH,Acetyltransferase,CBO1174,Clostridium botulinum (strain Hall / ATCC 3502 / NCTC 13319 / Type A),1.0,CBO_1267
CBO_1268,GCA-001273255.1-protein2745,GCA_001273255.1,LGIK01000005.1,57389,58765,2745,1,tr|A5I5Z6|A5I5Z6_CLOBH,Amidophosphoribosyltransferase,purF,Clostridium botulinum (strain Hall / ATCC 3502 / NCTC 13319 / Type A),1.0,CBO_1268
CBO_1269,GCA-001273255.1-protein2251,GCA_001273255.1,LGIK01000043.1,141025,142035,2251,1,tr|A5I796|A5I796_CLOBH,Oxidoreductase,CBO3371,Clostridium botulinum (strain Hall / ATCC 3502 / NCTC 13319 / Type A),1.0,CBO_1269
CBO_1270,GCA-001273255.1-protein606,GCA_001273255.1,LGIK01000017.1,94798,95496,606,1,tr|A5I0L0|A5I0L0_CLOBH,B3/B4 tRNA-binding domain-containing protein,CBO1018,Clostridium botulinum (strain Hall / ATCC 3502 / NCTC 13319 / Type A),1.0,CBO_1270
CBO_1271,GCA-001273255.1-protein1145,GCA_001273255.1,LGIK01000021.1,26999,27343,1145,1,sp|A5I4M2|RL19_CLOBH,Large ribosomal subunit protein bL19,rplS,Clostridium botulinum (strain Hall / ATCC 3502 / NCTC 13319 / Type A),1.0,CBO_1271
CBO_1272,GCA-001273255.1-protein869,GCA_001273255.1,LGIK01000019.1,243749,244588,869,1,tr|A5HZJ7|A5HZJ7_CLOBH,Transcriptional antiterminator,CBO0654,Clostridium botulinum (strain Hall / ATCC 3502 / NCTC 13319 / Type A),1.0,CBO_1272
CBO_1273,GCA-001273255.1-protein445,GCA_001273255.1,LGIK01000012.1,478820,479989,445,-1,tr|A5I2V4|A5I2V4_CLOBH,PPM-type phosphatase domain-containing protein,CBO1831,Clostridium botulinum (strain Hall / ATCC 3502 / NCTC 13319 / Type A),1.0,CBO_1273
CBO_1274,GCA-001573665.1-protein3523,GCA_001573665.1,LFPF01000008.1,91107,92417,3523,1,tr|A5I241|A5I241_CLOBH,Histidinol dehydrogenase,hisD,Clostridium botulinum (strain Hall / ATCC 3502 / NCTC 13319 / Type A),0.99,CBO_1274
CBO_1275,GCA-001273255.1-protein2447,GCA_001273255.1,LGIK01000047.1,20928,22349,2447,1,tr|A5I5L6|A5I5L6_CLOBH,Multidrug export protein MepA,CBO2780,Clostridium botulinum (strain Hall / ATCC 3502 / NCTC 13319 / Type A),1.0,CBO_1275
CBO_1276,GCA-001273255.1-protein3416,GCA_001273255.1,LGIK01000054.1,231150,232547,3416,1,tr|A5HYF8|A5HYF8_CLOBH,histidine kinase,CBO0265,Clostridium botulinum (strain Hall / ATCC 3502 / NCTC 13319 / Type A),1.0,CBO_1276
CBO_1277,GCA-001273255.1-protein2080,GCA_001273255.1,LGIK01000037.1,19091,20149,2080,1,tr|A5I2S8|A5I2S8_CLOBH,Spore coat protein S,cotS,Clostridium botulinum (strain Hall / ATCC 3502 / NCTC 13319 / Type A),0.99,CBO_1277
CBO_1278,GCA-001273255.1-protein2301,GCA_001273255.1,LGIK01000043.1,208602,209510,2301,1,tr|A5I743|A5I743_CLOBH,ABC transporter substrate-binding lipoprotein,CBO3318,Clostridium botulinum (strain Hall / ATCC 3502 / NCTC 13319 / Type A),0.99,CBO_1278
CBO_1279,GCA-001273255.1-protein623,GCA_001273255.1,LGIK01000017.1,110424,110651,623,1,sp|A5I0M6|TLP_CLOBH,Protein Tlp homolog,tlp,Clostridium botulinum (strain Hall / ATCC 3502 / NCTC 13319 / Type A),1.0,CBO_1279
CBO_1280,GCA-001273255.1-protein2027,GCA_001273255.1,LGIK01000035.1,16449,18023,2027,1,tr|A5I5N8|A5I5N8_CLOBH,DEAD-box ATP-dependent RNA helicase CshA,deaD,Clostridium botulinum (strain Hall / ATCC 3502 / NCTC 13319 / Type A),1.0,CBO_1280
CBO_1281,GCA-001273255.1-protein648,GCA_001273255.1,LGIK01000017.1,142873,143868,648,1,tr|A5I0Q2|A5I0Q2_CLOBH,Membrane protein,CBO1059,Clostridium botulinum (strain Hall / ATCC 3502 / NCTC 13319 / Type A),1.0,CBO_1281
CBO_1282,GCA-001273255.1-protein2386,GCA_001273255.1,LGIK01000044.1,34620,35360,2386,-1,tr|A5I6M4|A5I6M4_CLOBH,Methyltransferase domain-containing protein,CBO3144,Clostridium botulinum (strain Hall / ATCC 3502 / NCTC 13319 / Type A),1.0,CBO_1282
CBO_1283,GCA-001273255.1-protein3484,GCA_001273255.1,LGIK01000055.1,1643,2365,3484,1,tr|A5HYW0|A5HYW0_CLOBH,1-acyl-sn-glycerol-3-phosphate acyltransferase,CBO0416,Clostridium botulinum (strain Hall / ATCC 3502 / NCTC 13319 / Type A),1.0,CBO_1283
CBO_1284,GCA-001273255.1-protein1337,GCA_001273255.1,LGIK01000023.1,32435,33001,1337,-1,tr|A5HYQ4|A5HYQ4_CLOBH,Metal dependent phosphohydrolase,CBO0360,Clostridium botulinum (strain Hall / ATCC 3502 / NCTC 13319 / Type A),1.0,CBO_1284
CBO_1285,GCA-001276985.1-protein2192,GCA_001276985.1,LHUL01000004.1,383863,384849,2192,1,tr|A5HZW1|A5HZW1_CLOBH,Phage-related deoxyuridylate hydroxymethyltransferase,CBO0768,Clostridium botulinum (strain Hall / ATCC 3502 / NCTC 13319 / Type A),0.99,CBO_1285
CBO_1286,GCA-001273255.1-protein336,GCA_001273255.1,LGIK01000012.1,365321,365800,336,1,tr|A5I364|A5I364_CLOBH,Cyclic pyranopterin monophosphate synthase,moaC,Clostridium botulinum (strain Hall / ATCC 3502 / NCTC 13319 / Type A),1.0,CBO_1286
CBO_1287,GCA-001273255.1-protein1431,GCA_001273255.1,LGIK01000025.1,66931,67419,1431,-1,tr|A5I4Z7|A5I4Z7_CLOBH,PRC-barrel domain-containing protein,CBO2566,Clostridium botulinum (strain Hall / ATCC 3502 / NCTC 13319 / Type A),1.0,CBO_1287
CBO_1288,GCA-001273255.1-protein3265,GCA_001273255.1,LGIK01000054.1,65927,66694,3265,1,tr|A5HY08|A5HY08_CLOBH,Spore coat protein,CBO0111,Clostridium botulinum (strain Hall / ATCC 3502 / NCTC 13319 / Type A),1.0,CBO_1288
CBO_1289,GCA-001273255.1-protein3445,GCA_001273255.1,LGIK01000054.1,264219,266018,3445,1,tr|A5HYI7|A5HYI7_CLOBH,Adenine deaminase,adeC,Clostridium botulinum (strain Hall / ATCC 3502 / NCTC 13319 / Type A),1.0,CBO_1289
CBO_1290,GCA-001273255.1-protein1579,GCA_001273255.1,LGIK01000025.1,213727,214740,1579,-1,tr|A5I595|A5I595_CLOBH,Flagellar motor switch protein FliG,fliG,Clostridium botulinum (strain Hall / ATCC 3502 / NCTC 13319 / Type A),1.0,CBO_1290
CBO_1291,GCA-001273255.1-protein1132,GCA_001273255.1,LGIK01000021.1,14946,15953,1132,1,tr|A5I4N4|A5I4N4_CLOBH,Phosphate acyltransferase,plsX,Clostridium botulinum (strain Hall / ATCC 3502 / NCTC 13319 / Type A),1.0,CBO_1291
CBO_1292,GCA-001273255.1-protein1790,GCA_001273255.1,LGIK01000028.1,85499,86890,1790,-1,tr|A5I2A4|A5I2A4_CLOBH,Dihydrolipoyl dehydrogenase,acoL,Clostridium botulinum (strain Hall / ATCC 3502 / NCTC 13319 / Type A),1.0,CBO_1292
CBO_1293,GCA-001273255.1-protein2978,GCA_001273255.1,LGIK01000051.1,71340,72278,2978,1,tr|A5I1L2|A5I1L2_CLOBH,"ABC transporter, ATP-binding protein",CBO1381,Clostridium botulinum (strain Hall / ATCC 3502 / NCTC 13319 / Type A),1.0,CBO_1293
CBO_1294,GCA-001273255.1-protein420,GCA_001273255.1,LGIK01000012.1,450644,451225,420,1,sp|A5I2X9|SCPB_CLOBH,Segregation and condensation protein B,scpB,Clostridium botulinum (strain Hall / ATCC 3502 / NCTC 13319 / Type A),1.0,CBO_1294
CBO_1295,GCA-001273255.1-protein2804,GCA_001273255.1,LGIK01000005.1,137556,138272,2804,-1,tr|A5I5T2|A5I5T2_CLOBH,Butyrate-acetoacetate CoA-transferase subunit A,ctfA,Clostridium botulinum (strain Hall / ATCC 3502 / NCTC 13319 / Type A),1.0,CBO_1295
CBO_1296,GCA-001273255.1-protein1735,GCA_001273255.1,LGIK01000028.1,22765,23400,1735,1,tr|A5I2P2|A5I2P2_CLOBH,Peptidoglycan binding protein,CBO1770,Clostridium botulinum (strain Hall / ATCC 3502 / NCTC 13319 / Type A),1.0,CBO_1296
CBO_1297,GCA-001273255.1-protein238,GCA_001273255.1,LGIK01000012.1,244565,246358,238,1,tr|A5I3G7|A5I3G7_CLOBH,Myosin-crossreactive protein,CBO2043,Clostridium botulinum (strain Hall / ATCC 3502 / NCTC 13319 / Type A),1.0,CBO_1297
CBO_1298,GCA-001273255.1-protein384,GCA_001273255.1,LGIK01000012.1,412929,414092,384,1,tr|A5I315|A5I315_CLOBH,Stage III sporulation protein AE,spoIIIAE,Clostridium botulinum (strain Hall / ATCC 3502 / NCTC 13319 / Type A),1.0,CBO_1298
CBO_1299,GCA-001574135.1-protein2944,GCA_001574135.1,LFPY01000003.1,76366,77667,2944,-1,tr|A5HZF8|A5HZF8_CLOBH,histidine kinase,CBO0614,Clostridium botulinum (strain Hall / ATCC 3502 / NCTC 13319 / Type A),0.96,CBO_1299
CBO_1300,GCA-002103805.1-protein1817,GCA_002103805.1,MWIW01000002.1,685867,687177,1817,-1,tr|A5I6I6|A5I6I6_CLOBH,O-antigen flippase,wzx,Clostridium botulinum (strain Hall / ATCC 3502 / NCTC 13319 / Type A),0.89,CBO_1300
CBO_1301,GCA-001273255.1-protein3228,GCA_001273255.1,LGIK01000054.1,21463,22800,3228,-1,tr|A5HXW9|A5HXW9_CLOBH,Probable multidrug resistance protein NorM,CBO0072,Clostridium botulinum (strain Hall / ATCC 3502 / NCTC 13319 / Type A),1.0,CBO_1301
CBO_1302,GCA-001273255.1-protein3537,GCA_001273255.1,LGIK01000007.1,1483,2994,3537,1,tr|A5HYS7|A5HYS7_CLOBH,Exported protein,CBO0383,Clostridium botulinum (strain Hall / ATCC 3502 / NCTC 13319 / Type A),0.99,CBO_1302
CBO_1303,GCA-001273255.1-protein1972,GCA_001273255.1,LGIK01000030.1,127705,129510,1972,1,tr|A5I7Q0|A5I7Q0_CLOBH,ATP-dependent zinc metalloprotease FtsH,ftsH,Clostridium botulinum (strain Hall / ATCC 3502 / NCTC 13319 / Type A),1.0,CBO_1303
CBO_1304,GCA-001273255.1-protein754,GCA_001273255.1,LGIK01000019.1,113700,115073,754,1,tr|A5HZ72|A5HZ72_CLOBH,Probable amino acid permease,CBO0528,Clostridium botulinum (strain Hall / ATCC 3502 / NCTC 13319 / Type A),1.0,CBO_1304
CBO_1305,GCA-001573665.1-protein1643,GCA_001573665.1,LFPF01000023.1,31270,32019,1643,1,tr|A5I144|A5I144_CLOBH,Membrane protein,CBO1207,Clostridium botulinum (strain Hall / ATCC 3502 / NCTC 13319 / Type A),0.76,CBO_1305
CBO_1306,GCA-001273255.1-protein1891,GCA_001273255.1,LGIK01000030.1,46578,47513,1891,1,tr|A5I7Y1|A5I7Y1_CLOBH,Exported peptidase,CBO3606,Clostridium botulinum (strain Hall / ATCC 3502 / NCTC 13319 / Type A),1.0,CBO_1306
CBO_1307,GCA-001273255.1-protein3366,GCA_001273255.1,LGIK01000054.1,174807,175814,3366,1,tr|A5HYA9|A5HYA9_CLOBH,Spore photoproduct lyase,splB,Clostridium botulinum (strain Hall / ATCC 3502 / NCTC 13319 / Type A),1.0,CBO_1307
CBO_1308,GCA-001273255.1-protein2180,GCA_001273255.1,LGIK01000043.1,62767,63321,2180,1,tr|A5I7G6|A5I7G6_CLOBH,"Fumarate hydratase, subunit B",fumA',Clostridium botulinum (strain Hall / ATCC 3502 / NCTC 13319 / Type A),1.0,CBO_1308
CBO_1309,GCA-001273255.1-protein2750,GCA_001273255.1,LGIK01000005.1,63091,64722,2750,1,tr|A5I5Z1|A5I5Z1_CLOBH,Peptidase,CBO2907,Clostridium botulinum (strain Hall / ATCC 3502 / NCTC 13319 / Type A),0.99,CBO_1309
CBO_1310,GCA-001573255.1-protein2364,GCA_001573255.1,LFON01000003.1,328172,329422,2364,-1,tr|A5I0E1|A5I0E1_CLOBH,Cobalamin biosynthesis protein,cbiG,Clostridium botulinum (strain Hall / ATCC 3502 / NCTC 13319 / Type A),0.92,CBO_1310
CBO_1311,GCA-001273255.1-protein1111,GCA_001273255.1,LGIK01000020.1,2629,3807,1111,1,tr|A5I6S9|A5I6S9_CLOBH,Acetyl-CoA acetyltransferase,thl,Clostridium botulinum (strain Hall / ATCC 3502 / NCTC 13319 / Type A),1.0,CBO_1311
CBO_1312,GCA-001273255.1-protein1720,GCA_001273255.1,LGIK01000026.1,131267,133006,1720,-1,tr|A5I0Y6|A5I0Y6_CLOBH,Phosphoenolpyruvate carboxykinase,CBO1145,Clostridium botulinum (strain Hall / ATCC 3502 / NCTC 13319 / Type A),0.99,CBO_1312
CBO_1313,GCA-001273255.1-protein1564,GCA_001273255.1,LGIK01000025.1,201400,203229,1564,-1,tr|A5I580|A5I580_CLOBH,Flagellar biosynthetic protein FliR,CBO2646,Clostridium botulinum (strain Hall / ATCC 3502 / NCTC 13319 / Type A),1.0,CBO_1313
CBO_1314,GCA-001573665.1-protein2138,GCA_001573665.1,LFPF01000030.1,6612,7274,2138,-1,tr|A5I0L3|A5I0L3_CLOBH,TetR-family family transcriptional regulator,CBO1021,Clostridium botulinum (strain Hall / ATCC 3502 / NCTC 13319 / Type A),0.93,CBO_1314
CBO_1315,GCA-001273255.1-protein3121,GCA_001273255.1,LGIK01000051.1,224602,225549,3121,1,tr|A5I1Z9|A5I1Z9_CLOBH,C4-dicarboxylate /malic acid transport protein,CBO1522,Clostridium botulinum (strain Hall / ATCC 3502 / NCTC 13319 / Type A),1.0,CBO_1315
CBO_1316,GCA-001273255.1-protein2876,GCA_001273255.1,LGIK01000050.1,36810,37688,2876,1,tr|A5I4U4|A5I4U4_CLOBH,YicC family protein,CBO2515,Clostridium botulinum (strain Hall / ATCC 3502 / NCTC 13319 / Type A),1.0,CBO_1316
CBO_1317,GCA-001273255.1-protein2319,GCA_001273255.1,LGIK01000043.1,235583,236227,2319,-1,tr|A5I725|A5I725_CLOBH,Integral membrane protein,CBO3300,Clostridium botulinum (strain Hall / ATCC 3502 / NCTC 13319 / Type A),1.0,CBO_1317
CBO_1318,GCA-001273255.1-protein1943,GCA_001273255.1,LGIK01000030.1,96419,97351,1943,1,tr|A5I7S9|A5I7S9_CLOBH,Radical SAM superfamily protein,CBO3554,Clostridium botulinum (strain Hall / ATCC 3502 / NCTC 13319 / Type A),1.0,CBO_1318
CBO_1319,GCA-001273255.1-protein1666,GCA_001273255.1,LGIK01000026.1,66740,67612,1666,-1,tr|A5I143|A5I143_CLOBH,"ABC transporter, ATP-binding protein",CBO1206,Clostridium botulinum (strain Hall / ATCC 3502 / NCTC 13319 / Type A),1.0,CBO_1319
CBO_1320,GCA-001273255.1-protein3039,GCA_001273255.1,LGIK01000051.1,131715,134033,3039,1,tr|A5I1R9|A5I1R9_CLOBH,endopeptidase La,CBO1439,Clostridium botulinum (strain Hall / ATCC 3502 / NCTC 13319 / Type A),1.0,CBO_1320
CBO_1321,GCA-001273255.1-protein2474,GCA_001273255.1,LGIK01000047.1,56215,57042,2474,1,tr|A5I5I9|A5I5I9_CLOBH,Antiterminator,CBO2755,Clostridium botulinum (strain Hall / ATCC 3502 / NCTC 13319 / Type A),1.0,CBO_1321
CBO_1322,GCA-001273255.1-protein681,GCA_001273255.1,LGIK01000019.1,32461,33603,681,1,tr|A5HYZ7|A5HYZ7_CLOBH,"Branched-chain amino acid transport system,substrate-binding protein",CBO0453,Clostridium botulinum (strain Hall / ATCC 3502 / NCTC 13319 / Type A),1.0,CBO_1322
CBO_1323,GCA-001273255.1-protein2773,GCA_001273255.1,LGIK01000005.1,93253,94581,2773,1,tr|A5I5W7|A5I5W7_CLOBH,Amidohydrolase,CBO2883,Clostridium botulinum (strain Hall / ATCC 3502 / NCTC 13319 / Type A),0.99,CBO_1323
CBO_1324,GCA-001273255.1-protein2643,GCA_001273255.1,LGIK01000049.1,90323,90691,2643,-1,tr|A5I6E7|A5I6E7_CLOBH,Membrane protein,CBO3066,Clostridium botulinum (strain Hall / ATCC 3502 / NCTC 13319 / Type A),1.0,CBO_1324
CBO_1325,GCA-001273255.1-protein3115,GCA_001273255.1,LGIK01000051.1,217861,218754,3115,1,tr|A5I1Z3|A5I1Z3_CLOBH,"ABC transporter, permease protein",CBO1516,Clostridium botulinum (strain Hall / ATCC 3502 / NCTC 13319 / Type A),1.0,CBO_1325
CBO_1326,GCA-001273255.1-protein90,GCA_001273255.1,LGIK01000012.1,83425,85119,90,-1,tr|A5I3X3|A5I3X3_CLOBH,Bifunctional protein [includes 2-hydroxyacyl-CoA dehydratase (N-ter) and its activator domain (C_term),CBO2202,Clostridium botulinum (strain Hall / ATCC 3502 / NCTC 13319 / Type A),1.0,CBO_1326
CBO_1327,GCA-001273255.1-protein1082,GCA_001273255.1,LGIK01000019.1,472779,474011,1082,-1,tr|A5I085|A5I085_CLOBH,Porphyromonas-type peptidyl-arginine deiminase,CBO0894,Clostridium botulinum (strain Hall / ATCC 3502 / NCTC 13319 / Type A),0.98,CBO_1327
CBO_1328,GCA-001273255.1-protein2306,GCA_001273255.1,LGIK01000043.1,213713,214735,2306,1,sp|A5I738|TSAD_CLOBH,tRNA N6-adenosine threonylcarbamoyltransferase,tsaD,Clostridium botulinum (strain Hall / ATCC 3502 / NCTC 13319 / Type A),1.0,CBO_1328
CBO_1329,GCA-001273255.1-protein163,GCA_001273255.1,LGIK01000012.1,166649,167791,163,1,tr|A5I3P7|A5I3P7_CLOBH,Propanediol utilization: propanol dehydrogenase,CBO2126,Clostridium botulinum (strain Hall / ATCC 3502 / NCTC 13319 / Type A),0.98,CBO_1329
CBO_1330,GCA-001273255.1-protein3165,GCA_001273255.1,LGIK01000051.1,270077,271141,3165,1,sp|A5I245|HIS8_CLOBH,Histidinol-phosphate aminotransferase,hisC,Clostridium botulinum (strain Hall / ATCC 3502 / NCTC 13319 / Type A),1.0,CBO_1330
CBO_1331,GCA-001273255.1-protein1184,GCA_001273255.1,LGIK01000021.1,70801,71385,1184,1,tr|A5I4I0|A5I4I0_CLOBH,CDP-diacylglycerol--glycerol-3-phosphate 3-phosphatidyltransferase,CBO2406,Clostridium botulinum (strain Hall / ATCC 3502 / NCTC 13319 / Type A),1.0,CBO_1331
CBO_1332,GCA-001273255.1-protein862,GCA_001273255.1,LGIK01000019.1,234024,235214,862,-1,tr|A5HZJ0|A5HZJ0_CLOBH,Coenzyme F420:L-glutamate ligase-like domain-containing protein,CBO0647,Clostridium botulinum (strain Hall / ATCC 3502 / NCTC 13319 / Type A),0.99,CBO_1332
CBO_1333,GCA-001273255.1-protein3490,GCA_001273255.1,LGIK01000055.1,10920,11135,3490,-1,tr|A5HYW6|A5HYW6_CLOBH,Membrane protein,CBO0422,Clostridium botulinum (strain Hall / ATCC 3502 / NCTC 13319 / Type A),1.0,CBO_1333
CBO_1334,GCA-001273255.1-protein2298,GCA_001273255.1,LGIK01000043.1,205852,206565,2298,-1,tr|A5I746|A5I746_CLOBH,Peptidase,CBO3321,Clostridium botulinum (strain Hall / ATCC 3502 / NCTC 13319 / Type A),0.99,CBO_1334
CBO_1335,GCA-001273255.1-protein3492,GCA_001273255.1,LGIK01000055.1,11755,12600,3492,-1,tr|A5HYW8|A5HYW8_CLOBH,Pantothenate synthetase,panC,Clostridium botulinum (strain Hall / ATCC 3502 / NCTC 13319 / Type A),0.99,CBO_1335
CBO_1336,GCA-001273255.1-protein832,GCA_001273255.1,LGIK01000019.1,201807,202946,832,-1,tr|A5HZF6|A5HZF6_CLOBH,Membrane protein,CBO0612,Clostridium botulinum (strain Hall / ATCC 3502 / NCTC 13319 / Type A),1.0,CBO_1336
CBO_1337,GCA-001273255.1-protein758,GCA_001273255.1,LGIK01000019.1,118959,121577,758,-1,tr|A5HZ76|A5HZ76_CLOBH,P-type Ca(2+) transporter,CBO0532,Clostridium botulinum (strain Hall / ATCC 3502 / NCTC 13319 / Type A),1.0,CBO_1337
CBO_1338,GCA-001273255.1-protein1105,GCA_001273255.1,LGIK01000019.1,499528,499827,1105,1,tr|A5I0A9|A5I0A9_CLOBH,Cobalt transport protein CbiN,cbiN,Clostridium botulinum (strain Hall / ATCC 3502 / NCTC 13319 / Type A),1.0,CBO_1338
CBO_1339,GCA-001273255.1-protein2809,GCA_001273255.1,LGIK01000005.1,143235,144434,2809,1,tr|A5I5S7|A5I5S7_CLOBH,Flavoprotein,CBO2842,Clostridium botulinum (strain Hall / ATCC 3502 / NCTC 13319 / Type A),1.0,CBO_1339
CBO_1340,GCA-001273255.1-protein2475,GCA_001273255.1,LGIK01000047.1,57125,59080,2475,1,tr|A5I5I8|A5I5I8_CLOBH,"PTS system, glucose-specific IIABC component",CBO2754,Clostridium botulinum (strain Hall / ATCC 3502 / NCTC 13319 / Type A),1.0,CBO_1340
CBO_1341,GCA-001273255.1-protein1221,GCA_001273255.1,LGIK01000021.1,104032,104334,1221,1,tr|A5I456|A5I456_CLOBH,Stress-response A/B barrel domain-containing protein,CBO2287,Clostridium botulinum (strain Hall / ATCC 3502 / NCTC 13319 / Type A),1.0,CBO_1341
CBO_1342,GCA-001273255.1-protein1852,GCA_001273255.1,LGIK01000030.1,10347,10682,1852,1,sp|A5I820|RNPA_CLOBH,Ribonuclease P protein component,rnpA,Clostridium botulinum (strain Hall / ATCC 3502 / NCTC 13319 / Type A),1.0,CBO_1342
CBO_1343,GCA-001273255.1-protein537,GCA_001273255.1,LGIK01000017.1,22590,23354,537,1,tr|A5I0E0|A5I0E0_CLOBH,Precorrin-4 C11-methyltransferase,cbiF,Clostridium botulinum (strain Hall / ATCC 3502 / NCTC 13319 / Type A),1.0,CBO_1343
CBO_1344,GCA-001273255.1-protein2038,GCA_001273255.1,LGIK01000036.1,5696,7891,2038,1,tr|A5I1C6|A5I1C6_CLOBH,DNA topoisomerase 3,topB,Clostridium botulinum (strain Hall / ATCC 3502 / NCTC 13319 / Type A),1.0,CBO_1344
CBO_1345,GCA-001273255.1-protein3595,GCA_001273255.1,LGIK01000009.1,27401,28264,3595,-1,tr|A5I0T4|A5I0T4_CLOBH,Membrane protein,CBO1092,Clostridium botulinum (strain Hall / ATCC 3502 / NCTC 13319 / Type A),1.0,CBO_1345
CBO_1346,GCA-001273255.1-protein300,GCA_001273255.1,LGIK01000012.1,320956,322458,300,-1,tr|A5I3A0|A5I3A0_CLOBH,Spore germination protein,gerAA,Clostridium botulinum (strain Hall / ATCC 3502 / NCTC 13319 / Type A),1.0,CBO_1346
CBO_1347,GCA-001273255.1-protein3373,GCA_001273255.1,LGIK01000054.1,182510,183235,3373,1,tr|A5HYB6|A5HYB6_CLOBH,Probable polysaccharide deacetylase,CBO0223,Clostridium botulinum (strain Hall / ATCC 3502 / NCTC 13319 / Type A),0.99,CBO_1347
CBO_1348,GCA-001273255.1-protein2056,GCA_001273255.1,LGIK01000036.1,32341,33135,2056,1,tr|A5I1E4|A5I1E4_CLOBH,Membrane-associated protease,CBO1309,Clostridium botulinum (strain Hall / ATCC 3502 / NCTC 13319 / Type A),1.0,CBO_1348
CBO_1349,GCA-001273255.1-protein722,GCA_001273255.1,LGIK01000019.1,74494,75636,722,1,tr|A5HZ39|A5HZ39_CLOBH,Cytolysin ABC transporter,sagI,Clostridium botulinum (strain Hall / ATCC 3502 / NCTC 13319 / Type A),1.0,CBO_1349
CBO_1350,GCA-001273255.1-protein3253,GCA_001273255.1,LGIK01000054.1,47353,50469,3253,1,tr|A5HXZ6|A5HXZ6_CLOBH,Isoleucine--tRNA ligase,ileS,Clostridium botulinum (strain Hall / ATCC 3502 / NCTC 13319 / Type A),1.0,CBO_1350
CBO_1351,GCA-001273255.1-protein2181,GCA_001273255.1,LGIK01000043.1,63391,64098,2181,1,tr|A5I7G5|A5I7G5_CLOBH,TPR-repeat-containing protein,CBO3440,Clostridium botulinum (strain Hall / ATCC 3502 / NCTC 13319 / Type A),1.0,CBO_1351
CBO_1352,GCA-001273255.1-protein1850,GCA_001273255.1,LGIK01000030.1,8256,9602,1850,-1,sp|A5HXP7|DNAA_CLOBH,Chromosomal replication initiator protein DnaA,dnaA,Clostridium botulinum (strain Hall / ATCC 3502 / NCTC 13319 / Type A),1.0,CBO_1352
CBO_1353,GCA-001273255.1-protein1628,GCA_001273255.1,LGIK01000026.1,31438,32874,1628,1,tr|A5I183|A5I183_CLOBH,Sodium:alanine symporter,CBO1245,Clostridium botulinum (strain Hall / ATCC 3502 / NCTC 13319 / Type A),1.0,CBO_1353
CBO_1354,GCA-001273255.1-protein2243,GCA_001273255.1,LGIK01000043.1,129157,129888,2243,1,sp|A5I7A4|Y3379_CLOBH,Probable phosphatase CBO3379/CLC_3322,CBO3379,Clostridium botulinum (strain Hall / ATCC 3502 / NCTC 13319 / Type A),1.0,CBO_1354
CBO_1355,GCA-001273255.1-protein935,GCA_001273255.1,LGIK01000019.1,319375,319707,935,-1,tr|A5HZS3|A5HZS3_CLOBH,Tetratricopeptide repeat protein,CBO0730,Clostridium botulinum (strain Hall / ATCC 3502 / NCTC 13319 / Type A),0.98,CBO_1355
CBO_1356,GCA-001273255.1-protein402,GCA_001273255.1,LGIK01000012.1,430838,432211,402,1,tr|A5I2Z7|A5I2Z7_CLOBH,Stage IV sporulation protein B,spoIVB,Clostridium botulinum (strain Hall / ATCC 3502 / NCTC 13319 / Type A),0.89,CBO_1356
CBO_1357,GCA-001573255.1-protein2709,GCA_001573255.1,LFON01000037.1,15051,15869,2709,-1,tr|A5I5P8|A5I5P8_CLOBH,Membrane protein,CBO2812,Clostridium botulinum (strain Hall / ATCC 3502 / NCTC 13319 / Type A),0.89,CBO_1357
CBO_1358,GCA-001573255.1-protein1563,GCA_001573255.1,LFON01000021.1,37998,38714,1563,-1,tr|A5I230|A5I230_CLOBH,7-carboxy-7-deazaguanine synthase,queE,Clostridium botulinum (strain Hall / ATCC 3502 / NCTC 13319 / Type A),0.85,CBO_1358
CBO_1359,GCA-001573885.1-protein2147,GCA_001573885.1,LFPN01000004.1,213477,214511,2147,-1,tr|A5I0P2|A5I0P2_CLOBH,AraC-family transcriptional regulator,CBO1049,Clostridium botulinum (strain Hall / ATCC 3502 / NCTC 13319 / Type A),0.94,CBO_1359
CBO_1360,GCA-001273255.1-protein1667,GCA_001273255.1,LGIK01000026.1,67605,67976,1667,-1,tr|A5I142|A5I142_CLOBH,GntR-family transcriptional regulator,CBO1205,Clostridium botulinum (strain Hall / ATCC 3502 / NCTC 13319 / Type A),1.0,CBO_1360
CBO_1361,GCA-001273255.1-protein120,GCA_001273255.1,LGIK01000012.1,117492,118289,120,1,tr|A5I3T8|A5I3T8_CLOBH,MerR family regulatory protein,CBO2167,Clostridium botulinum (strain Hall / ATCC 3502 / NCTC 13319 / Type A),1.0,CBO_1361
CBO_1362,GCA-001273255.1-protein2168,GCA_001273255.1,LGIK01000043.1,52465,53085,2168,1,sp|A5I7H8|RS4A_CLOBH,Small ribosomal subunit protein uS4A,rpsD1,Clostridium botulinum (strain Hall / ATCC 3502 / NCTC 13319 / Type A),1.0,CBO_1362
CBO_1363,GCA-001273255.1-protein1632,GCA_001273255.1,LGIK01000026.1,34142,34729,1632,-1,tr|A5I180|A5I180_CLOBH,TetR-family transcriptional regulator,CBO1242,Clostridium botulinum (strain Hall / ATCC 3502 / NCTC 13319 / Type A),1.0,CBO_1363
CBO_1364,GCA-001273255.1-protein3615,GCA_001273255.1,LGIK01000009.1,48753,49121,3615,-1,tr|A5I0R3|A5I0R3_CLOBH,DUF1667 domain-containing protein,CBO1070,Clostridium botulinum (strain Hall / ATCC 3502 / NCTC 13319 / Type A),0.97,CBO_1364
CBO_1365,GCA-001273255.1-protein513,GCA_001273255.1,LGIK01000017.1,5060,6382,513,1,tr|A5I0B6|A5I0B6_CLOBH,"Cobyrinate a,c-diamide synthase",cobB,Clostridium botulinum (strain Hall / ATCC 3502 / NCTC 13319 / Type A),1.0,CBO_1365
CBO_1366,GCA-001273255.1-protein320,GCA_001273255.1,LGIK01000012.1,348017,348838,320,-1,tr|A5I379|A5I379_CLOBH,MerR-family transcriptional regulator,CBO1954,Clostridium botulinum (strain Hall / ATCC 3502 / NCTC 13319 / Type A),1.0,CBO_1366
CBO_1367,GCA-001273255.1-protein2933,GCA_001273255.1,LGIK01000051.1,20352,22238,2933,1,tr|A5I1G6|A5I1G6_CLOBH,Carbon monoxide dehydrogenase,CBO1331,Clostridium botulinum (strain Hall / ATCC 3502 / NCTC 13319 / Type A),1.0,CBO_1367
CBO_1368,GCA-001273255.1-protein3163,GCA_001273255.1,LGIK01000051.1,268750,269355,3163,1,tr|A5I243|A5I243_CLOBH,Imidazole glycerol phosphate synthase subunit HisH,hisH,Clostridium botulinum (strain Hall / ATCC 3502 / NCTC 13319 / Type A),1.0,CBO_1368
CBO_1369,GCA-001273255.1-protein829,GCA_001273255.1,LGIK01000019.1,199107,199823,829,1,tr|A5HZF3|A5HZF3_CLOBH,D-alanyl-D-alanine carboxypeptidase,CBO0609,Clostridium botulinum (strain Hall / ATCC 3502 / NCTC 13319 / Type A),1.0,CBO_1369
CBO_1370,GCA-001273255.1-protein1725,GCA_001273255.1,LGIK01000028.1,9476,10921,1725,-1,tr|A5I2Q2|A5I2Q2_CLOBH,ATP-dependent RNA helicase DbpA,deaD,Clostridium botulinum (strain Hall / ATCC 3502 / NCTC 13319 / Type A),1.0,CBO_1370
CBO_1371,GCA-001273255.1-protein421,GCA_001273255.1,LGIK01000012.1,451286,451726,421,-1,tr|A5I2X8|A5I2X8_CLOBH,Sporulation protein YtfJ,CBO1855,Clostridium botulinum (strain Hall / ATCC 3502 / NCTC 13319 / Type A),1.0,CBO_1371
CBO_1372,GCA-001273255.1-protein2166,GCA_001273255.1,LGIK01000043.1,51643,52014,2166,1,sp|A5I7I0|RS13_CLOBH,Small ribosomal subunit protein uS13,rpsM,Clostridium botulinum (strain Hall / ATCC 3502 / NCTC 13319 / Type A),1.0,CBO_1372
CBO_1373,GCA-001573255.1-protein834,GCA_001573255.1,LFON01000015.1,46790,47572,834,1,tr|A5I3B9|A5I3B9_CLOBH,Phosphosugar-binding transcriptional regulator,CBO1994,Clostridium botulinum (strain Hall / ATCC 3502 / NCTC 13319 / Type A),0.93,CBO_1373
CBO_1374,GCA-001273255.1-protein2074,GCA_001273255.1,LGIK01000037.1,11861,12745,2074,1,tr|A5I2T4|A5I2T4_CLOBH,RpiR-family transcriptional regulator,CBO1812,Clostridium botulinum (strain Hall / ATCC 3502 / NCTC 13319 / Type A),1.0,CBO_1374
CBO_1375,GCA-001273255.1-protein2020,GCA_001273255.1,LGIK01000035.1,9089,10114,2020,1,tr|A5I5P5|A5I5P5_CLOBH,Exported protein,CBO2809,Clostridium botulinum (strain Hall / ATCC 3502 / NCTC 13319 / Type A),1.0,CBO_1375
CBO_1376,GCA-001273255.1-protein3291,GCA_001273255.1,LGIK01000054.1,94457,95308,3291,1,sp|A5HY34|PRMC_CLOBH,Release factor glutamine methyltransferase,prmC,Clostridium botulinum (strain Hall / ATCC 3502 / NCTC 13319 / Type A),1.0,CBO_1376
CBO_1377,GCA-001273255.1-protein2635,GCA_001273255.1,LGIK01000049.1,81824,82273,2635,-1,sp|A5I6D9|DTD_CLOBH,D-aminoacyl-tRNA deacylase,dtd,Clostridium botulinum (strain Hall / ATCC 3502 / NCTC 13319 / Type A),1.0,CBO_1377
CBO_1378,GCA-001273255.1-protein976,GCA_001273255.1,LGIK01000019.1,361576,362604,976,1,tr|A5HZX4|A5HZX4_CLOBH,DUF4003 domain-containing protein,CBO0781,Clostridium botulinum (strain Hall / ATCC 3502 / NCTC 13319 / Type A),0.95,CBO_1378
CBO_1379,GCA-001273255.1-protein2956,GCA_001273255.1,LGIK01000051.1,48521,49504,2956,1,tr|A5I1J0|A5I1J0_CLOBH,"ABC transporter, permease protein",CBO1356,Clostridium botulinum (strain Hall / ATCC 3502 / NCTC 13319 / Type A),0.97,CBO_1379
CBO_1380,GCA-001273255.1-protein274,GCA_001273255.1,LGIK01000012.1,289088,290152,274,-1,tr|A5I3C9|A5I3C9_CLOBH,Oxidoreductase,CBO2004,Clostridium botulinum (strain Hall / ATCC 3502 / NCTC 13319 / Type A),0.99,CBO_1380
CBO_1381,GCA-001273255.1-protein1802,GCA_001273255.1,LGIK01000028.1,100502,101389,1802,-1,tr|A5I291|A5I291_CLOBH,Methylenetetrahydrofolate reductase,metF,Clostridium botulinum (strain Hall / ATCC 3502 / NCTC 13319 / Type A),1.0,CBO_1381
CBO_1382,GCA-001273255.1-protein2731,GCA_001273255.1,LGIK01000005.1,44784,45536,2731,1,tr|A5I610|A5I610_CLOBH,Glycerophosphoryl diester phosphodiesterase,glpQ,Clostridium botulinum (strain Hall / ATCC 3502 / NCTC 13319 / Type A),0.99,CBO_1382
CBO_1383,GCA-001273255.1-protein2992,GCA_001273255.1,LGIK01000051.1,86704,87405,2992,1,tr|A5I1M6|A5I1M6_CLOBH,Stage 0 sporulation protein A homolog,CBO1394,Clostridium botulinum (strain Hall / ATCC 3502 / NCTC 13319 / Type A),1.0,CBO_1383
CBO_1384,GCA-001273255.1-protein2272,GCA_001273255.1,LGIK01000043.1,165973,167358,2272,1,tr|A5I773|A5I773_CLOBH,histidine kinase,CBO3349,Clostridium botulinum (strain Hall / ATCC 3502 / NCTC 13319 / Type A),1.0,CBO_1384
CBO_1385,GCA-001573175.1-protein563,GCA_001573175.1,LFOK01000014.1,71218,72903,563,-1,tr|A5I564|A5I564_CLOBH,Radical SAM superfamily protein,CBO2630,Clostridium botulinum (strain Hall / ATCC 3502 / NCTC 13319 / Type A),0.94,CBO_1385
CBO_1386,GCA-001273255.1-protein2387,GCA_001273255.1,LGIK01000044.1,35446,35718,2387,-1,tr|A5I6M5|A5I6M5_CLOBH,Small acid-soluble spore protein,CBO3145,Clostridium botulinum (strain Hall / ATCC 3502 / NCTC 13319 / Type A),1.0,CBO_1386
CBO_1387,GCA-001273255.1-protein2376,GCA_001273255.1,LGIK01000044.1,23409,24752,2376,-1,tr|A5I6L4|A5I6L4_CLOBH,Potassium uptake protein,CBO3134,Clostridium botulinum (strain Hall / ATCC 3502 / NCTC 13319 / Type A),1.0,CBO_1387
CBO_1388,GCA-001273255.1-protein3230,GCA_001273255.1,LGIK01000054.1,23545,23979,3230,1,tr|A5HXX1|A5HXX1_CLOBH,MarR-family transcriptional regulator,CBO0074,Clostridium botulinum (strain Hall / ATCC 3502 / NCTC 13319 / Type A),0.99,CBO_1388
CBO_1389,GCA-001273255.1-protein882,GCA_001273255.1,LGIK01000019.1,258743,259636,882,1,tr|A5HZL1|A5HZL1_CLOBH,"Branched-chain amino acid transport system, permease protein",CBO0668,Clostridium botulinum (strain Hall / ATCC 3502 / NCTC 13319 / Type A),0.99,CBO_1389
CBO_1390,GCA-001273255.1-protein76,GCA_001273255.1,LGIK01000012.1,69071,69598,76,-1,tr|A5I3Y5|A5I3Y5_CLOBH,Uncharacterized protein,CBO2214,Clostridium botulinum (strain Hall / ATCC 3502 / NCTC 13319 / Type A),1.0,CBO_1390
CBO_1391,GCA-054771325.1-protein1832,GCA_054771325.1,NKTI01000003.1,195147,196538,1832,-1,tr|A5I3J6|A5I3J6_CLOBH,Radical SAM core domain-containing protein,CBO2075,Clostridium botulinum (strain Hall / ATCC 3502 / NCTC 13319 / Type A),0.78,CBO_1391
CBO_1392,GCA-001273255.1-protein3100,GCA_001273255.1,LGIK01000051.1,199807,200625,3100,1,tr|A5I1X9|A5I1X9_CLOBH,"D-methionine ABC transporter, substrate-binding lipoprotein",metQ3,Clostridium botulinum (strain Hall / ATCC 3502 / NCTC 13319 / Type A),1.0,CBO_1392
CBO_1393,GCA-001273255.1-protein1597,GCA_001273255.1,LGIK01000026.1,2934,3407,1597,-1,tr|A5I1B5|A5I1B5_CLOBH,Sporulation membrane protein YtrI C-terminal domain-containing protein,CBO1278,Clostridium botulinum (strain Hall / ATCC 3502 / NCTC 13319 / Type A),1.0,CBO_1393
CBO_1394,GCA-001273255.1-protein2041,GCA_001273255.1,LGIK01000036.1,9837,10490,2041,1,sp|A5I1C9|TAL_CLOBH,Transaldolase,tal,Clostridium botulinum (strain Hall / ATCC 3502 / NCTC 13319 / Type A),1.0,CBO_1394
CBO_1395,GCA-001273255.1-protein3266,GCA_001273255.1,LGIK01000054.1,66707,67720,3266,1,tr|A5HY09|A5HY09_CLOBH,Spore coat protein,CBO0112,Clostridium botulinum (strain Hall / ATCC 3502 / NCTC 13319 / Type A),1.0,CBO_1395
CBO_1396,GCA-054771215.1-protein600,GCA_054771215.1,NKTA01000010.1,199301,200581,600,1,tr|A5I1N6|A5I1N6_CLOBH,D-alanyl-D-alanine carboxypeptidase,CBO1404,Clostridium botulinum (strain Hall / ATCC 3502 / NCTC 13319 / Type A),0.96,CBO_1396
CBO_1397,GCA-001573255.1-protein3988,GCA_001573255.1,LFON01000009.1,80385,81647,3988,1,tr|A5I533|A5I533_CLOBH,Malate/lactate dehydrogenase,CBO2602,Clostridium botulinum (strain Hall / ATCC 3502 / NCTC 13319 / Type A),0.93,CBO_1397
CBO_1398,GCA-001273255.1-protein452,GCA_001273255.1,LGIK01000012.1,484178,484522,452,1,tr|A5I2U7|A5I2U7_CLOBH,Decarboxylase,CBO1825,Clostridium botulinum (strain Hall / ATCC 3502 / NCTC 13319 / Type A),1.0,CBO_1398
CBO_1399,GCA-001273255.1-protein1692,GCA_001273255.1,LGIK01000026.1,100517,101446,1692,-1,tr|A5I118|A5I118_CLOBH,Cysteine synthase,cysK2,Clostridium botulinum (strain Hall / ATCC 3502 / NCTC 13319 / Type A),1.0,CBO_1399
CBO_1400,GCA-001273255.1-protein3215,GCA_001273255.1,LGIK01000054.1,10478,10681,3215,1,tr|A5HXV5|A5HXV5_CLOBH,Metal-binding protein,CBO0058,Clostridium botulinum (strain Hall / ATCC 3502 / NCTC 13319 / Type A),1.0,CBO_1400
CBO_1401,GCA-001273255.1-protein1586,GCA_001273255.1,LGIK01000025.1,220084,221406,1586,-1,sp|A5I5A3|ARLY_CLOBH,Argininosuccinate lyase,argH,Clostridium botulinum (strain Hall / ATCC 3502 / NCTC 13319 / Type A),0.98,CBO_1401
CBO_1402,GCA-001273255.1-protein3038,GCA_001273255.1,LGIK01000051.1,130155,131354,3038,1,tr|A5I1R8|A5I1R8_CLOBH,Alcohol dehydrogenase,CBO1438,Clostridium botulinum (strain Hall / ATCC 3502 / NCTC 13319 / Type A),0.99,CBO_1402
CBO_1403,GCA-001273255.1-protein2589,GCA_001273255.1,LGIK01000049.1,41538,44165,2589,-1,tr|A5I693|A5I693_CLOBH,DNA polymerase I,polA,Clostridium botulinum (strain Hall / ATCC 3502 / NCTC 13319 / Type A),1.0,CBO_1403
CBO_1404,GCA-001273255.1-protein2784,GCA_001273255.1,LGIK01000005.1,108532,111177,2784,1,tr|A5I5V5|A5I5V5_CLOBH,"Magnesium-transporting ATPase, P-type 1",mgtA,Clostridium botulinum (strain Hall / ATCC 3502 / NCTC 13319 / Type A),1.0,CBO_1404
CBO_1405,GCA-001273255.1-protein2162,GCA_001273255.1,LGIK01000043.1,50129,50878,2162,1,tr|A5I7I4|A5I7I4_CLOBH,Methionine aminopeptidase,map1,Clostridium botulinum (strain Hall / ATCC 3502 / NCTC 13319 / Type A),1.0,CBO_1405
CBO_1406,GCA-001273255.1-protein94,GCA_001273255.1,LGIK01000012.1,89631,90863,94,1,tr|A5I3W9|A5I3W9_CLOBH,Subunit of oxygen-sensitive 2-hydroxyisocaproyl-CoA dehydratase,hadB,Clostridium botulinum (strain Hall / ATCC 3502 / NCTC 13319 / Type A),1.0,CBO_1406
CBO_1407,GCA-001273255.1-protein2239,GCA_001273255.1,LGIK01000043.1,124089,125519,2239,1,tr|A5I7A8|A5I7A8_CLOBH,Beta-lactamase,CBO3383,Clostridium botulinum (strain Hall / ATCC 3502 / NCTC 13319 / Type A),1.0,CBO_1407
CBO_1408,GCA-001273255.1-protein1698,GCA_001273255.1,LGIK01000026.1,105719,106513,1698,-1,tr|A5I113|A5I113_CLOBH,Hydrolase,CBO1173,Clostridium botulinum (strain Hall / ATCC 3502 / NCTC 13319 / Type A),1.0,CBO_1408
CBO_1409,GCA-001273255.1-protein2294,GCA_001273255.1,LGIK01000043.1,201887,203044,2294,1,tr|A5I750|A5I750_CLOBH,Schlafen AlbA-2 domain-containing protein,CBO3325,Clostridium botulinum (strain Hall / ATCC 3502 / NCTC 13319 / Type A),1.0,CBO_1409
CBO_1410,GCA-001273255.1-protein2154,GCA_001273255.1,LGIK01000043.1,45667,46065,2154,1,sp|A5I7J2|RS8_CLOBH,Small ribosomal subunit protein uS8,rpsH,Clostridium botulinum (strain Hall / ATCC 3502 / NCTC 13319 / Type A),1.0,CBO_1410
CBO_1411,GCA-001573175.1-protein2941,GCA_001573175.1,LFOK01000006.1,9448,10599,2941,-1,tr|A5HZA2|A5HZA2_CLOBH,Zinc chelation protein SecC,CBO0558,Clostridium botulinum (strain Hall / ATCC 3502 / NCTC 13319 / Type A),0.95,CBO_1411
CBO_1412,GCA-001273255.1-protein3178,GCA_001273255.1,LGIK01000051.1,282028,282771,3178,1,tr|A5I258|A5I258_CLOBH,"Lantibiotic ABC transporter, permease protein",CBO1584,Clostridium botulinum (strain Hall / ATCC 3502 / NCTC 13319 / Type A),1.0,CBO_1412
CBO_1413,GCA-001273255.1-protein2719,GCA_001273255.1,LGIK01000005.1,28174,30807,2719,1,tr|A5I622|A5I622_CLOBH,"Pyruvate, phosphate dikinase",ppdK,Clostridium botulinum (strain Hall / ATCC 3502 / NCTC 13319 / Type A),1.0,CBO_1413
CBO_1414,GCA-001273255.1-protein566,GCA_001273255.1,LGIK01000017.1,52193,53230,566,-1,,,,,,CBO_1414
CBO_1415,GCA-001273255.1-protein3329,GCA_001273255.1,LGIK01000054.1,135097,136746,3329,1,tr|A5HY72|A5HY72_CLOBH,Rhoptry protein,CBO0179,Clostridium botulinum (strain Hall / ATCC 3502 / NCTC 13319 / Type A),1.0,CBO_1415
CBO_1416,GCA-001273255.1-protein2708,GCA_001273255.1,LGIK01000005.1,18806,19252,2708,1,tr|A5I633|A5I633_CLOBH,tRNA modifying protein,CBO2952,Clostridium botulinum (strain Hall / ATCC 3502 / NCTC 13319 / Type A),1.0,CBO_1416
CBO_1417,GCA-001273255.1-protein2114,GCA_001273255.1,LGIK01000043.1,11643,12743,2114,1,tr|A5I7N2|A5I7N2_CLOBH,Membrane protein,CBO3505,Clostridium botulinum (strain Hall / ATCC 3502 / NCTC 13319 / Type A),1.0,CBO_1417
CBO_1418,GCA-001273255.1-protein1099,GCA_001273255.1,LGIK01000019.1,492339,492896,1099,1,tr|A5I0A2|A5I0A2_CLOBH,Adenosylcobinamide kinase,cobU,Clostridium botulinum (strain Hall / ATCC 3502 / NCTC 13319 / Type A),1.0,CBO_1418
CBO_1419,GCA-001273255.1-protein634,GCA_001273255.1,LGIK01000017.1,122069,123022,634,1,tr|A5I0N7|A5I0N7_CLOBH,"Ferric siderophore ABC transporter, permease protein",CBO1045,Clostridium botulinum (strain Hall / ATCC 3502 / NCTC 13319 / Type A),1.0,CBO_1419
CBO_1420,GCA-001273255.1-protein1534,GCA_001273255.1,LGIK01000025.1,171198,171704,1534,-1,tr|A5I552|A5I552_CLOBH,Membrane protein,CBO2620,Clostridium botulinum (strain Hall / ATCC 3502 / NCTC 13319 / Type A),1.0,CBO_1420
CBO_1421,GCA-001273255.1-protein2317,GCA_001273255.1,LGIK01000043.1,232889,234382,2317,1,tr|A5I727|A5I727_CLOBH,Iron-dependent hydrogenase,CBO3302,Clostridium botulinum (strain Hall / ATCC 3502 / NCTC 13319 / Type A),1.0,CBO_1421
CBO_1422,GCA-001273255.1-protein2891,GCA_001273255.1,LGIK01000050.1,51813,52457,2891,1,tr|A5I4S9|A5I4S9_CLOBH,Thiamine diphosphokinase,CBO2501,Clostridium botulinum (strain Hall / ATCC 3502 / NCTC 13319 / Type A),1.0,CBO_1422
CBO_1423,GCA-001273255.1-protein2348,GCA_001273255.1,LGIK01000043.1,267822,270038,2348,1,tr|A5I6Z8|A5I6Z8_CLOBH,ATP-dependent DNA helicase,pcrA,Clostridium botulinum (strain Hall / ATCC 3502 / NCTC 13319 / Type A),1.0,CBO_1423
CBO_1424,GCA-001273255.1-protein1138,GCA_001273255.1,LGIK01000021.1,22172,23083,1138,1,tr|A5I4M9|A5I4M9_CLOBH,Signal recognition particle receptor FtsY,ftsY,Clostridium botulinum (strain Hall / ATCC 3502 / NCTC 13319 / Type A),1.0,CBO_1424
CBO_1425,GCA-001273255.1-protein3212,GCA_001273255.1,LGIK01000054.1,8259,8588,3212,1,tr|A5HXV2|A5HXV2_CLOBH,Nitrogen regulatory protein P-II,CBO0055,Clostridium botulinum (strain Hall / ATCC 3502 / NCTC 13319 / Type A),1.0,CBO_1425
CBO_1426,GCA-001273255.1-protein2792,GCA_001273255.1,LGIK01000005.1,119490,121349,2792,-1,tr|A5I5U7|A5I5U7_CLOBH,Sulfatase,CBO2861,Clostridium botulinum (strain Hall / ATCC 3502 / NCTC 13319 / Type A),1.0,CBO_1426
CBO_1427,GCA-001273255.1-protein815,GCA_001273255.1,LGIK01000019.1,182420,183832,815,-1,tr|A5HZD8|A5HZD8_CLOBH,Sigma-54 interacting protein,CBO0594,Clostridium botulinum (strain Hall / ATCC 3502 / NCTC 13319 / Type A),1.0,CBO_1427
CBO_1428,GCA-001273255.1-protein1437,GCA_001273255.1,LGIK01000025.1,72651,73559,1437,-1,tr|A5I503|A5I503_CLOBH,Tranporter protein,CBO2572,Clostridium botulinum (strain Hall / ATCC 3502 / NCTC 13319 / Type A),1.0,CBO_1428
CBO_1429,GCA-001273255.1-protein816,GCA_001273255.1,LGIK01000019.1,184167,185390,816,-1,tr|A5HZD9|A5HZD9_CLOBH,Nucleoside permease,CBO0595,Clostridium botulinum (strain Hall / ATCC 3502 / NCTC 13319 / Type A),1.0,CBO_1429
CBO_1430,GCA-001273255.1-protein3421,GCA_001273255.1,LGIK01000054.1,238151,238930,3421,-1,tr|A5HYG3|A5HYG3_CLOBH,RpiR-family transcriptional regulator,CBO0270,Clostridium botulinum (strain Hall / ATCC 3502 / NCTC 13319 / Type A),1.0,CBO_1430
CBO_1431,GCA-001273255.1-protein536,GCA_001273255.1,LGIK01000017.1,21855,22571,536,1,tr|A5I0D9|A5I0D9_CLOBH,Cobalt-precorrin-2 C(20)-methyltransferase,cbiL,Clostridium botulinum (strain Hall / ATCC 3502 / NCTC 13319 / Type A),1.0,CBO_1431
CBO_1432,GCA-001273255.1-protein1861,GCA_001273255.1,LGIK01000030.1,18059,18907,1861,1,tr|A5I811|A5I811_CLOBH,Stage 0 sporulation protein J,spo0J,Clostridium botulinum (strain Hall / ATCC 3502 / NCTC 13319 / Type A),1.0,CBO_1432
CBO_1433,GCA-001273255.1-protein3344,GCA_001273255.1,LGIK01000054.1,151573,151857,3344,-1,tr|A5HY87|A5HY87_CLOBH,DUF4363 family protein,CBO0194,Clostridium botulinum (strain Hall / ATCC 3502 / NCTC 13319 / Type A),1.0,CBO_1433
CBO_1434,GCA-001276985.1-protein2100,GCA_001276985.1,LHUL01000004.1,289486,290445,2100,1,tr|A5HZL8|A5HZL8_CLOBH,tRNA-dihydrouridine synthase,CBO0675,Clostridium botulinum (strain Hall / ATCC 3502 / NCTC 13319 / Type A),1.0,CBO_1434
CBO_1435,GCA-001273255.1-protein1187,GCA_001273255.1,LGIK01000021.1,74506,74766,1187,1,tr|A5I4H7|A5I4H7_CLOBH,Stage V sporulation protein S,spoVS,Clostridium botulinum (strain Hall / ATCC 3502 / NCTC 13319 / Type A),1.0,CBO_1435
CBO_1436,GCA-001273255.1-protein1639,GCA_001273255.1,LGIK01000026.1,39341,39967,1639,-1,tr|A5I173|A5I173_CLOBH,dUTP diphosphatase,CBO1235,Clostridium botulinum (strain Hall / ATCC 3502 / NCTC 13319 / Type A),1.0,CBO_1436
CBO_1437,GCA-001273255.1-protein2713,GCA_001273255.1,LGIK01000005.1,23458,24156,2713,1,tr|A5I628|A5I628_CLOBH,Bifunctional membrane-associated kinase and phosphatase,CBO2948,Clostridium botulinum (strain Hall / ATCC 3502 / NCTC 13319 / Type A),1.0,CBO_1437
CBO_1438,GCA-001273255.1-protein471,GCA_001273255.1,LGIK01000015.1,12946,14136,471,1,tr|A5I6W9|A5I6W9_CLOBH,Dihydroorotase,pyrC,Clostridium botulinum (strain Hall / ATCC 3502 / NCTC 13319 / Type A),1.0,CBO_1438
CBO_1439,GCA-001273255.1-protein2255,GCA_001273255.1,LGIK01000043.1,146673,146948,2255,1,tr|A5I791|A5I791_CLOBH,Mor transcription activator domain-containing protein,CBO3366,Clostridium botulinum (strain Hall / ATCC 3502 / NCTC 13319 / Type A),1.0,CBO_1439
CBO_1440,GCA-001273255.1-protein259,GCA_001273255.1,LGIK01000012.1,270946,272085,259,1,tr|A5I3E4|A5I3E4_CLOBH,Aminotransferase,CBO2020,Clostridium botulinum (strain Hall / ATCC 3502 / NCTC 13319 / Type A),0.98,CBO_1440
CBO_1441,GCA-001573825.1-protein3419,GCA_001573825.1,LFPL01000009.1,33393,33974,3419,1,tr|A5I0D1|A5I0D1_CLOBH,Precorrin-8w decarboxylase,cbiT,Clostridium botulinum (strain Hall / ATCC 3502 / NCTC 13319 / Type A),0.87,CBO_1441
CBO_1442,GCA-001573485.1-protein1953,GCA_001573485.1,LFOX01000003.1,50477,51868,1953,-1,sp|A5I5A4|ASSY_CLOBH,Argininosuccinate synthase,argG,Clostridium botulinum (strain Hall / ATCC 3502 / NCTC 13319 / Type A),0.85,CBO_1442
CBO_1443,GCA-001273255.1-protein1612,GCA_001273255.1,LGIK01000026.1,16395,17933,1612,-1,tr|A5I1A1|A5I1A1_CLOBH,Glycine/sarcosine/betaine reductase complex component C beta subunit,grdC,Clostridium botulinum (strain Hall / ATCC 3502 / NCTC 13319 / Type A),1.0,CBO_1443
CBO_1444,GCA-001273255.1-protein2692,GCA_001273255.1,LGIK01000005.1,2286,3317,2692,1,tr|A5I649|A5I649_CLOBH,DNA polymerase III subunit delta,CBO2968,Clostridium botulinum (strain Hall / ATCC 3502 / NCTC 13319 / Type A),1.0,CBO_1444
CBO_1445,GCA-001273255.1-protein3282,GCA_001273255.1,LGIK01000054.1,86347,87327,3282,1,tr|A5HY25|A5HY25_CLOBH,Uncharacterized protein,CBO0129,Clostridium botulinum (strain Hall / ATCC 3502 / NCTC 13319 / Type A),1.0,CBO_1445
CBO_1446,GCA-001273255.1-protein3099,GCA_001273255.1,LGIK01000051.1,199007,199663,3099,1,tr|A5I1X8|A5I1X8_CLOBH,"D-methionine ABC transporter, permease protein",metI2,Clostridium botulinum (strain Hall / ATCC 3502 / NCTC 13319 / Type A),1.0,CBO_1446
CBO_1447,GCA-001273255.1-protein3385,GCA_001273255.1,LGIK01000054.1,197489,198652,3385,-1,tr|A5HYC8|A5HYC8_CLOBH,Sodium:dicarboxylate symporter family protein,CBO0235,Clostridium botulinum (strain Hall / ATCC 3502 / NCTC 13319 / Type A),1.0,CBO_1447
CBO_1448,GCA-001273255.1-protein814,GCA_001273255.1,LGIK01000019.1,180374,182284,814,1,tr|A5HZD7|A5HZD7_CLOBH,Sulfatase,CBO0593,Clostridium botulinum (strain Hall / ATCC 3502 / NCTC 13319 / Type A),0.99,CBO_1448
CBO_1449,GCA-001573175.1-protein1687,GCA_001573175.1,LFOK01000024.1,18678,19433,1687,-1,tr|A5I395|A5I395_CLOBH,"Cobalt ABC transporter, permease protein",CBO1970,Clostridium botulinum (strain Hall / ATCC 3502 / NCTC 13319 / Type A),0.92,CBO_1449
CBO_1450,GCA-001273255.1-protein3562,GCA_001273255.1,LGIK01000007.1,28567,31167,3562,1,tr|A5HYV3|A5HYV3_CLOBH,Chaperone protein ClpB,clpB,Clostridium botulinum (strain Hall / ATCC 3502 / NCTC 13319 / Type A),1.0,CBO_1450
CBO_1451,GCA-001573175.1-protein1066,GCA_001573175.1,LFOK01000016.1,89107,89388,1066,-1,tr|A5I1I7|A5I1I7_CLOBH,DUF1657 domain-containing protein,CBO1353,Clostridium botulinum (strain Hall / ATCC 3502 / NCTC 13319 / Type A),0.94,CBO_1451
CBO_1452,GCA-001273255.1-protein2105,GCA_001273255.1,LGIK01000043.1,3125,3355,2105,1,tr|A5I7P0|A5I7P0_CLOBH,Uncharacterized protein,CBO3513,Clostridium botulinum (strain Hall / ATCC 3502 / NCTC 13319 / Type A),1.0,CBO_1452
CBO_1453,GCA-001573665.1-protein970,GCA_001573665.1,LFPF01000016.1,33781,37212,970,1,tr|A5I0P9|A5I0P9_CLOBH,Cell surface protein,CBO1056,Clostridium botulinum (strain Hall / ATCC 3502 / NCTC 13319 / Type A),0.78,CBO_1453
CBO_1454,GCA-001273255.1-protein3486,GCA_001273255.1,LGIK01000055.1,4615,6540,3486,1,tr|A5HYW2|A5HYW2_CLOBH,Aconitase,CBO0418,Clostridium botulinum (strain Hall / ATCC 3502 / NCTC 13319 / Type A),1.0,CBO_1454
CBO_1455,GCA-001273255.1-protein3167,GCA_001273255.1,LGIK01000051.1,272252,272584,3167,1,sp|A5I247|HIS3_CLOBH,Phosphoribosyl-AMP cyclohydrolase,hisI,Clostridium botulinum (strain Hall / ATCC 3502 / NCTC 13319 / Type A),1.0,CBO_1455
CBO_1456,GCA-001273255.1-protein2777,GCA_001273255.1,LGIK01000005.1,99909,100613,2777,1,sp|A5I5W3|PUR7_CLOBH,Phosphoribosylaminoimidazole-succinocarboxamide synthase,purC,Clostridium botulinum (strain Hall / ATCC 3502 / NCTC 13319 / Type A),1.0,CBO_1456
CBO_1457,GCA-001273255.1-protein2446,GCA_001273255.1,LGIK01000047.1,18238,20304,2446,1,tr|A5I5L7|A5I5L7_CLOBH,AraC-family transcriptional regulator,CBO2781,Clostridium botulinum (strain Hall / ATCC 3502 / NCTC 13319 / Type A),1.0,CBO_1457
CBO_1458,GCA-001273255.1-protein2164,GCA_001273255.1,LGIK01000043.1,51182,51400,2164,1,sp|A5I7I2|IF1_CLOBH,Translation initiation factor IF-1,infA,Clostridium botulinum (strain Hall / ATCC 3502 / NCTC 13319 / Type A),1.0,CBO_1458
CBO_1459,GCA-001273255.1-protein407,GCA_001273255.1,LGIK01000012.1,438353,439879,407,1,tr|A5I2Z2|A5I2Z2_CLOBH,Probable transporter,CBO1868,Clostridium botulinum (strain Hall / ATCC 3502 / NCTC 13319 / Type A),1.0,CBO_1459
CBO_1460,GCA-001273255.1-protein622,GCA_001273255.1,LGIK01000017.1,109325,110125,622,1,tr|A5I0M5|A5I0M5_CLOBH,D-alanyl-D-alanine carboxypeptidase,CBO1033,Clostridium botulinum (strain Hall / ATCC 3502 / NCTC 13319 / Type A),1.0,CBO_1460
CBO_1461,GCA-001273255.1-protein2656,GCA_001273255.1,LGIK01000049.1,101371,101592,2656,-1,tr|A5I6F9|A5I6F9_CLOBH,Uncharacterized protein,CBO3078,Clostridium botulinum (strain Hall / ATCC 3502 / NCTC 13319 / Type A),1.0,CBO_1461
CBO_1462,GCA-007833455.1-protein2131,GCA_007833455.1,CP022403.1,2421752,2423740,2131,-1,tr|A5I402|A5I402_CLOBH,Oligopeptide transporter,CBO2231,Clostridium botulinum (strain Hall / ATCC 3502 / NCTC 13319 / Type A),0.98,CBO_1462
CBO_1463,GCA-001273255.1-protein1217,GCA_001273255.1,LGIK01000021.1,101058,101879,1217,1,tr|A5I460|A5I460_CLOBH,Transglutaminase,CBO2291,Clostridium botulinum (strain Hall / ATCC 3502 / NCTC 13319 / Type A),1.0,CBO_1463
CBO_1464,GCA-001273255.1-protein3091,GCA_001273255.1,LGIK01000051.1,190563,192293,3091,1,tr|A5I1W9|A5I1W9_CLOBH,Iron-sulfur cluster protein,CBO1491,Clostridium botulinum (strain Hall / ATCC 3502 / NCTC 13319 / Type A),1.0,CBO_1464
CBO_1465,GCA-001273255.1-protein3242,GCA_001273255.1,LGIK01000054.1,36620,37828,3242,1,tr|A5HXY4|A5HXY4_CLOBH,ABC transporter permease protein,CBO0087,Clostridium botulinum (strain Hall / ATCC 3502 / NCTC 13319 / Type A),1.0,CBO_1465
CBO_1466,GCA-001273255.1-protein3560,GCA_001273255.1,LGIK01000007.1,26463,27068,3560,1,tr|A5HYV1|A5HYV1_CLOBH,Hydratase,CBO0407,Clostridium botulinum (strain Hall / ATCC 3502 / NCTC 13319 / Type A),1.0,CBO_1466
CBO_1467,GCA-001273255.1-protein1326,GCA_001273255.1,LGIK01000023.1,18737,19336,1326,-1,tr|A5HYR5|A5HYR5_CLOBH,Ion-translocating oxidoreductase complex subunit E,rnfE,Clostridium botulinum (strain Hall / ATCC 3502 / NCTC 13319 / Type A),1.0,CBO_1467
CBO_1468,GCA-001273255.1-protein2190,GCA_001273255.1,LGIK01000043.1,74090,74938,2190,1,tr|A5I7F6|A5I7F6_CLOBH,Diadenylate cyclase,dacA,Clostridium botulinum (strain Hall / ATCC 3502 / NCTC 13319 / Type A),1.0,CBO_1468
CBO_1469,GCA-001573255.1-protein839,GCA_001573255.1,LFON01000015.1,51909,52619,839,-1,tr|A5I3B4|A5I3B4_CLOBH,Trehalose operon repressor,treR,Clostridium botulinum (strain Hall / ATCC 3502 / NCTC 13319 / Type A),0.98,CBO_1469
CBO_1470,GCA-001273255.1-protein2461,GCA_001273255.1,LGIK01000047.1,36855,37406,2461,-1,tr|A5I5K3|A5I5K3_CLOBH,4-methyl-5(B-hydroxyethyl)-thiazole monophosphate biosynthesis enzyme,thiJ,Clostridium botulinum (strain Hall / ATCC 3502 / NCTC 13319 / Type A),1.0,CBO_1470
CBO_1471,GCA-001273255.1-protein2633,GCA_001273255.1,LGIK01000049.1,79696,81126,2633,-1,tr|A5I6D7|A5I6D7_CLOBH,Oxidase,CBO3056,Clostridium botulinum (strain Hall / ATCC 3502 / NCTC 13319 / Type A),1.0,CBO_1471
CBO_1472,GCA-001273255.1-protein2015,GCA_001273255.1,LGIK01000035.1,1169,3460,2015,1,tr|A5I5Q0|A5I5Q0_CLOBH,Ribonucleoside-diphosphate reductase,nrdE,Clostridium botulinum (strain Hall / ATCC 3502 / NCTC 13319 / Type A),1.0,CBO_1472
CBO_1473,GCA-001273255.1-protein241,GCA_001273255.1,LGIK01000012.1,249838,251781,241,1,tr|A5I3G4|A5I3G4_CLOBH,VWFA domain-containing protein,CBO2040,Clostridium botulinum (strain Hall / ATCC 3502 / NCTC 13319 / Type A),1.0,CBO_1473
CBO_1474,GCA-001273255.1-protein172,GCA_001273255.1,LGIK01000012.1,176797,177150,172,1,tr|A5I3N7|A5I3N7_CLOBH,Ethanolamine utilization protein,eutS,Clostridium botulinum (strain Hall / ATCC 3502 / NCTC 13319 / Type A),1.0,CBO_1474
CBO_1475,GCA-001273255.1-protein2779,GCA_001273255.1,LGIK01000005.1,102214,103209,2779,1,tr|A5I5W1|A5I5W1_CLOBH,Phosphoribosylformylglycinamidine cyclo-ligase,purM,Clostridium botulinum (strain Hall / ATCC 3502 / NCTC 13319 / Type A),1.0,CBO_1475
CBO_1476,GCA-001273255.1-protein2289,GCA_001273255.1,LGIK01000043.1,196690,197496,2289,-1,tr|A5I755|A5I755_CLOBH,Hydrolase,CBO3330,Clostridium botulinum (strain Hall / ATCC 3502 / NCTC 13319 / Type A),1.0,CBO_1476
CBO_1477,GCA-001273255.1-protein2649,GCA_001273255.1,LGIK01000049.1,94554,95147,2649,-1,sp|A5I6F2|RUVA_CLOBH,Holliday junction branch migration complex subunit RuvA,ruvA,Clostridium botulinum (strain Hall / ATCC 3502 / NCTC 13319 / Type A),1.0,CBO_1477
CBO_1478,GCA-001273255.1-protein1602,GCA_001273255.1,LGIK01000026.1,6616,6975,1602,-1,tr|A5I1B0|A5I1B0_CLOBH,Membrane protein,CBO1273,Clostridium botulinum (strain Hall / ATCC 3502 / NCTC 13319 / Type A),1.0,CBO_1478
CBO_1479,GCA-001273255.1-protein1661,GCA_001273255.1,LGIK01000026.1,59735,61249,1661,-1,tr|A5I148|A5I148_CLOBH,Chitinase/spore peptidoglycan hydrolase,CBO1212,Clostridium botulinum (strain Hall / ATCC 3502 / NCTC 13319 / Type A),1.0,CBO_1479
CBO_1480,GCA-001273255.1-protein2075,GCA_001273255.1,LGIK01000037.1,12980,14245,2075,1,tr|A5I2T3|A5I2T3_CLOBH,Glutamate dehydrogenase,gluD,Clostridium botulinum (strain Hall / ATCC 3502 / NCTC 13319 / Type A),1.0,CBO_1480
CBO_1481,GCA-001273255.1-protein467,GCA_001273255.1,LGIK01000015.1,10272,10523,467,1,tr|A5I6X3|A5I6X3_CLOBH,Putative Se/S carrier protein-like domain-containing protein,CBO3243,Clostridium botulinum (strain Hall / ATCC 3502 / NCTC 13319 / Type A),1.0,CBO_1481
CBO_1482,GCA-001273255.1-protein3289,GCA_001273255.1,LGIK01000054.1,92940,93515,3289,1,sp|A5HY32|KITH_CLOBH,Thymidine kinase,tdk,Clostridium botulinum (strain Hall / ATCC 3502 / NCTC 13319 / Type A),1.0,CBO_1482
CBO_1483,GCA-001273255.1-protein3317,GCA_001273255.1,LGIK01000054.1,117458,117982,3317,-1,tr|A5HY60|A5HY60_CLOBH,Spore protease YyaC,CBO0164,Clostridium botulinum (strain Hall / ATCC 3502 / NCTC 13319 / Type A),1.0,CBO_1483
CBO_1484,GCA-001273255.1-protein3412,GCA_001273255.1,LGIK01000054.1,228703,229173,3412,1,tr|A5HYF4|A5HYF4_CLOBH,Exported protein,CBO0261,Clostridium botulinum (strain Hall / ATCC 3502 / NCTC 13319 / Type A),0.99,CBO_1484
CBO_1485,GCA-001273255.1-protein565,GCA_001273255.1,LGIK01000017.1,50751,51881,565,-1,tr|A5I0G8|A5I0G8_CLOBH,Glycerol dehydrogenase,gldA1,Clostridium botulinum (strain Hall / ATCC 3502 / NCTC 13319 / Type A),1.0,CBO_1485
CBO_1486,GCA-001273255.1-protein923,GCA_001273255.1,LGIK01000019.1,305316,306314,923,-1,tr|A5HZR1|A5HZR1_CLOBH,3-oxoacyl-[acyl-carrier-protein] synthase,CBO0718,Clostridium botulinum (strain Hall / ATCC 3502 / NCTC 13319 / Type A),0.99,CBO_1486
CBO_1487,GCA-001273255.1-protein1969,GCA_001273255.1,LGIK01000030.1,123152,125539,1969,1,tr|A5I7Q3|A5I7Q3_CLOBH,Stage II sporulation protein,CBO3527,Clostridium botulinum (strain Hall / ATCC 3502 / NCTC 13319 / Type A),1.0,CBO_1487
CBO_1488,GCA-001273255.1-protein3343,GCA_001273255.1,LGIK01000054.1,150421,151347,3343,-1,tr|A5HY86|A5HY86_CLOBH,"Fructose-1,6-bisphosphate aldolase",CBO0193,Clostridium botulinum (strain Hall / ATCC 3502 / NCTC 13319 / Type A),1.0,CBO_1488
CBO_1489,GCA-001273255.1-protein2994,GCA_001273255.1,LGIK01000051.1,88443,89198,2994,1,tr|A5I1M8|A5I1M8_CLOBH,"ABC transporter, ATP-binding protein",CBO1396,Clostridium botulinum (strain Hall / ATCC 3502 / NCTC 13319 / Type A),1.0,CBO_1489
CBO_1490,GCA-001273255.1-protein3128,GCA_001273255.1,LGIK01000051.1,233644,234009,3128,1,tr|A5I208|A5I208_CLOBH,Glyoxylase-family protein,CBO1531,Clostridium botulinum (strain Hall / ATCC 3502 / NCTC 13319 / Type A),1.0,CBO_1490
CBO_1491,GCA-001273255.1-protein3057,GCA_001273255.1,LGIK01000051.1,156107,158287,3057,1,tr|A5I1T5|A5I1T5_CLOBH,Sporulation specific penicillin-binding protein (Stage V sporulation protein D),spoVD,Clostridium botulinum (strain Hall / ATCC 3502 / NCTC 13319 / Type A),1.0,CBO_1491
CBO_1492,GCA-001273255.1-protein833,GCA_001273255.1,LGIK01000019.1,203089,203901,833,-1,tr|A5HZF7|A5HZF7_CLOBH,Stage 0 sporulation protein A homolog,CBO0613,Clostridium botulinum (strain Hall / ATCC 3502 / NCTC 13319 / Type A),1.0,CBO_1492
CBO_1493,GCA-001273255.1-protein1464,GCA_001273255.1,LGIK01000025.1,105685,106509,1464,-1,tr|A5I530|A5I530_CLOBH,Hydrolase,CBO2599,Clostridium botulinum (strain Hall / ATCC 3502 / NCTC 13319 / Type A),0.99,CBO_1493
CBO_1494,GCA-001273255.1-protein2321,GCA_001273255.1,LGIK01000043.1,236860,238485,2321,1,sp|A5I723|CH60_CLOBH,Chaperonin GroEL,groEL,Clostridium botulinum (strain Hall / ATCC 3502 / NCTC 13319 / Type A),1.0,CBO_1494
CBO_1495,GCA-001273255.1-protein72,GCA_001273255.1,LGIK01000012.1,61993,63957,72,1,tr|A5I3Y9|A5I3Y9_CLOBH,Carbon monoxide dehydrogenase,CBO2218,Clostridium botulinum (strain Hall / ATCC 3502 / NCTC 13319 / Type A),1.0,CBO_1495
CBO_1496,GCA-001273255.1-protein3094,GCA_001273255.1,LGIK01000051.1,194233,194895,3094,1,tr|A5I1X2|A5I1X2_CLOBH,Dimethylamine corrinoid protein,mtbC,Clostridium botulinum (strain Hall / ATCC 3502 / NCTC 13319 / Type A),1.0,CBO_1496
CBO_1497,GCA-001273255.1-protein3504,GCA_001273255.1,LGIK01000056.1,2333,3409,3504,1,tr|A5I6J4|A5I6J4_CLOBH,Capsular polysaccharide biosynthesis TPR repeats containing protein,CBO3113,Clostridium botulinum (strain Hall / ATCC 3502 / NCTC 13319 / Type A),1.0,CBO_1497
CBO_1498,GCA-001273255.1-protein1550,GCA_001273255.1,LGIK01000025.1,185664,186383,1550,-1,tr|A5I566|A5I566_CLOBH,Phospholipase C,CBO2632,Clostridium botulinum (strain Hall / ATCC 3502 / NCTC 13319 / Type A),1.0,CBO_1498
CBO_1499,GCA-001273255.1-protein2156,GCA_001273255.1,LGIK01000043.1,46650,47009,2156,1,sp|A5I7J0|RL18_CLOBH,Large ribosomal subunit protein uL18,rplR,Clostridium botulinum (strain Hall / ATCC 3502 / NCTC 13319 / Type A),1.0,CBO_1499
CBO_1500,GCA-001273255.1-protein412,GCA_001273255.1,LGIK01000012.1,442940,443755,412,1,tr|A5I2Y7|A5I2Y7_CLOBH,Purine nucleoside phosphorylase,punA,Clostridium botulinum (strain Hall / ATCC 3502 / NCTC 13319 / Type A),1.0,CBO_1500
CBO_1501,GCA-001273255.1-protein2322,GCA_001273255.1,LGIK01000043.1,238564,239313,2322,-1,tr|A5I722|A5I722_CLOBH,ATP-binding protein,CBO3297,Clostridium botulinum (strain Hall / ATCC 3502 / NCTC 13319 / Type A),1.0,CBO_1501
CBO_1502,GCA-001573935.1-protein1306,GCA_001573935.1,LFPP01000002.1,330604,331542,1306,-1,tr|A5I2Q5|A5I2Q5_CLOBH,Mannosyl-glycoprotein endo-beta-N-acetylglucosamidase,CBO1783,Clostridium botulinum (strain Hall / ATCC 3502 / NCTC 13319 / Type A),0.98,CBO_1502
CBO_1503,GCA-001273255.1-protein1684,GCA_001273255.1,LGIK01000026.1,92974,94317,1684,-1,tr|A5I125|A5I125_CLOBH,Two-component sensor histidine kinase,CBO1187,Clostridium botulinum (strain Hall / ATCC 3502 / NCTC 13319 / Type A),0.98,CBO_1503
CBO_1504,GCA-001273255.1-protein597,GCA_001273255.1,LGIK01000017.1,85745,87142,597,1,tr|A5I0K1|A5I0K1_CLOBH,Glycolate oxidase subunit,glcD,Clostridium botulinum (strain Hall / ATCC 3502 / NCTC 13319 / Type A),1.0,CBO_1504
CBO_1505,GCA-001273255.1-protein1974,GCA_001273255.1,LGIK01000030.1,131541,132317,1974,1,sp|A5I7P8|COAX_CLOBH,Type III pantothenate kinase,coaX,Clostridium botulinum (strain Hall / ATCC 3502 / NCTC 13319 / Type A),1.0,CBO_1505
CBO_1506,GCA-001273255.1-protein2377,GCA_001273255.1,LGIK01000044.1,24876,25235,2377,-1,sp|A5I6L5|RL20_CLOBH,Large ribosomal subunit protein bL20,rplT,Clostridium botulinum (strain Hall / ATCC 3502 / NCTC 13319 / Type A),1.0,CBO_1506
CBO_1507,GCA-001273255.1-protein1908,GCA_001273255.1,LGIK01000030.1,61900,62805,1908,-1,tr|A5I7W4|A5I7W4_CLOBH,LysR-family transcriptional regulator,CBO3590,Clostridium botulinum (strain Hall / ATCC 3502 / NCTC 13319 / Type A),1.0,CBO_1507
CBO_1508,GCA-001573825.1-protein1778,GCA_001573825.1,LFPL01000029.1,34854,36167,1778,-1,tr|A5HXX9|A5HXX9_CLOBH,Transmembrane protein,CBO0082,Clostridium botulinum (strain Hall / ATCC 3502 / NCTC 13319 / Type A),0.9,CBO_1508
CBO_1509,GCA-001273255.1-protein3069,GCA_001273255.1,LGIK01000051.1,168021,168791,3069,1,tr|A5I1U7|A5I1U7_CLOBH,Ribosome-associated protein quality control protein P2 RNA-binding domain-containing protein,CBO1468,Clostridium botulinum (strain Hall / ATCC 3502 / NCTC 13319 / Type A),1.0,CBO_1509
CBO_1510,GCA-001273255.1-protein427,GCA_001273255.1,LGIK01000012.1,457871,458350,427,1,tr|A5I2X2|A5I2X2_CLOBH,Electron-transferring subunit of iron-only hydrogenase,hymA,Clostridium botulinum (strain Hall / ATCC 3502 / NCTC 13319 / Type A),1.0,CBO_1510
CBO_1511,GCA-001273255.1-protein2680,GCA_001273255.1,LGIK01000049.1,126958,128061,2680,-1,tr|A5I6I3|A5I6I3_CLOBH,Glycosyl transferase,CBO3102,Clostridium botulinum (strain Hall / ATCC 3502 / NCTC 13319 / Type A),1.0,CBO_1511
CBO_1512,GCA-001573175.1-protein3029,GCA_001573175.1,LFOK01000006.1,117686,121228,3029,-1,tr|A5HZ17|A5HZ17_CLOBH,Nuclease SbcCD subunit C,sbcC,Clostridium botulinum (strain Hall / ATCC 3502 / NCTC 13319 / Type A),0.95,CBO_1512
CBO_1513,GCA-001273255.1-protein3208,GCA_001273255.1,LGIK01000054.1,4406,5566,3208,-1,tr|A5HXU8|A5HXU8_CLOBH,Peptidase M20 domain-containing protein 2,CBO0052,Clostridium botulinum (strain Hall / ATCC 3502 / NCTC 13319 / Type A),1.0,CBO_1513
CBO_1514,GCA-001273255.1-protein3209,GCA_001273255.1,LGIK01000054.1,5820,6032,3209,1,tr|A5HXU9|A5HXU9_CLOBH,Protein CsfB,CBO0052A,Clostridium botulinum (strain Hall / ATCC 3502 / NCTC 13319 / Type A),1.0,CBO_1514
CBO_1515,GCA-001273255.1-protein2930,GCA_001273255.1,LGIK01000051.1,17874,18521,2930,1,tr|A5I1G3|A5I1G3_CLOBH,Undecaprenyl pyrophosphate synthetase,CBO1328,Clostridium botulinum (strain Hall / ATCC 3502 / NCTC 13319 / Type A),1.0,CBO_1515
CBO_1516,GCA-001273255.1-protein1191,GCA_001273255.1,LGIK01000021.1,77595,78788,1191,1,tr|A5I4H3|A5I4H3_CLOBH,Aminotransferase,aspC,Clostridium botulinum (strain Hall / ATCC 3502 / NCTC 13319 / Type A),1.0,CBO_1516
CBO_1517,GCA-001273255.1-protein1888,GCA_001273255.1,LGIK01000030.1,42386,43195,1888,1,sp|A5I7Y4|PDRP_CLOBH,"Putative pyruvate, phosphate dikinase regulatory protein",CBO3611,Clostridium botulinum (strain Hall / ATCC 3502 / NCTC 13319 / Type A),1.0,CBO_1517
CBO_1518,GCA-001273255.1-protein3001,GCA_001273255.1,LGIK01000051.1,96663,96881,3001,1,tr|A5I1N5|A5I1N5_CLOBH,Regulatory protein,CBO1403,Clostridium botulinum (strain Hall / ATCC 3502 / NCTC 13319 / Type A),1.0,CBO_1518
CBO_1519,GCA-001273255.1-protein2031,GCA_001273255.1,LGIK01000035.1,20533,20742,2031,1,tr|A5I5N4|A5I5N4_CLOBH,Uncharacterized protein,CBO2798,Clostridium botulinum (strain Hall / ATCC 3502 / NCTC 13319 / Type A),1.0,CBO_1519
CBO_1520,GCA-001273255.1-protein3548,GCA_001273255.1,LGIK01000007.1,12629,13180,3548,1,sp|A5HYT8|MNTP1_CLOBH,Manganese exporter MntP 1,mntP1,Clostridium botulinum (strain Hall / ATCC 3502 / NCTC 13319 / Type A),1.0,CBO_1520
CBO_1521,GCA-001273255.1-protein60,GCA_001273255.1,LGIK01000012.1,51777,52400,60,1,tr|A5I400|A5I400_CLOBH,Membrane protein,CBO2229,Clostridium botulinum (strain Hall / ATCC 3502 / NCTC 13319 / Type A),0.98,CBO_1521
CBO_1522,GCA-001273255.1-protein1101,GCA_001273255.1,LGIK01000019.1,494779,496260,1101,1,sp|A5I0A5|COBQ_CLOBH,Cobyric acid synthase,cobQ,Clostridium botulinum (strain Hall / ATCC 3502 / NCTC 13319 / Type A),0.98,CBO_1522
CBO_1523,GCA-001273255.1-protein1026,GCA_001273255.1,LGIK01000019.1,421558,422679,1026,1,tr|A5I026|A5I026_CLOBH,Pleiotropic regulatory protein,degT,Clostridium botulinum (strain Hall / ATCC 3502 / NCTC 13319 / Type A),0.99,CBO_1523
CBO_1524,GCA-001273255.1-protein2174,GCA_001273255.1,LGIK01000043.1,57075,57815,2174,1,tr|A5I7H2|A5I7H2_CLOBH,tRNA pseudouridine synthase A,truA2,Clostridium botulinum (strain Hall / ATCC 3502 / NCTC 13319 / Type A),1.0,CBO_1524
CBO_1525,GCA-001573255.1-protein2305,GCA_001573255.1,LFON01000003.1,263362,264282,2305,-1,tr|A5I0K3|A5I0K3_CLOBH,Lipoprotein,CBO1011,Clostridium botulinum (strain Hall / ATCC 3502 / NCTC 13319 / Type A),0.95,CBO_1525
CBO_1526,GCA-001273255.1-protein2388,GCA_001273255.1,LGIK01000044.1,36017,36976,2388,-1,tr|A5I6M6|A5I6M6_CLOBH,"Oligopeptide ABC transporter, ATP-binding protein",oppF,Clostridium botulinum (strain Hall / ATCC 3502 / NCTC 13319 / Type A),1.0,CBO_1526
CBO_1527,GCA-001273255.1-protein1918,GCA_001273255.1,LGIK01000030.1,72010,72261,1918,-1,tr|A5I7V5|A5I7V5_CLOBH,Iron-only hydrogenase system regulator,CBO3581,Clostridium botulinum (strain Hall / ATCC 3502 / NCTC 13319 / Type A),1.0,CBO_1527
CBO_1528,GCA-001273255.1-protein3256,GCA_001273255.1,LGIK01000054.1,55961,57028,3256,1,tr|A5HXZ9|A5HXZ9_CLOBH,mannose-1-phosphate guanylyltransferase,CBO0102,Clostridium botulinum (strain Hall / ATCC 3502 / NCTC 13319 / Type A),1.0,CBO_1528
CBO_1529,GCA-001273255.1-protein2117,GCA_001273255.1,LGIK01000043.1,15254,16471,2117,1,tr|A5I7M9|A5I7M9_CLOBH,L-threonine dehydratase catabolic TdcB,tdcB,Clostridium botulinum (strain Hall / ATCC 3502 / NCTC 13319 / Type A),0.99,CBO_1529
CBO_1530,GCA-001273255.1-protein3131,GCA_001273255.1,LGIK01000051.1,235917,237125,3131,1,tr|A5I211|A5I211_CLOBH,Uncharacterized protein,CBO1534,Clostridium botulinum (strain Hall / ATCC 3502 / NCTC 13319 / Type A),1.0,CBO_1530
CBO_1531,GCA-001273255.1-protein2859,GCA_001273255.1,LGIK01000050.1,17874,18647,2859,1,tr|A5I4W3|A5I4W3_CLOBH,RNA polymerase sigma factor,sigG,Clostridium botulinum (strain Hall / ATCC 3502 / NCTC 13319 / Type A),1.0,CBO_1531
CBO_1532,GCA-001273255.1-protein3483,GCA_001273255.1,LGIK01000055.1,643,1506,3483,-1,tr|A5HYV9|A5HYV9_CLOBH,Metallo beta-lactamase superfamily lipoprotein,CBO0415,Clostridium botulinum (strain Hall / ATCC 3502 / NCTC 13319 / Type A),0.99,CBO_1532
CBO_1533,GCA-001273255.1-protein934,GCA_001273255.1,LGIK01000019.1,319022,319261,934,1,tr|A5HZS2|A5HZS2_CLOBH,Heavy-metal-binding protein,merP,Clostridium botulinum (strain Hall / ATCC 3502 / NCTC 13319 / Type A),1.0,CBO_1533
CBO_1534,GCA-001273255.1-protein2098,GCA_001273255.1,LGIK01000037.1,40405,40866,2098,-1,tr|A5I2Q9|A5I2Q9_CLOBH,Chemotaxis protein,cheX,Clostridium botulinum (strain Hall / ATCC 3502 / NCTC 13319 / Type A),1.0,CBO_1534
CBO_1535,GCA-001273255.1-protein3083,GCA_001273255.1,LGIK01000051.1,182726,183541,3083,1,tr|A5I1W1|A5I1W1_CLOBH,"Molybdenum ABC transporter, substrate-binding lipoprotein",modA,Clostridium botulinum (strain Hall / ATCC 3502 / NCTC 13319 / Type A),1.0,CBO_1535
CBO_1536,GCA-001273255.1-protein2493,GCA_001273255.1,LGIK01000047.1,75097,75453,2493,1,tr|A5I5H0|A5I5H0_CLOBH,FlaG protein,CBO2736,Clostridium botulinum (strain Hall / ATCC 3502 / NCTC 13319 / Type A),0.96,CBO_1536
CBO_1537,GCA-001273255.1-protein386,GCA_001273255.1,LGIK01000012.1,414856,415452,386,1,tr|A5I313|A5I313_CLOBH,Stage III sporulation protein AG,spoIIIAG,Clostridium botulinum (strain Hall / ATCC 3502 / NCTC 13319 / Type A),1.0,CBO_1537
CBO_1538,GCA-001273255.1-protein1712,GCA_001273255.1,LGIK01000026.1,121059,122222,1712,-1,tr|A5I0Z9|A5I0Z9_CLOBH,30S ribosomal protein S1,rpsA,Clostridium botulinum (strain Hall / ATCC 3502 / NCTC 13319 / Type A),0.98,CBO_1538
CBO_1539,GCA-001273255.1-protein173,GCA_001273255.1,LGIK01000012.1,177147,177593,173,1,tr|A5I3N6|A5I3N6_CLOBH,Ethanolamine utilization protein,eutP,Clostridium botulinum (strain Hall / ATCC 3502 / NCTC 13319 / Type A),0.96,CBO_1539
CBO_1540,GCA-001273255.1-protein3320,GCA_001273255.1,LGIK01000054.1,121100,123334,3320,1,tr|A5HY63|A5HY63_CLOBH,ATP-dependent RecD2 DNA helicase,recD2,Clostridium botulinum (strain Hall / ATCC 3502 / NCTC 13319 / Type A),1.0,CBO_1540
CBO_1541,GCA-001273255.1-protein3170,GCA_001273255.1,LGIK01000051.1,273886,274107,3170,1,tr|A5I250|A5I250_CLOBH,UPF0033 domain-containing protein,CBO1576,Clostridium botulinum (strain Hall / ATCC 3502 / NCTC 13319 / Type A),1.0,CBO_1541
CBO_1542,GCA-001273255.1-protein3246,GCA_001273255.1,LGIK01000054.1,39783,40853,3246,1,tr|A5HXY9|A5HXY9_CLOBH,Signaling protein,CBO0092,Clostridium botulinum (strain Hall / ATCC 3502 / NCTC 13319 / Type A),1.0,CBO_1542
CBO_1543,GCA-001273255.1-protein3290,GCA_001273255.1,LGIK01000054.1,93532,94449,3290,1,tr|A5HY33|A5HY33_CLOBH,Uputative membrane protein,CBO0137,Clostridium botulinum (strain Hall / ATCC 3502 / NCTC 13319 / Type A),1.0,CBO_1543
CBO_1544,GCA-001573905.1-protein2911,GCA_001573905.1,LFPO01000004.1,174267,176756,2911,1,tr|A5I3G2|A5I3G2_CLOBH,Exported calcium-binding glycoprotein,CBO2038,Clostridium botulinum (strain Hall / ATCC 3502 / NCTC 13319 / Type A),0.98,CBO_1544
CBO_1545,GCA-001273255.1-protein3577,GCA_001273255.1,LGIK01000009.1,6844,7863,3577,-1,tr|A5I0V2|A5I0V2_CLOBH,ABC-type quaternary amine transporter,potA,Clostridium botulinum (strain Hall / ATCC 3502 / NCTC 13319 / Type A),0.99,CBO_1545
CBO_1546,GCA-001273255.1-protein1904,GCA_001273255.1,LGIK01000030.1,57685,58524,1904,1,tr|A5I7W8|A5I7W8_CLOBH,Acetyl-coenzyme A carboxylase carboxyl transferase subunit alpha,accA,Clostridium botulinum (strain Hall / ATCC 3502 / NCTC 13319 / Type A),1.0,CBO_1546
CBO_1547,GCA-001273255.1-protein1897,GCA_001273255.1,LGIK01000030.1,51471,52415,1897,1,tr|A5I7X5|A5I7X5_CLOBH,Malonyl CoA-acyl carrier protein transacylase,fabD,Clostridium botulinum (strain Hall / ATCC 3502 / NCTC 13319 / Type A),1.0,CBO_1547
CBO_1548,GCA-001273255.1-protein2052,GCA_001273255.1,LGIK01000036.1,24280,26715,2052,1,tr|A5I1E0|A5I1E0_CLOBH,Copper-exporting P-type ATPase,CBO1304,Clostridium botulinum (strain Hall / ATCC 3502 / NCTC 13319 / Type A),1.0,CBO_1548
CBO_1549,GCA-001273255.1-protein1883,GCA_001273255.1,LGIK01000030.1,38038,39324,1883,1,sp|A5I7Y9|PURA_CLOBH,Adenylosuccinate synthetase,purA,Clostridium botulinum (strain Hall / ATCC 3502 / NCTC 13319 / Type A),1.0,CBO_1549
CBO_1550,GCA-001273255.1-protein1596,GCA_001273255.1,LGIK01000026.1,1410,2117,1596,-1,tr|A5I1B7|A5I1B7_CLOBH,IDEAL domain-containing protein,CBO1280,Clostridium botulinum (strain Hall / ATCC 3502 / NCTC 13319 / Type A),0.98,CBO_1550
CBO_1551,GCA-001273255.1-protein1683,GCA_001273255.1,LGIK01000026.1,91678,92601,1683,-1,tr|A5I126|A5I126_CLOBH,"ABC transporter, ATP-binding protein",CBO1188,Clostridium botulinum (strain Hall / ATCC 3502 / NCTC 13319 / Type A),1.0,CBO_1551
CBO_1552,GCA-001273255.1-protein424,GCA_001273255.1,LGIK01000012.1,453736,454830,424,-1,tr|A5I2X5|A5I2X5_CLOBH,Membrane protein,CBO1852,Clostridium botulinum (strain Hall / ATCC 3502 / NCTC 13319 / Type A),1.0,CBO_1552
CBO_1553,GCA-001273255.1-protein286,GCA_001273255.1,LGIK01000012.1,303159,303614,286,1,tr|A5I3B5|A5I3B5_CLOBH,"PTS system, IIa component",CBO1990,Clostridium botulinum (strain Hall / ATCC 3502 / NCTC 13319 / Type A),1.0,CBO_1553
CBO_1554,GCA-001273255.1-protein2430,GCA_001273255.1,LGIK01000044.1,84230,85558,2430,-1,tr|A5I6R8|A5I6R8_CLOBH,ATP-binding protein,CBO3189,Clostridium botulinum (strain Hall / ATCC 3502 / NCTC 13319 / Type A),1.0,CBO_1554
CBO_1555,GCA-001273255.1-protein2057,GCA_001273255.1,LGIK01000036.1,33299,33655,2057,1,tr|A5I1E5|A5I1E5_CLOBH,Iron-molybdenum protein,CBO1310,Clostridium botulinum (strain Hall / ATCC 3502 / NCTC 13319 / Type A),1.0,CBO_1555
CBO_1556,GCA-001273255.1-protein1576,GCA_001273255.1,LGIK01000025.1,211064,211501,1576,-1,tr|A5I592|A5I592_CLOBH,Flagellar FliJ protein,fliJ,Clostridium botulinum (strain Hall / ATCC 3502 / NCTC 13319 / Type A),1.0,CBO_1556
CBO_1557,GCA-001273255.1-protein1890,GCA_001273255.1,LGIK01000030.1,45411,46397,1890,-1,tr|A5I7Y2|A5I7Y2_CLOBH,DNA replication protein,CBO3607,Clostridium botulinum (strain Hall / ATCC 3502 / NCTC 13319 / Type A),1.0,CBO_1557
CBO_1558,GCA-001273255.1-protein2405,GCA_001273255.1,LGIK01000044.1,53732,56377,2405,-1,tr|A5I6P3|A5I6P3_CLOBH,Valine--tRNA ligase,valS,Clostridium botulinum (strain Hall / ATCC 3502 / NCTC 13319 / Type A),1.0,CBO_1558
CBO_1559,GCA-001273255.1-protein2726,GCA_001273255.1,LGIK01000005.1,37983,38786,2726,1,tr|A5I615|A5I615_CLOBH,GTP cyclohydrolase 1 type 2 homolog,CBO2935,Clostridium botulinum (strain Hall / ATCC 3502 / NCTC 13319 / Type A),0.99,CBO_1559
CBO_1560,GCA-001573255.1-protein1328,GCA_001573255.1,LFON01000002.1,97421,98458,1328,1,tr|A5HYJ4|A5HYJ4_CLOBH,Iron(III)-binding periplasmic protein,CBO0301,Clostridium botulinum (strain Hall / ATCC 3502 / NCTC 13319 / Type A),0.96,CBO_1560
CBO_1561,GCA-001273255.1-protein2312,GCA_001273255.1,LGIK01000043.1,226389,228311,2312,-1,tr|A5I732|A5I732_CLOBH,ABC transporter ATP-binding protein,CBO3307,Clostridium botulinum (strain Hall / ATCC 3502 / NCTC 13319 / Type A),0.99,CBO_1561
CBO_1562,GCA-001273255.1-protein3558,GCA_001273255.1,LGIK01000007.1,23392,24696,3558,1,tr|A5HYU8|A5HYU8_CLOBH,Transcriptional regulator,CBO0404,Clostridium botulinum (strain Hall / ATCC 3502 / NCTC 13319 / Type A),1.0,CBO_1562
CBO_1563,GCA-001273255.1-protein906,GCA_001273255.1,LGIK01000019.1,288735,290123,906,1,tr|A5HZP3|A5HZP3_CLOBH,Dihydrolipoyl dehydrogenase,pdhD1,Clostridium botulinum (strain Hall / ATCC 3502 / NCTC 13319 / Type A),0.97,CBO_1563
CBO_1564,GCA-001273255.1-protein1227,GCA_001273255.1,LGIK01000021.1,108998,109732,1227,1,tr|A5I450|A5I450_CLOBH,Membrane protein,CBO2281,Clostridium botulinum (strain Hall / ATCC 3502 / NCTC 13319 / Type A),0.99,CBO_1564
CBO_1565,GCA-001273255.1-protein237,GCA_001273255.1,LGIK01000012.1,243692,244261,237,1,tr|A5I3G8|A5I3G8_CLOBH,TetR-family transcriptional regulator,CBO2044,Clostridium botulinum (strain Hall / ATCC 3502 / NCTC 13319 / Type A),1.0,CBO_1565
CBO_1566,GCA-001273255.1-protein654,GCA_001273255.1,LGIK01000017.1,148601,150520,654,-1,tr|A5I0Q6|A5I0Q6_CLOBH,ABC transporter ATP-binding protein,CBO1063,Clostridium botulinum (strain Hall / ATCC 3502 / NCTC 13319 / Type A),1.0,CBO_1566
CBO_1567,GCA-001273255.1-protein1652,GCA_001273255.1,LGIK01000026.1,51082,52365,1652,1,tr|A5I160|A5I160_CLOBH,"ABC transporter, permease protein",CBO1222,Clostridium botulinum (strain Hall / ATCC 3502 / NCTC 13319 / Type A),0.94,CBO_1567
CBO_1568,GCA-001273255.1-protein874,GCA_001273255.1,LGIK01000019.1,250257,250955,874,1,tr|A5HZK2|A5HZK2_CLOBH,Hemerythrin-like domain-containing protein,CBO0659,Clostridium botulinum (strain Hall / ATCC 3502 / NCTC 13319 / Type A),0.99,CBO_1568
CBO_1569,GCA-016989635.1-protein1176,GCA_016989635.1,NKSA01000001.1,1313067,1313684,1176,-1,tr|A5I3X5|A5I3X5_CLOBH,Nitroreductase domain-containing protein,CBO2204,Clostridium botulinum (strain Hall / ATCC 3502 / NCTC 13319 / Type A),0.96,CBO_1569
CBO_1570,GCA-001273255.1-protein1178,GCA_001273255.1,LGIK01000021.1,62817,64118,1178,1,tr|A5I4I6|A5I4I6_CLOBH,Peptidase,CBO2412,Clostridium botulinum (strain Hall / ATCC 3502 / NCTC 13319 / Type A),1.0,CBO_1570
CBO_1571,GCA-001573825.1-protein2221,GCA_001573825.1,LFPL01000038.1,6923,7522,2221,1,tr|A5I6L7|A5I6L7_CLOBH,Translation initiation factor IF-3,infC,Clostridium botulinum (strain Hall / ATCC 3502 / NCTC 13319 / Type A),0.83,CBO_1571
CBO_1572,GCA-001273255.1-protein2639,GCA_001273255.1,LGIK01000049.1,86345,87208,2639,-1,tr|A5I6E3|A5I6E3_CLOBH,Protein-export membrane protein SecF,secF,Clostridium botulinum (strain Hall / ATCC 3502 / NCTC 13319 / Type A),1.0,CBO_1572
CBO_1573,GCA-001573665.1-protein1059,GCA_001573665.1,LFPF01000017.1,54536,55072,1059,1,tr|A5I5R2|A5I5R2_CLOBH,"RNA 2',3'-cyclic phosphodiesterase",ligT,Clostridium botulinum (strain Hall / ATCC 3502 / NCTC 13319 / Type A),0.96,CBO_1573
CBO_1574,GCA-001273255.1-protein2299,GCA_001273255.1,LGIK01000043.1,206562,207020,2299,-1,tr|A5I745|A5I745_CLOBH,tRNA threonylcarbamoyladenosine biosynthesis protein TsaE,CBO3320,Clostridium botulinum (strain Hall / ATCC 3502 / NCTC 13319 / Type A),0.99,CBO_1574
CBO_1575,GCA-001273255.1-protein2641,GCA_001273255.1,LGIK01000049.1,88572,89939,2641,-1,tr|A5I6E5|A5I6E5_CLOBH,Radical SAM protein,CBO3064,Clostridium botulinum (strain Hall / ATCC 3502 / NCTC 13319 / Type A),1.0,CBO_1575
CBO_1576,GCA-001273255.1-protein2091,GCA_001273255.1,LGIK01000037.1,33533,34138,2091,-1,sp|A5I2R7|LEXA_CLOBH,LexA repressor,lexA,Clostridium botulinum (strain Hall / ATCC 3502 / NCTC 13319 / Type A),1.0,CBO_1576
CBO_1577,GCA-001573175.1-protein297,GCA_001573175.1,LFOK01000011.1,61250,62221,297,1,tr|A5HZL3|A5HZL3_CLOBH,Lipoprotein,CBO0670,Clostridium botulinum (strain Hall / ATCC 3502 / NCTC 13319 / Type A),0.96,CBO_1577
CBO_1578,GCA-001273255.1-protein2452,GCA_001273255.1,LGIK01000047.1,25497,26786,2452,1,tr|A5I5L2|A5I5L2_CLOBH,Prolow-density lipoprotein receptor-related protein 1-like beta-propeller domain-containing protein,CBO2776,Clostridium botulinum (strain Hall / ATCC 3502 / NCTC 13319 / Type A),1.0,CBO_1578
CBO_1579,GCA-001273255.1-protein1705,GCA_001273255.1,LGIK01000026.1,113623,115266,1705,-1,tr|A5I106|A5I106_CLOBH,Aminotransferase,asdA,Clostridium botulinum (strain Hall / ATCC 3502 / NCTC 13319 / Type A),1.0,CBO_1579
CBO_1580,GCA-001573235.1-protein1937,GCA_001573235.1,LFOL01000003.1,172499,173320,1937,1,tr|A5I0J3|A5I0J3_CLOBH,Membrane protein (Competence protein),CBO1001,Clostridium botulinum (strain Hall / ATCC 3502 / NCTC 13319 / Type A),0.85,CBO_1580
CBO_1581,GCA-001273255.1-protein504,GCA_001273255.1,LGIK01000015.1,46639,47535,504,1,tr|A5I6T5|A5I6T5_CLOBH,HD hydrolase superfamily protein,CBO3206,Clostridium botulinum (strain Hall / ATCC 3502 / NCTC 13319 / Type A),1.0,CBO_1581
CBO_1582,GCA-001573665.1-protein2476,GCA_001573665.1,LFPF01000004.1,33632,34984,2476,-1,tr|A5I3M3|A5I3M3_CLOBH,Glycosyltransferase,CBO2102,Clostridium botulinum (strain Hall / ATCC 3502 / NCTC 13319 / Type A),0.96,CBO_1582
CBO_1583,GCA-001573255.1-protein1580,GCA_001573255.1,LFON01000021.1,56288,57238,1580,-1,tr|A5I219|A5I219_CLOBH,Phosphohydrolase,CBO1543,Clostridium botulinum (strain Hall / ATCC 3502 / NCTC 13319 / Type A),0.9,CBO_1583
CBO_1584,GCA-001573385.1-protein840,GCA_001573385.1,LFOT01000014.1,81077,82717,840,1,tr|A5I6S5|A5I6S5_CLOBH,Sigma54-binding transcriptional regulator,CBO3196,Clostridium botulinum (strain Hall / ATCC 3502 / NCTC 13319 / Type A),0.99,CBO_1584
CBO_1585,GCA-001573175.1-protein2153,GCA_001573175.1,LFOK01000034.1,11485,12048,2153,1,tr|A5I4R2|A5I4R2_CLOBH,Membrane protein,CBO2485,Clostridium botulinum (strain Hall / ATCC 3502 / NCTC 13319 / Type A),0.93,CBO_1585
CBO_1586,GCA-001273255.1-protein2384,GCA_001273255.1,LGIK01000044.1,32090,32785,2384,-1,tr|A5I6M2|A5I6M2_CLOBH,ABC transporter ATP-binding protein,CBO3142,Clostridium botulinum (strain Hall / ATCC 3502 / NCTC 13319 / Type A),1.0,CBO_1586
CBO_1587,GCA-001273255.1-protein73,GCA_001273255.1,LGIK01000012.1,64404,65477,73,1,tr|A5I3Y8|A5I3Y8_CLOBH,Zinc-binding alcohol dehydrogenase,CBO2217,Clostridium botulinum (strain Hall / ATCC 3502 / NCTC 13319 / Type A),0.99,CBO_1587
CBO_1588,GCA-001273255.1-protein2055,GCA_001273255.1,LGIK01000036.1,30285,32003,2055,1,tr|A5I1E3|A5I1E3_CLOBH,"ABC transporter, ATP-binding/permease protein",CBO1308,Clostridium botulinum (strain Hall / ATCC 3502 / NCTC 13319 / Type A),1.0,CBO_1588
CBO_1589,GCA-001273255.1-protein569,GCA_001273255.1,LGIK01000017.1,54310,54753,569,1,tr|A5I0H2|A5I0H2_CLOBH,Acetyltransferase,CBO0981,Clostridium botulinum (strain Hall / ATCC 3502 / NCTC 13319 / Type A),1.0,CBO_1589
CBO_1590,GCA-001273255.1-protein477,GCA_001273255.1,LGIK01000015.1,18549,19334,477,1,tr|A5I6W3|A5I6W3_CLOBH,Endonuclease,CBO3233,Clostridium botulinum (strain Hall / ATCC 3502 / NCTC 13319 / Type A),1.0,CBO_1590
CBO_1591,GCA-003058345.1-protein2100,GCA_003058345.1,CP028842.1,2360395,2361549,2100,-1,tr|A5I3X4|A5I3X4_CLOBH,Methyl-accepting chemotaxis protein,CBO2203,Clostridium botulinum (strain Hall / ATCC 3502 / NCTC 13319 / Type A),0.99,CBO_1591
CBO_1592,GCA-001273255.1-protein1903,GCA_001273255.1,LGIK01000030.1,56769,57638,1903,1,sp|A5I7W9|ACCD_CLOBH,Acetyl-coenzyme A carboxylase carboxyl transferase subunit beta,accD,Clostridium botulinum (strain Hall / ATCC 3502 / NCTC 13319 / Type A),0.99,CBO_1592
CBO_1593,GCA-001273255.1-protein557,GCA_001273255.1,LGIK01000017.1,40726,41613,557,1,tr|A5I0G0|A5I0G0_CLOBH,"ABC transporter, ATP-binding protein",CBO0967,Clostridium botulinum (strain Hall / ATCC 3502 / NCTC 13319 / Type A),0.99,CBO_1593
CBO_1594,GCA-001273255.1-protein2976,GCA_001273255.1,LGIK01000051.1,68996,70153,2976,1,tr|A5I1L0|A5I1L0_CLOBH,histidine kinase,CBO1379,Clostridium botulinum (strain Hall / ATCC 3502 / NCTC 13319 / Type A),1.0,CBO_1594
CBO_1595,GCA-001273255.1-protein469,GCA_001273255.1,LGIK01000015.1,11559,12482,469,1,sp|A5I6X1|PYRB_CLOBH,Aspartate carbamoyltransferase catalytic subunit,pyrB,Clostridium botulinum (strain Hall / ATCC 3502 / NCTC 13319 / Type A),1.0,CBO_1595
CBO_1596,GCA-001273255.1-protein1615,GCA_001273255.1,LGIK01000026.1,18590,18910,1615,-1,tr|A5I199|A5I199_CLOBH,Thioredoxin,trxA,Clostridium botulinum (strain Hall / ATCC 3502 / NCTC 13319 / Type A),1.0,CBO_1596
CBO_1597,GCA-001273255.1-protein3262,GCA_001273255.1,LGIK01000054.1,63400,64515,3262,-1,tr|A5HY05|A5HY05_CLOBH,Glycosyl transferase,CBO0108,Clostridium botulinum (strain Hall / ATCC 3502 / NCTC 13319 / Type A),1.0,CBO_1597
CBO_1598,GCA-001273255.1-protein3414,GCA_001273255.1,LGIK01000054.1,229889,230455,3414,1,tr|A5HYF6|A5HYF6_CLOBH,Thiol-disulfide oxidoreductase,resA,Clostridium botulinum (strain Hall / ATCC 3502 / NCTC 13319 / Type A),1.0,CBO_1598
CBO_1599,GCA-001273255.1-protein390,GCA_001273255.1,LGIK01000012.1,417156,418367,390,1,sp|A5I309|EX7L_CLOBH,Exodeoxyribonuclease 7 large subunit,xseA,Clostridium botulinum (strain Hall / ATCC 3502 / NCTC 13319 / Type A),1.0,CBO_1599
CBO_1600,GCA-001276985.1-protein2522,GCA_001276985.1,LHUL01000004.1,729818,731056,2522,1,tr|A5I0U9|A5I0U9_CLOBH,Lipoprotein,CBO1107,Clostridium botulinum (strain Hall / ATCC 3502 / NCTC 13319 / Type A),1.0,CBO_1600
CBO_1601,GCA-001273255.1-protein2226,GCA_001273255.1,LGIK01000043.1,109157,109510,2226,1,tr|A5I7C0|A5I7C0_CLOBH,mRNA interferase,pemK,Clostridium botulinum (strain Hall / ATCC 3502 / NCTC 13319 / Type A),1.0,CBO_1601
CBO_1602,GCA-001273255.1-protein1445,GCA_001273255.1,LGIK01000025.1,82261,86022,1445,-1,tr|A5I511|A5I511_CLOBH,Formylglycinamidine ribonucleotide synthetase,purL,Clostridium botulinum (strain Hall / ATCC 3502 / NCTC 13319 / Type A),0.97,CBO_1602
CBO_1603,GCA-001273255.1-protein2854,GCA_001273255.1,LGIK01000050.1,12154,13428,2854,1,tr|A5I4W8|A5I4W8_CLOBH,Glycosyl transferase,CBO2537,Clostridium botulinum (strain Hall / ATCC 3502 / NCTC 13319 / Type A),1.0,CBO_1603
CBO_1604,GCA-001273255.1-protein1619,GCA_001273255.1,LGIK01000026.1,21370,22656,1619,-1,tr|A5I196|A5I196_CLOBH,Component of glycine reductase complex,grdE,Clostridium botulinum (strain Hall / ATCC 3502 / NCTC 13319 / Type A),1.0,CBO_1604
CBO_1605,GCA-001273255.1-protein2869,GCA_001273255.1,LGIK01000050.1,27167,27820,2869,1,tr|A5I4V2|A5I4V2_CLOBH,Phosphate-specific transport system accessory protein PhoU,CBO2521,Clostridium botulinum (strain Hall / ATCC 3502 / NCTC 13319 / Type A),1.0,CBO_1605
CBO_1606,GCA-001273255.1-protein2127,GCA_001273255.1,LGIK01000043.1,23315,23839,2127,1,tr|A5I7L9|A5I7L9_CLOBH,Transcription termination/antitermination protein NusG,nusG,Clostridium botulinum (strain Hall / ATCC 3502 / NCTC 13319 / Type A),1.0,CBO_1606
CBO_1607,GCA-001273255.1-protein1103,GCA_001273255.1,LGIK01000019.1,497443,498531,1103,1,tr|A5I0A7|A5I0A7_CLOBH,L-threonine-O-3-phosphate decarboxylase,cobD,Clostridium botulinum (strain Hall / ATCC 3502 / NCTC 13319 / Type A),1.0,CBO_1607
CBO_1608,GCA-001273255.1-protein1859,GCA_001273255.1,LGIK01000030.1,16373,17152,1859,1,tr|A5I813|A5I813_CLOBH,Chromosome partitioning protein (Putative stage 0 sporulation protein J),CBO3640,Clostridium botulinum (strain Hall / ATCC 3502 / NCTC 13319 / Type A),1.0,CBO_1608
CBO_1609,GCA-001273255.1-protein1320,GCA_001273255.1,LGIK01000023.1,13420,14454,1320,1,tr|A5HYS1|A5HYS1_CLOBH,FAD:protein FMN transferase,CBO0377,Clostridium botulinum (strain Hall / ATCC 3502 / NCTC 13319 / Type A),0.98,CBO_1609
CBO_1610,GCA-001273255.1-protein3369,GCA_001273255.1,LGIK01000054.1,177555,178658,3369,1,tr|A5HYB2|A5HYB2_CLOBH,Lipoprotein,CBO0219,Clostridium botulinum (strain Hall / ATCC 3502 / NCTC 13319 / Type A),1.0,CBO_1610
CBO_1611,GCA-001273255.1-protein1748,GCA_001273255.1,LGIK01000028.1,35069,35656,1748,1,tr|A5I2M9|A5I2M9_CLOBH,Exonuclease,CBO1757,Clostridium botulinum (strain Hall / ATCC 3502 / NCTC 13319 / Type A),1.0,CBO_1611
CBO_1612,GCA-001273255.1-protein2923,GCA_001273255.1,LGIK01000051.1,5614,8181,2923,1,tr|A5I1F6|A5I1F6_CLOBH,DNA 3'-5' helicase,CBO1321,Clostridium botulinum (strain Hall / ATCC 3502 / NCTC 13319 / Type A),1.0,CBO_1612
CBO_1613,GCA-001273255.1-protein266,GCA_001273255.1,LGIK01000012.1,278616,279962,266,1,tr|A5I3D7|A5I3D7_CLOBH,GntR-family transcriptional regulator,CBO2012,Clostridium botulinum (strain Hall / ATCC 3502 / NCTC 13319 / Type A),0.99,CBO_1613
CBO_1614,GCA-001273255.1-protein1907,GCA_001273255.1,LGIK01000030.1,60616,61812,1907,-1,tr|A5I7W5|A5I7W5_CLOBH,Alkaline serine protease,CBO3591,Clostridium botulinum (strain Hall / ATCC 3502 / NCTC 13319 / Type A),1.0,CBO_1614
CBO_1615,GCA-001273255.1-protein2402,GCA_001273255.1,LGIK01000044.1,50704,51588,2402,-1,tr|A5I6P0|A5I6P0_CLOBH,Conserved hypothetical repetative protein,CBO3161,Clostridium botulinum (strain Hall / ATCC 3502 / NCTC 13319 / Type A),1.0,CBO_1615
CBO_1616,GCA-001273255.1-protein1760,GCA_001273255.1,LGIK01000028.1,52324,53157,1760,-1,tr|A5I2D1|A5I2D1_CLOBH,Membrane protein,CBO1663,Clostridium botulinum (strain Hall / ATCC 3502 / NCTC 13319 / Type A),1.0,CBO_1616
CBO_1617,GCA-001273255.1-protein3364,GCA_001273255.1,LGIK01000054.1,171958,173103,3364,1,tr|A5HYA7|A5HYA7_CLOBH,Exported protein,CBO0214,Clostridium botulinum (strain Hall / ATCC 3502 / NCTC 13319 / Type A),0.99,CBO_1617
CBO_1618,GCA-001273255.1-protein3516,GCA_001273255.1,LGIK01000006.1,7682,8308,3516,-1,tr|A5I0X3|A5I0X3_CLOBH,Transcriptional repressor (GntR-family) of the glycine betaine uptake system,busR,Clostridium botulinum (strain Hall / ATCC 3502 / NCTC 13319 / Type A),1.0,CBO_1618
CBO_1619,GCA-001273255.1-protein1961,GCA_001273255.1,LGIK01000030.1,116522,118057,1961,1,tr|A5I7R1|A5I7R1_CLOBH,Stage V sporulation protein B,spoVB,Clostridium botulinum (strain Hall / ATCC 3502 / NCTC 13319 / Type A),1.0,CBO_1619
CBO_1620,GCA-001273255.1-protein1140,GCA_001273255.1,LGIK01000021.1,23652,25001,1140,1,tr|A5I4M7|A5I4M7_CLOBH,Signal recognition particle protein,ffh,Clostridium botulinum (strain Hall / ATCC 3502 / NCTC 13319 / Type A),1.0,CBO_1620
CBO_1621,GCA-001273255.1-protein1968,GCA_001273255.1,LGIK01000030.1,121484,121888,1968,1,tr|A5I7Q4|A5I7Q4_CLOBH,RNA binding protein,CBO3529,Clostridium botulinum (strain Hall / ATCC 3502 / NCTC 13319 / Type A),1.0,CBO_1621
CBO_1622,GCA-001573935.1-protein3404,GCA_001573935.1,LFPP01000008.1,196861,198105,3404,-1,tr|A5I6H9|A5I6H9_CLOBH,O-antigen polymerase,wzy,Clostridium botulinum (strain Hall / ATCC 3502 / NCTC 13319 / Type A),0.98,CBO_1622
CBO_1623,GCA-001273255.1-protein1919,GCA_001273255.1,LGIK01000030.1,72677,73516,1919,-1,tr|A5I7V3|A5I7V3_CLOBH,Dehydratase/lyase activating enzyme,CBO3579,Clostridium botulinum (strain Hall / ATCC 3502 / NCTC 13319 / Type A),1.0,CBO_1623
CBO_1624,GCA-001273255.1-protein2581,GCA_001273255.1,LGIK01000049.1,35681,36274,2581,-1,sp|A5I684|NTPPA_CLOBH,dTTP/UTP pyrophosphatase,CBO3004,Clostridium botulinum (strain Hall / ATCC 3502 / NCTC 13319 / Type A),0.97,CBO_1624
CBO_1625,GCA-001273255.1-protein2227,GCA_001273255.1,LGIK01000043.1,109773,110597,2227,1,tr|A5I7B9|A5I7B9_CLOBH,"Transketolase, thiamine disphosphate-bindin subunit",tkt,Clostridium botulinum (strain Hall / ATCC 3502 / NCTC 13319 / Type A),1.0,CBO_1625
CBO_1626,GCA-001273255.1-protein2146,GCA_001273255.1,LGIK01000043.1,42516,43187,2146,1,sp|A5I7K0|RS3_CLOBH,Small ribosomal subunit protein uS3,rpsC,Clostridium botulinum (strain Hall / ATCC 3502 / NCTC 13319 / Type A),1.0,CBO_1626
CBO_1627,GCA-001273255.1-protein3037,GCA_001273255.1,LGIK01000051.1,128649,129056,3037,-1,tr|A5I1R7|A5I1R7_CLOBH,Uncharacterized protein,CBO1437,Clostridium botulinum (strain Hall / ATCC 3502 / NCTC 13319 / Type A),1.0,CBO_1627
CBO_1628,GCA-001273255.1-protein1977,GCA_001273255.1,LGIK01000030.1,134306,134788,1977,1,sp|A5I7P5|GREA_CLOBH,Transcription elongation factor GreA,greA,Clostridium botulinum (strain Hall / ATCC 3502 / NCTC 13319 / Type A),1.0,CBO_1628
CBO_1629,GCA-001273255.1-protein891,GCA_001273255.1,LGIK01000019.1,268730,269554,891,1,tr|A5HZM8|A5HZM8_CLOBH,AraC-family transcriptional regulator,CBO0685,Clostridium botulinum (strain Hall / ATCC 3502 / NCTC 13319 / Type A),0.93,CBO_1629
CBO_1630,GCA-001273255.1-protein2668,GCA_001273255.1,LGIK01000049.1,111795,113528,2668,-1,tr|A5I6H1|A5I6H1_CLOBH,site-specific DNA-methyltransferase (adenine-specific),CBO3090,Clostridium botulinum (strain Hall / ATCC 3502 / NCTC 13319 / Type A),1.0,CBO_1630
CBO_1631,GCA-001273255.1-protein2424,GCA_001273255.1,LGIK01000044.1,76813,79176,2424,-1,tr|A5I6R2|A5I6R2_CLOBH,Pyruvate formate lyase,CBO3183,Clostridium botulinum (strain Hall / ATCC 3502 / NCTC 13319 / Type A),1.0,CBO_1631
CBO_1632,GCA-001273255.1-protein3570,GCA_001273255.1,LGIK01000009.1,1520,2503,3570,1,tr|A5I0V9|A5I0V9_CLOBH,Bifunctional ligase/repressor BirA,birA,Clostridium botulinum (strain Hall / ATCC 3502 / NCTC 13319 / Type A),0.99,CBO_1632
CBO_1633,GCA-001273255.1-protein168,GCA_001273255.1,LGIK01000012.1,171211,171519,168,1,tr|A5I3P1|A5I3P1_CLOBH,Propanediol utilization protein,pduA1,Clostridium botulinum (strain Hall / ATCC 3502 / NCTC 13319 / Type A),0.99,CBO_1633
CBO_1634,GCA-001573235.1-protein2222,GCA_001573235.1,LFOL01000037.1,22859,24331,2222,-1,tr|A5I376|A5I376_CLOBH,ABC transporter permease protein,CBO1951,Clostridium botulinum (strain Hall / ATCC 3502 / NCTC 13319 / Type A),0.95,CBO_1634
CBO_1635,GCA-001273255.1-protein2877,GCA_001273255.1,LGIK01000050.1,37704,37979,2877,1,sp|A5I4U3|Y2514_CLOBH,Putative regulatory protein CBO2514/CLC_2370,CBO2514,Clostridium botulinum (strain Hall / ATCC 3502 / NCTC 13319 / Type A),1.0,CBO_1635
CBO_1636,GCA-001273255.1-protein2886,GCA_001273255.1,LGIK01000050.1,46365,47393,2886,1,sp|A5I4T4|RLMN_CLOBH,Probable dual-specificity RNA methyltransferase RlmN,rlmN,Clostridium botulinum (strain Hall / ATCC 3502 / NCTC 13319 / Type A),1.0,CBO_1636
CBO_1637,GCA-001273255.1-protein2308,GCA_001273255.1,LGIK01000043.1,219010,221937,2308,1,tr|A5I736|A5I736_CLOBH,Peptidase,CBO3311,Clostridium botulinum (strain Hall / ATCC 3502 / NCTC 13319 / Type A),1.0,CBO_1637
CBO_1638,GCA-001273255.1-protein770,GCA_001273255.1,LGIK01000019.1,132677,133138,770,-1,tr|A5HZ89|A5HZ89_CLOBH,Acetyltransferase,CBO0544,Clostridium botulinum (strain Hall / ATCC 3502 / NCTC 13319 / Type A),1.0,CBO_1638
CBO_1639,GCA-001273255.1-protein701,GCA_001273255.1,LGIK01000019.1,53137,53685,701,1,tr|A5HZ18|A5HZ18_CLOBH,ADP-ribose pyrophosphatase,CBO0474,Clostridium botulinum (strain Hall / ATCC 3502 / NCTC 13319 / Type A),1.0,CBO_1639
CBO_1640,GCA-001273255.1-protein1528,GCA_001273255.1,LGIK01000025.1,164193,164894,1528,-1,tr|A5I545|A5I545_CLOBH,Glycosyltransferase,CBO2613A,Clostridium botulinum (strain Hall / ATCC 3502 / NCTC 13319 / Type A),0.98,CBO_1640
CBO_1641,GCA-001273255.1-protein2277,GCA_001273255.1,LGIK01000043.1,172121,173512,2277,1,tr|A5I767|A5I767_CLOBH,Xaa-his dipeptidase,CBO3343,Clostridium botulinum (strain Hall / ATCC 3502 / NCTC 13319 / Type A),1.0,CBO_1641
CBO_1642,GCA-001273255.1-protein2672,GCA_001273255.1,LGIK01000049.1,116376,117800,2672,-1,tr|A5I6H5|A5I6H5_CLOBH,O antigen repeat unit flippase,wzx,Clostridium botulinum (strain Hall / ATCC 3502 / NCTC 13319 / Type A),1.0,CBO_1642
CBO_1643,GCA-001273255.1-protein659,GCA_001273255.1,LGIK01000019.1,4090,4698,659,-1,tr|A5HYX4|A5HYX4_CLOBH,TetR-family transcriptional regulator,CBO0430,Clostridium botulinum (strain Hall / ATCC 3502 / NCTC 13319 / Type A),1.0,CBO_1643
CBO_1644,GCA-001273255.1-protein3380,GCA_001273255.1,LGIK01000054.1,191319,192614,3380,1,tr|A5HYC3|A5HYC3_CLOBH,Enolase,eno,Clostridium botulinum (strain Hall / ATCC 3502 / NCTC 13319 / Type A),1.0,CBO_1644
CBO_1645,GCA-001273255.1-protein2374,GCA_001273255.1,LGIK01000044.1,21866,22645,2374,-1,tr|A5I6L2|A5I6L2_CLOBH,RNA methylase,CBO3132,Clostridium botulinum (strain Hall / ATCC 3502 / NCTC 13319 / Type A),1.0,CBO_1645
CBO_1646,GCA-001273255.1-protein2284,GCA_001273255.1,LGIK01000043.1,183797,185083,2284,1,tr|A5I760|A5I760_CLOBH,Diaminopimelate decarboxylase,lysA,Clostridium botulinum (strain Hall / ATCC 3502 / NCTC 13319 / Type A),1.0,CBO_1646
CBO_1647,GCA-001273255.1-protein3271,GCA_001273255.1,LGIK01000054.1,71885,73447,3271,1,tr|A5HY14|A5HY14_CLOBH,Peptidoglycan binding protein,CBO0117,Clostridium botulinum (strain Hall / ATCC 3502 / NCTC 13319 / Type A),1.0,CBO_1647
CBO_1648,GCA-001273255.1-protein2821,GCA_001273255.1,LGIK01000005.1,160619,161056,2821,1,tr|A5I5R5|A5I5R5_CLOBH,Hydrolase,CBO2829,Clostridium botulinum (strain Hall / ATCC 3502 / NCTC 13319 / Type A),1.0,CBO_1648
CBO_1649,GCA-001273255.1-protein1192,GCA_001273255.1,LGIK01000021.1,78899,79156,1192,1,tr|A5I4H2|A5I4H2_CLOBH,Phosphocarrier protein HPr,ptsH,Clostridium botulinum (strain Hall / ATCC 3502 / NCTC 13319 / Type A),1.0,CBO_1649
CBO_1650,GCA-001273255.1-protein1710,GCA_001273255.1,LGIK01000026.1,119869,120285,1710,-1,tr|A5I101|A5I101_CLOBH,Hut operon positive regulatory protein,CBO1161,Clostridium botulinum (strain Hall / ATCC 3502 / NCTC 13319 / Type A),1.0,CBO_1650
CBO_1651,GCA-001273255.1-protein3301,GCA_001273255.1,LGIK01000054.1,102725,103882,3301,1,tr|A5HY44|A5HY44_CLOBH,UDP-N-acetylglucosamine 2-epimerase (non-hydrolyzing),mnaA,Clostridium botulinum (strain Hall / ATCC 3502 / NCTC 13319 / Type A),1.0,CBO_1651
CBO_1652,GCA-001273255.1-protein3122,GCA_001273255.1,LGIK01000051.1,226412,228610,3122,1,tr|A5I201|A5I201_CLOBH,Signaling protein,CBO1524,Clostridium botulinum (strain Hall / ATCC 3502 / NCTC 13319 / Type A),1.0,CBO_1652
CBO_1653,GCA-001273255.1-protein780,GCA_001273255.1,LGIK01000019.1,145343,146026,780,1,tr|A5HZA0|A5HZA0_CLOBH,Membrane protein,CBO0556,Clostridium botulinum (strain Hall / ATCC 3502 / NCTC 13319 / Type A),1.0,CBO_1653
CBO_1654,GCA-001573665.1-protein2098,GCA_001573665.1,LFPF01000003.1,182310,182714,2098,-1,tr|A5I5J2|A5I5J2_CLOBH,DUF1292 domain-containing protein,CBO2758,Clostridium botulinum (strain Hall / ATCC 3502 / NCTC 13319 / Type A),0.78,CBO_1654
CBO_1655,GCA-001273255.1-protein2159,GCA_001273255.1,LGIK01000043.1,47737,48177,2159,1,sp|A5I7I7|RL15_CLOBH,Large ribosomal subunit protein uL15,rplO,Clostridium botulinum (strain Hall / ATCC 3502 / NCTC 13319 / Type A),1.0,CBO_1655
CBO_1656,GCA-001273255.1-protein175,GCA_001273255.1,LGIK01000012.1,178310,179155,175,1,tr|A5I3N4|A5I3N4_CLOBH,Chaperone protein DnaK,eutJ,Clostridium botulinum (strain Hall / ATCC 3502 / NCTC 13319 / Type A),1.0,CBO_1656
CBO_1657,GCA-001273255.1-protein3214,GCA_001273255.1,LGIK01000054.1,9552,10466,3214,1,tr|A5HXV4|A5HXV4_CLOBH,Signal peptidase II,CBO0057,Clostridium botulinum (strain Hall / ATCC 3502 / NCTC 13319 / Type A),1.0,CBO_1657
CBO_1658,GCA-054634935.1-protein3515,GCA_054634935.1,NKRL01000011.1,80642,81955,3515,-1,,,,,,CBO_1658
CBO_1659,GCA-001273255.1-protein3130,GCA_001273255.1,LGIK01000051.1,234565,235752,3130,1,tr|A5I210|A5I210_CLOBH,AraC-family transcriptional regulator,CBO1533,Clostridium botulinum (strain Hall / ATCC 3502 / NCTC 13319 / Type A),1.0,CBO_1659
CBO_1660,GCA-001273255.1-protein1532,GCA_001273255.1,LGIK01000025.1,168629,169027,1532,-1,tr|A5I550|A5I550_CLOBH,Uncharacterized protein,CBO2618,Clostridium botulinum (strain Hall / ATCC 3502 / NCTC 13319 / Type A),1.0,CBO_1660
CBO_1661,GCA-001273255.1-protein1434,GCA_001273255.1,LGIK01000025.1,69217,69663,1434,-1,tr|A5I500|A5I500_CLOBH,RRF2 family regulatory protein,CBO2569,Clostridium botulinum (strain Hall / ATCC 3502 / NCTC 13319 / Type A),1.0,CBO_1661
CBO_1662,GCA-001273255.1-protein2271,GCA_001273255.1,LGIK01000043.1,165297,165989,2271,1,tr|A5I774|A5I774_CLOBH,Stage 0 sporulation protein A homolog,CBO3349A,Clostridium botulinum (strain Hall / ATCC 3502 / NCTC 13319 / Type A),1.0,CBO_1662
CBO_1663,GCA-001273255.1-protein1685,GCA_001273255.1,LGIK01000026.1,94314,95033,1685,-1,tr|A5I124|A5I124_CLOBH,Stage 0 sporulation protein A homolog,CBO1186,Clostridium botulinum (strain Hall / ATCC 3502 / NCTC 13319 / Type A),1.0,CBO_1663
CBO_1664,GCA-001273255.1-protein3033,GCA_001273255.1,LGIK01000051.1,123598,124551,3033,1,tr|A5I1R3|A5I1R3_CLOBH,Pseudouridine synthase,rluC,Clostridium botulinum (strain Hall / ATCC 3502 / NCTC 13319 / Type A),1.0,CBO_1664
CBO_1665,GCA-001273255.1-protein1117,GCA_001273255.1,LGIK01000020.1,9961,11058,1117,-1,tr|A5I6S3|A5I6S3_CLOBH,2-hydroxyglutaryl-CoA dehydratase,CBO3194,Clostridium botulinum (strain Hall / ATCC 3502 / NCTC 13319 / Type A),1.0,CBO_1665
CBO_1666,GCA-001273255.1-protein3596,GCA_001273255.1,LGIK01000009.1,28506,29198,3596,-1,tr|A5I0T3|A5I0T3_CLOBH,GntR-family transcriptional regulator,CBO1091,Clostridium botulinum (strain Hall / ATCC 3502 / NCTC 13319 / Type A),1.0,CBO_1666
CBO_1667,GCA-001273255.1-protein3478,GCA_001273255.1,LGIK01000054.1,303581,304048,3478,1,tr|A5HYM4|A5HYM4_CLOBH,Membrane protein,CBO0331,Clostridium botulinum (strain Hall / ATCC 3502 / NCTC 13319 / Type A),1.0,CBO_1667
CBO_1668,GCA-001273255.1-protein3572,GCA_001273255.1,LGIK01000009.1,3631,4227,3572,-1,tr|A5I0V7|A5I0V7_CLOBH,Membrane protein,CBO1115,Clostridium botulinum (strain Hall / ATCC 3502 / NCTC 13319 / Type A),1.0,CBO_1668
CBO_1669,GCA-001273255.1-protein466,GCA_001273255.1,LGIK01000015.1,8707,9966,466,1,tr|A5I6X4|A5I6X4_CLOBH,2-hydroxyacyl-CoA dehydratase beta-subunit,CBO3244,Clostridium botulinum (strain Hall / ATCC 3502 / NCTC 13319 / Type A),1.0,CBO_1669
CBO_1670,GCA-001273255.1-protein2216,GCA_001273255.1,LGIK01000043.1,99834,100427,2216,1,sp|A5I7D0|RS4B_CLOBH,Small ribosomal subunit protein uS4B,rpsD2,Clostridium botulinum (strain Hall / ATCC 3502 / NCTC 13319 / Type A),1.0,CBO_1670
CBO_1671,GCA-001273255.1-protein3267,GCA_001273255.1,LGIK01000054.1,68075,69202,3267,-1,tr|A5HY10|A5HY10_CLOBH,Glycosyl transferase,CBO0113,Clostridium botulinum (strain Hall / ATCC 3502 / NCTC 13319 / Type A),1.0,CBO_1671
CBO_1672,GCA-001273255.1-protein2658,GCA_001273255.1,LGIK01000049.1,102052,103836,2658,-1,tr|A5I6G1|A5I6G1_CLOBH,GTPase HflX,hflX,Clostridium botulinum (strain Hall / ATCC 3502 / NCTC 13319 / Type A),1.0,CBO_1672
CBO_1673,GCA-001573555.1-protein1293,GCA_001573555.1,LFQV01000021.1,44934,45929,1293,-1,tr|A5HZ37|A5HZ37_CLOBH,"Cytolysin ABC transporter, ATP-binding protein",sagG,Clostridium botulinum (strain Hall / ATCC 3502 / NCTC 13319 / Type A),0.92,CBO_1673
CBO_1674,GCA-001273255.1-protein572,GCA_001273255.1,LGIK01000017.1,55883,56728,572,1,tr|A5I0H5|A5I0H5_CLOBH,"2,5-diketo-D-gluconic acid reductase",dkgA,Clostridium botulinum (strain Hall / ATCC 3502 / NCTC 13319 / Type A),1.0,CBO_1674
CBO_1675,GCA-001273255.1-protein2664,GCA_001273255.1,LGIK01000049.1,109289,109744,2664,-1,tr|A5I6G7|A5I6G7_CLOBH,Stage V sporulation protein AC,spoVAC2,Clostridium botulinum (strain Hall / ATCC 3502 / NCTC 13319 / Type A),1.0,CBO_1675
CBO_1676,GCA-001273255.1-protein1593,GCA_001273255.1,LGIK01000025.1,227042,227491,1593,-1,tr|A5I5B1|A5I5B1_CLOBH,Conserved integral membrane protein,CBO2677,Clostridium botulinum (strain Hall / ATCC 3502 / NCTC 13319 / Type A),0.97,CBO_1676
CBO_1677,GCA-001273255.1-protein594,GCA_001273255.1,LGIK01000017.1,82345,83619,594,1,tr|A5I0J8|A5I0J8_CLOBH,Uncharacterized protein,CBO1006,Clostridium botulinum (strain Hall / ATCC 3502 / NCTC 13319 / Type A),1.0,CBO_1677
CBO_1678,GCA-001273255.1-protein1717,GCA_001273255.1,LGIK01000026.1,127538,128584,1717,-1,tr|A5I0Z4|A5I0Z4_CLOBH,"Iron ABC transporter, solute-binding lipoprotein",CBO1153,Clostridium botulinum (strain Hall / ATCC 3502 / NCTC 13319 / Type A),0.98,CBO_1678
CBO_1679,GCA-001273255.1-protein1220,GCA_001273255.1,LGIK01000021.1,103113,103949,1220,1,tr|A5I457|A5I457_CLOBH,Metallo-beta-lactamase superfamily protein,CBO2288,Clostridium botulinum (strain Hall / ATCC 3502 / NCTC 13319 / Type A),0.99,CBO_1679
CBO_1680,GCA-001273255.1-protein105,GCA_001273255.1,LGIK01000012.1,104484,105515,105,1,tr|A5I3V8|A5I3V8_CLOBH,Exported protein,CBO2187,Clostridium botulinum (strain Hall / ATCC 3502 / NCTC 13319 / Type A),0.97,CBO_1680
CBO_1681,GCA-001273255.1-protein3371,GCA_001273255.1,LGIK01000054.1,180376,181479,3371,1,tr|A5HYB4|A5HYB4_CLOBH,"ABC transporter, permease protein",CBO0221,Clostridium botulinum (strain Hall / ATCC 3502 / NCTC 13319 / Type A),1.0,CBO_1681
CBO_1682,GCA-001273255.1-protein3114,GCA_001273255.1,LGIK01000051.1,216771,217868,3114,1,tr|A5I1Z2|A5I1Z2_CLOBH,"ABC transporter, ATP-binding protein",CBO1515,Clostridium botulinum (strain Hall / ATCC 3502 / NCTC 13319 / Type A),1.0,CBO_1682
CBO_1683,GCA-001273255.1-protein1847,GCA_001273255.1,LGIK01000030.1,5502,6596,1847,-1,tr|A5HXQ0|A5HXQ0_CLOBH,DNA replication and repair protein RecF,recF,Clostridium botulinum (strain Hall / ATCC 3502 / NCTC 13319 / Type A),1.0,CBO_1683
CBO_1684,GCA-001273255.1-protein3077,GCA_001273255.1,LGIK01000051.1,175729,176646,3077,1,tr|A5I1V5|A5I1V5_CLOBH,Pseudouridine synthase,rluD1,Clostridium botulinum (strain Hall / ATCC 3502 / NCTC 13319 / Type A),1.0,CBO_1684
CBO_1685,GCA-001273255.1-protein3292,GCA_001273255.1,LGIK01000054.1,95390,96466,3292,1,sp|A5HY35|RF1_CLOBH,Peptide chain release factor 1,prfA,Clostridium botulinum (strain Hall / ATCC 3502 / NCTC 13319 / Type A),1.0,CBO_1685
CBO_1686,GCA-001273255.1-protein2450,GCA_001273255.1,LGIK01000047.1,23716,24132,2450,1,tr|A5I5L4|A5I5L4_CLOBH,Flavodoxin,CBO2778,Clostridium botulinum (strain Hall / ATCC 3502 / NCTC 13319 / Type A),1.0,CBO_1686
CBO_1687,GCA-001573255.1-protein2396,GCA_001573255.1,LFON01000003.1,355007,355978,2396,-1,tr|A5I0A6|A5I0A6_CLOBH,Cobalamin biosynthesis protein CobD,cbiB,Clostridium botulinum (strain Hall / ATCC 3502 / NCTC 13319 / Type A),0.93,CBO_1687
CBO_1688,GCA-001273255.1-protein2787,GCA_001273255.1,LGIK01000005.1,114529,115626,2787,1,tr|A5I5V2|A5I5V2_CLOBH,Riboflavin biosynthesis protein RibD,ribD,Clostridium botulinum (strain Hall / ATCC 3502 / NCTC 13319 / Type A),1.0,CBO_1688
CBO_1689,GCA-001273255.1-protein2640,GCA_001273255.1,LGIK01000049.1,87210,88478,2640,-1,tr|A5I6E4|A5I6E4_CLOBH,Protein translocase subunit SecD,secD,Clostridium botulinum (strain Hall / ATCC 3502 / NCTC 13319 / Type A),1.0,CBO_1689
CBO_1690,GCA-001273255.1-protein3219,GCA_001273255.1,LGIK01000054.1,12824,13927,3219,1,tr|A5HXV9|A5HXV9_CLOBH,Exported peptidoglycan lytic protein,CBO0062,Clostridium botulinum (strain Hall / ATCC 3502 / NCTC 13319 / Type A),1.0,CBO_1690
CBO_1691,GCA-001276985.1-protein2775,GCA_001276985.1,LHUL01000008.1,90903,91922,2775,1,tr|A5I169|A5I169_CLOBH,Membrane protein,CBO1231,Clostridium botulinum (strain Hall / ATCC 3502 / NCTC 13319 / Type A),1.0,CBO_1691
CBO_1692,GCA-001273255.1-protein428,GCA_001273255.1,LGIK01000012.1,458362,460257,428,1,tr|A5I2X1|A5I2X1_CLOBH,Electron-transferring subunit of iron-only hydrogenase,hymB,Clostridium botulinum (strain Hall / ATCC 3502 / NCTC 13319 / Type A),1.0,CBO_1692
CBO_1693,GCA-001273255.1-protein3202,GCA_001273255.1,LGIK01000051.1,312623,313078,3202,1,tr|A5I282|A5I282_CLOBH,Exosporium protein B domain-containing protein,CBO1610,Clostridium botulinum (strain Hall / ATCC 3502 / NCTC 13319 / Type A),1.0,CBO_1693
CBO_1694,GCA-001273255.1-protein1865,GCA_001273255.1,LGIK01000030.1,20393,21448,1865,-1,tr|A5I807|A5I807_CLOBH,Membrane protein,CBO3634,Clostridium botulinum (strain Hall / ATCC 3502 / NCTC 13319 / Type A),1.0,CBO_1694
CBO_1695,GCA-001276985.1-protein512,GCA_001276985.1,LHUL01000018.1,2098,2661,512,-1,tr|A5HXT9|A5HXT9_CLOBH,RNA polymerase sigma factor,CBO0043,Clostridium botulinum (strain Hall / ATCC 3502 / NCTC 13319 / Type A),1.0,CBO_1695
CBO_1696,GCA-001273255.1-protein1926,GCA_001273255.1,LGIK01000030.1,79400,80626,1926,1,tr|A5I7U6|A5I7U6_CLOBH,Probable transporter,CBO3572,Clostridium botulinum (strain Hall / ATCC 3502 / NCTC 13319 / Type A),1.0,CBO_1696
CBO_1697,GCA-001273255.1-protein1933,GCA_001273255.1,LGIK01000030.1,85667,86215,1933,1,tr|A5I7T9|A5I7T9_CLOBH,2'-5' RNA ligase family protein,CBO3564,Clostridium botulinum (strain Hall / ATCC 3502 / NCTC 13319 / Type A),1.0,CBO_1697
CBO_1698,GCA-001273255.1-protein1905,GCA_001273255.1,LGIK01000030.1,58724,59671,1905,1,tr|A5I7W7|A5I7W7_CLOBH,NAD-dependent 2-hydroxyacid dehydrogenase,CBO3593,Clostridium botulinum (strain Hall / ATCC 3502 / NCTC 13319 / Type A),1.0,CBO_1698
CBO_1699,GCA-001273255.1-protein135,GCA_001273255.1,LGIK01000012.1,133692,134129,135,1,tr|A5I3S4|A5I3S4_CLOBH,"PTS system, EIIA component",CBO2152,Clostridium botulinum (strain Hall / ATCC 3502 / NCTC 13319 / Type A),0.98,CBO_1699
CBO_1700,GCA-001273255.1-protein3270,GCA_001273255.1,LGIK01000054.1,71545,71781,3270,1,tr|A5HY13|A5HY13_CLOBH,Veg protein,CBO0116,Clostridium botulinum (strain Hall / ATCC 3502 / NCTC 13319 / Type A),1.0,CBO_1700
CBO_1701,GCA-001273255.1-protein3234,GCA_001273255.1,LGIK01000054.1,29141,30199,3234,1,tr|A5HXX6|A5HXX6_CLOBH,Exported protein,CBO0079,Clostridium botulinum (strain Hall / ATCC 3502 / NCTC 13319 / Type A),1.0,CBO_1701
CBO_1702,GCA-001273255.1-protein295,GCA_001273255.1,LGIK01000012.1,316542,316874,295,-1,tr|A5I3A6|A5I3A6_CLOBH,Decarboxylase,CBO1981,Clostridium botulinum (strain Hall / ATCC 3502 / NCTC 13319 / Type A),1.0,CBO_1702
CBO_1703,GCA-001573295.1-protein662,GCA_001573295.1,LFRD01000015.1,39863,41728,662,-1,tr|A5HYN0|A5HYN0_CLOBH,histidine kinase,CBO0336,Clostridium botulinum (strain Hall / ATCC 3502 / NCTC 13319 / Type A),0.9,CBO_1703
CBO_1704,GCA-001273255.1-protein2241,GCA_001273255.1,LGIK01000043.1,126630,127238,2241,1,tr|A5I7A6|A5I7A6_CLOBH,Membrane protein,CBO3381,Clostridium botulinum (strain Hall / ATCC 3502 / NCTC 13319 / Type A),1.0,CBO_1704
CBO_1705,GCA-001273255.1-protein3565,GCA_001273255.1,LGIK01000007.1,33925,34905,3565,1,tr|A5HYV6|A5HYV6_CLOBH,Phosphohexomutase,CBO0412,Clostridium botulinum (strain Hall / ATCC 3502 / NCTC 13319 / Type A),1.0,CBO_1705
CBO_1706,GCA-001273255.1-protein1149,GCA_001273255.1,LGIK01000021.1,30298,30669,1149,-1,sp|A5I4L8|Y2440_CLOBH,UPF0102 protein CBO2440/CLC_2288,CBO2440,Clostridium botulinum (strain Hall / ATCC 3502 / NCTC 13319 / Type A),1.0,CBO_1706
CBO_1707,GCA-001273255.1-protein2815,GCA_001273255.1,LGIK01000005.1,152091,152849,2815,1,tr|A5I5S1|A5I5S1_CLOBH,GntR-family transcriptional regulator,CBO2835,Clostridium botulinum (strain Hall / ATCC 3502 / NCTC 13319 / Type A),0.97,CBO_1707
CBO_1708,GCA-001273255.1-protein3401,GCA_001273255.1,LGIK01000054.1,216732,218195,3401,1,tr|A5HYE3|A5HYE3_CLOBH,Amino-acid permease,CBO0250,Clostridium botulinum (strain Hall / ATCC 3502 / NCTC 13319 / Type A),1.0,CBO_1708
CBO_1709,GCA-001273255.1-protein3158,GCA_001273255.1,LGIK01000051.1,263243,264154,3158,1,tr|A5I238|A5I238_CLOBH,Deoxyribokinase,rbsK,Clostridium botulinum (strain Hall / ATCC 3502 / NCTC 13319 / Type A),0.99,CBO_1709
CBO_1710,GCA-001573385.1-protein2759,GCA_001573385.1,LFOT01000005.1,130820,131551,2759,-1,tr|A5I3N5|A5I3N5_CLOBH,Cobalamin adenosyltransferase,eutT,Clostridium botulinum (strain Hall / ATCC 3502 / NCTC 13319 / Type A),0.97,CBO_1710
CBO_1711,GCA-001273255.1-protein1853,GCA_001273255.1,LGIK01000030.1,10679,10888,1853,1,sp|A5I819|YIDD_CLOBH,Putative membrane protein insertion efficiency factor,CBO3646,Clostridium botulinum (strain Hall / ATCC 3502 / NCTC 13319 / Type A),1.0,CBO_1711
CBO_1712,GCA-001273255.1-protein2950,GCA_001273255.1,LGIK01000051.1,40136,42007,2950,1,tr|A5I1I4|A5I1I4_CLOBH,Membrane protein,CBO1350,Clostridium botulinum (strain Hall / ATCC 3502 / NCTC 13319 / Type A),1.0,CBO_1712
CBO_1713,GCA-001273255.1-protein694,GCA_001273255.1,LGIK01000019.1,45027,45509,694,1,tr|A5HZ10|A5HZ10_CLOBH,Membrane protein,CBO0466,Clostridium botulinum (strain Hall / ATCC 3502 / NCTC 13319 / Type A),1.0,CBO_1713
CBO_1714,GCA-016989565.1-protein1981,GCA_016989565.1,NKSB01000027.1,19137,20336,1981,-1,tr|A5I0X0|A5I0X0_CLOBH,Anaerobic nitric oxide reductase flavorubredoxin,norV,Clostridium botulinum (strain Hall / ATCC 3502 / NCTC 13319 / Type A),0.95,CBO_1714
CBO_1715,GCA-001273255.1-protein1561,GCA_001273255.1,LGIK01000025.1,197229,198089,1561,-1,tr|A5I577|A5I577_CLOBH,ParA family ATPase,CBO2643,Clostridium botulinum (strain Hall / ATCC 3502 / NCTC 13319 / Type A),1.0,CBO_1715
CBO_1716,GCA-001273255.1-protein2261,GCA_001273255.1,LGIK01000043.1,153408,154700,2261,1,tr|A5I784|A5I784_CLOBH,Permease IIC component,licC,Clostridium botulinum (strain Hall / ATCC 3502 / NCTC 13319 / Type A),1.0,CBO_1716
CBO_1717,GCA-016990395.1-protein91,GCA_016990395.1,NQVW01000001.1,92710,95352,91,-1,sp|A5I4Z5|SYA_CLOBH,Alanine--tRNA ligase,alaS,Clostridium botulinum (strain Hall / ATCC 3502 / NCTC 13319 / Type A),0.99,CBO_1717
CBO_1718,GCA-001273255.1-protein2361,GCA_001273255.1,LGIK01000044.1,1264,2724,2361,1,tr|A5I6J7|A5I6J7_CLOBH,Arginine decarboxylase,speA,Clostridium botulinum (strain Hall / ATCC 3502 / NCTC 13319 / Type A),1.0,CBO_1718
CBO_1719,GCA-001573385.1-protein2416,GCA_001573385.1,LFOT01000039.1,1352,1639,2416,1,tr|A5I015|A5I015_CLOBH,Membrane protein,CBO0823,Clostridium botulinum (strain Hall / ATCC 3502 / NCTC 13319 / Type A),0.97,CBO_1719
CBO_1720,GCA-001273255.1-protein1950,GCA_001273255.1,LGIK01000030.1,103129,103944,1950,1,tr|A5I7S2|A5I7S2_CLOBH,Pur operon repressor,purR,Clostridium botulinum (strain Hall / ATCC 3502 / NCTC 13319 / Type A),1.0,CBO_1720
CBO_1721,GCA-001273255.1-protein641,GCA_001273255.1,LGIK01000017.1,131174,132547,641,-1,tr|A5I0P5|A5I0P5_CLOBH,Two-component sensor kinase,CBO1052,Clostridium botulinum (strain Hall / ATCC 3502 / NCTC 13319 / Type A),1.0,CBO_1721
CBO_1722,GCA-001273255.1-protein3098,GCA_001273255.1,LGIK01000051.1,198043,199005,3098,1,tr|A5I1X7|A5I1X7_CLOBH,"D-methionine ABC transporter, ATP-binding protein",metN2,Clostridium botulinum (strain Hall / ATCC 3502 / NCTC 13319 / Type A),1.0,CBO_1722
CBO_1723,GCA-001273255.1-protein3169,GCA_001273255.1,LGIK01000051.1,273177,273872,3169,1,tr|A5I249|A5I249_CLOBH,Membrane protein,CBO1575,Clostridium botulinum (strain Hall / ATCC 3502 / NCTC 13319 / Type A),1.0,CBO_1723
CBO_1724,GCA-001273255.1-protein401,GCA_001273255.1,LGIK01000012.1,429667,430563,401,1,tr|A5I2Z8|A5I2Z8_CLOBH,Homoserine O-acetyltransferase,metA,Clostridium botulinum (strain Hall / ATCC 3502 / NCTC 13319 / Type A),1.0,CBO_1724
CBO_1725,GCA-001273255.1-protein2826,GCA_001273255.1,LGIK01000005.1,165793,168051,2826,1,tr|A5I5R0|A5I5R0_CLOBH,UvrABC system protein A,CBO2824,Clostridium botulinum (strain Hall / ATCC 3502 / NCTC 13319 / Type A),1.0,CBO_1725
CBO_1726,GCA-001273255.1-protein304,GCA_001273255.1,LGIK01000012.1,325812,327245,304,1,tr|A5I396|A5I396_CLOBH,"Cobalt ABC transporter, ATP-binding protein",CBO1971,Clostridium botulinum (strain Hall / ATCC 3502 / NCTC 13319 / Type A),1.0,CBO_1726
CBO_1727,GCA-001273255.1-protein307,GCA_001273255.1,LGIK01000012.1,329356,330021,307,1,tr|A5I393|A5I393_CLOBH,Stage 0 sporulation protein A homolog,CBO1968,Clostridium botulinum (strain Hall / ATCC 3502 / NCTC 13319 / Type A),1.0,CBO_1727
CBO_1728,GCA-001273255.1-protein495,GCA_001273255.1,LGIK01000015.1,39120,39818,495,1,tr|A5I6U4|A5I6U4_CLOBH,Pyruvate formate-lyase-activating enzyme,act,Clostridium botulinum (strain Hall / ATCC 3502 / NCTC 13319 / Type A),1.0,CBO_1728
CBO_1729,GCA-001273255.1-protein82,GCA_001273255.1,LGIK01000012.1,74873,76210,82,1,tr|A5I3Y0|A5I3Y0_CLOBH,Type III effector Hop protein,CBO2209,Clostridium botulinum (strain Hall / ATCC 3502 / NCTC 13319 / Type A),1.0,CBO_1729
CBO_1730,GCA-001273255.1-protein2149,GCA_001273255.1,LGIK01000043.1,43872,44126,2149,1,sp|A5I7J7|RS17_CLOBH,Small ribosomal subunit protein uS17,rpsQ,Clostridium botulinum (strain Hall / ATCC 3502 / NCTC 13319 / Type A),1.0,CBO_1730
CBO_1731,GCA-001273255.1-protein1128,GCA_001273255.1,LGIK01000021.1,11711,12709,1128,1,tr|A5I4N8|A5I4N8_CLOBH,Phosphate acetyltransferase,ptA,Clostridium botulinum (strain Hall / ATCC 3502 / NCTC 13319 / Type A),1.0,CBO_1731
CBO_1732,GCA-001273255.1-protein146,GCA_001273255.1,LGIK01000012.1,147051,147296,146,1,,,,,,CBO_1732
CBO_1733,GCA-001273255.1-protein2364,GCA_001273255.1,LGIK01000044.1,5286,6299,2364,-1,tr|A5I6K0|A5I6K0_CLOBH,L-lactate oxidase,CBO3119,Clostridium botulinum (strain Hall / ATCC 3502 / NCTC 13319 / Type A),1.0,CBO_1733
CBO_1734,GCA-001273255.1-protein1644,GCA_001273255.1,LGIK01000026.1,44415,44987,1644,-1,tr|A5I168|A5I168_CLOBH,Spore coat protein,cotJC,Clostridium botulinum (strain Hall / ATCC 3502 / NCTC 13319 / Type A),1.0,CBO_1734
CBO_1735,GCA-001273255.1-protein967,GCA_001273255.1,LGIK01000019.1,351573,352331,967,1,tr|A5HZW2|A5HZW2_CLOBH,Methyltransferase,CBO0769,Clostridium botulinum (strain Hall / ATCC 3502 / NCTC 13319 / Type A),0.98,CBO_1735
CBO_1736,GCA-001273255.1-protein3226,GCA_001273255.1,LGIK01000054.1,20112,20687,3226,1,tr|A5HXW7|A5HXW7_CLOBH,Spore maturation protein A,spmA,Clostridium botulinum (strain Hall / ATCC 3502 / NCTC 13319 / Type A),1.0,CBO_1736
CBO_1737,GCA-001273255.1-protein271,GCA_001273255.1,LGIK01000012.1,286351,286899,271,1,tr|A5I3D2|A5I3D2_CLOBH,Signaling protein,CBO2007,Clostridium botulinum (strain Hall / ATCC 3502 / NCTC 13319 / Type A),1.0,CBO_1737
CBO_1738,GCA-001273255.1-protein388,GCA_001273255.1,LGIK01000012.1,416120,416515,388,1,tr|A5I311|A5I311_CLOBH,Asp23/Gls24 family envelope stress response protein,CBO1887,Clostridium botulinum (strain Hall / ATCC 3502 / NCTC 13319 / Type A),1.0,CBO_1738
CBO_1739,GCA-001273255.1-protein2737,GCA_001273255.1,LGIK01000005.1,50595,51338,2737,1,tr|A5I604|A5I604_CLOBH,Iron-sulfur cluster protein,CBO2922,Clostridium botulinum (strain Hall / ATCC 3502 / NCTC 13319 / Type A),1.0,CBO_1739
CBO_1740,GCA-001273255.1-protein1329,GCA_001273255.1,LGIK01000023.1,20976,22295,1329,-1,tr|A5HYR2|A5HYR2_CLOBH,Ion-translocating oxidoreductase complex subunit C,rnfC,Clostridium botulinum (strain Hall / ATCC 3502 / NCTC 13319 / Type A),1.0,CBO_1740
CBO_1741,GCA-001273255.1-protein1838,GCA_001273255.1,LGIK01000029.1,25592,26989,1838,-1,tr|A5HXQ9|A5HXQ9_CLOBH,Dehydrogenase with iron-sulfur domain,CBO0013,Clostridium botulinum (strain Hall / ATCC 3502 / NCTC 13319 / Type A),1.0,CBO_1741
CBO_1742,GCA-001273255.1-protein1610,GCA_001273255.1,LGIK01000026.1,14175,14786,1610,-1,sp|A5I1A3|3MGH_CLOBH,Putative 3-methyladenine DNA glycosylase,CBO1265,Clostridium botulinum (strain Hall / ATCC 3502 / NCTC 13319 / Type A),1.0,CBO_1742
CBO_1743,GCA-001273255.1-protein2578,GCA_001273255.1,LGIK01000049.1,33077,33934,2578,-1,tr|A5I681|A5I681_CLOBH,Cell shape-determining protein MreC,mreC,Clostridium botulinum (strain Hall / ATCC 3502 / NCTC 13319 / Type A),0.96,CBO_1743
CBO_1744,GCA-001573255.1-protein2860,GCA_001573255.1,LFON01000004.1,132888,134276,2860,-1,tr|A5I785|A5I785_CLOBH,6-phospho-beta-glucosidase,licH,Clostridium botulinum (strain Hall / ATCC 3502 / NCTC 13319 / Type A),0.93,CBO_1744
CBO_1745,GCA-001273255.1-protein1959,GCA_001273255.1,LGIK01000030.1,114629,115639,1959,1,sp|A5I7R3|PRSA_CLOBH,Foldase protein PrsA,prsA,Clostridium botulinum (strain Hall / ATCC 3502 / NCTC 13319 / Type A),1.0,CBO_1745
CBO_1746,GCA-001273255.1-protein2344,GCA_001273255.1,LGIK01000043.1,263526,265568,2344,1,tr|A5I702|A5I702_CLOBH,Two component regulator three Y domain-containing protein,CBO3275,Clostridium botulinum (strain Hall / ATCC 3502 / NCTC 13319 / Type A),0.98,CBO_1746
CBO_1747,GCA-001273255.1-protein3058,GCA_001273255.1,LGIK01000051.1,158517,159968,3058,1,sp|A5I1T6|MURE_CLOBH,"UDP-N-acetylmuramoyl-L-alanyl-D-glutamate--2,6-diaminopimelate ligase",murE,Clostridium botulinum (strain Hall / ATCC 3502 / NCTC 13319 / Type A),1.0,CBO_1747
CBO_1748,GCA-002103985.1-protein2467,GCA_002103985.1,MWJF01000050.1,40705,41619,2467,-1,tr|A5I5M5|A5I5M5_CLOBH,ABC transporter ATP-binding protein,CBO2789,Clostridium botulinum (strain Hall / ATCC 3502 / NCTC 13319 / Type A),0.94,CBO_1748
CBO_1749,GCA-002103805.1-protein3240,GCA_002103805.1,MWIW01000005.1,283628,285715,3240,-1,tr|A5I7P1|A5I7P1_CLOBH,Elongation factor G,fusB,Clostridium botulinum (strain Hall / ATCC 3502 / NCTC 13319 / Type A),0.99,CBO_1749
CBO_1750,GCA-001273255.1-protein2559,GCA_001273255.1,LGIK01000049.1,14576,15850,2559,-1,tr|A5I662|A5I662_CLOBH,Membrane protein,CBO2982,Clostridium botulinum (strain Hall / ATCC 3502 / NCTC 13319 / Type A),1.0,CBO_1750
CBO_1751,GCA-001273255.1-protein2761,GCA_001273255.1,LGIK01000005.1,77616,78584,2761,-1,tr|A5I5X9|A5I5X9_CLOBH,"Iron compounds ABC transporter, permease protein",CBO2895,Clostridium botulinum (strain Hall / ATCC 3502 / NCTC 13319 / Type A),0.98,CBO_1751
CBO_1752,GCA-001273255.1-protein3071,GCA_001273255.1,LGIK01000051.1,169874,170962,3071,1,tr|A5I1U9|A5I1U9_CLOBH,3-dehydroquinate synthase,aroB,Clostridium botulinum (strain Hall / ATCC 3502 / NCTC 13319 / Type A),1.0,CBO_1752
CBO_1753,GCA-001273255.1-protein2573,GCA_001273255.1,LGIK01000049.1,27885,28148,2573,-1,sp|A5I676|MINE_CLOBH,Cell division topological specificity factor,minE,Clostridium botulinum (strain Hall / ATCC 3502 / NCTC 13319 / Type A),1.0,CBO_1753
CBO_1754,GCA-001273255.1-protein937,GCA_001273255.1,LGIK01000019.1,320829,321437,937,-1,tr|A5HZS5|A5HZS5_CLOBH,Phage related protein,CBO0732,Clostridium botulinum (strain Hall / ATCC 3502 / NCTC 13319 / Type A),1.0,CBO_1754
CBO_1755,GCA-001273255.1-protein1871,GCA_001273255.1,LGIK01000030.1,25669,25953,1871,1,sp|A5I801|RS6_CLOBH,Small ribosomal subunit protein bS6,rpsF,Clostridium botulinum (strain Hall / ATCC 3502 / NCTC 13319 / Type A),1.0,CBO_1755
CBO_1756,GCA-002103825.1-protein3799,GCA_002103825.1,MWIY01000009.1,152136,152861,3799,-1,tr|A5I225|A5I225_CLOBH,AraC effector-binding domain-containing protein,CBO1550,Clostridium botulinum (strain Hall / ATCC 3502 / NCTC 13319 / Type A),0.9,CBO_1756
CBO_1757,GCA-001276985.1-protein3092,GCA_001276985.1,LHUL01000008.1,407952,409022,3092,1,tr|A5I1X6|A5I1X6_CLOBH,Methylcobamide:CoM methyltransferase,CBO1498,Clostridium botulinum (strain Hall / ATCC 3502 / NCTC 13319 / Type A),1.0,CBO_1757
CBO_1758,GCA-001273255.1-protein1601,GCA_001273255.1,LGIK01000026.1,5387,6262,1601,1,tr|A5I1B1|A5I1B1_CLOBH,Cation efflux protein,CBO1274,Clostridium botulinum (strain Hall / ATCC 3502 / NCTC 13319 / Type A),1.0,CBO_1758
CBO_1759,GCA-001273255.1-protein3468,GCA_001273255.1,LGIK01000054.1,292453,293433,3468,1,tr|A5HYL2|A5HYL2_CLOBH,histidine kinase,CBO0319,Clostridium botulinum (strain Hall / ATCC 3502 / NCTC 13319 / Type A),0.99,CBO_1759
CBO_1760,GCA-001273255.1-protein3601,GCA_001273255.1,LGIK01000009.1,34167,34808,3601,-1,tr|A5I0S7|A5I0S7_CLOBH,"D-methionine ABC transporter, permease protein",metI1,Clostridium botulinum (strain Hall / ATCC 3502 / NCTC 13319 / Type A),1.0,CBO_1760
CBO_1761,GCA-001273255.1-protein2237,GCA_001273255.1,LGIK01000043.1,122407,122844,2237,1,tr|A5I7B0|A5I7B0_CLOBH,Phosphopeptide-binding membrane protein,CBO3385,Clostridium botulinum (strain Hall / ATCC 3502 / NCTC 13319 / Type A),1.0,CBO_1761
CBO_1762,GCA-001273255.1-protein642,GCA_001273255.1,LGIK01000017.1,132550,133257,642,-1,tr|A5I0P6|A5I0P6_CLOBH,Stage 0 sporulation protein A homolog,CBO1053,Clostridium botulinum (strain Hall / ATCC 3502 / NCTC 13319 / Type A),1.0,CBO_1762
CBO_1763,GCA-001273255.1-protein584,GCA_001273255.1,LGIK01000017.1,70894,71325,584,1,tr|A5I0I8|A5I0I8_CLOBH,Rubrerythrin,CBO0996,Clostridium botulinum (strain Hall / ATCC 3502 / NCTC 13319 / Type A),1.0,CBO_1763
CBO_1764,GCA-001273255.1-protein903,GCA_001273255.1,LGIK01000019.1,285049,285441,903,1,sp|A5HZP0|GCSH_CLOBH,Glycine cleavage system H protein,gcvH,Clostridium botulinum (strain Hall / ATCC 3502 / NCTC 13319 / Type A),0.99,CBO_1764
CBO_1765,GCA-001273255.1-protein1428,GCA_001273255.1,LGIK01000025.1,62386,62637,1428,-1,sp|A5I4Z4|REOM_CLOBH,Peptidoglycan synthesis regulatory protein ReoM,reoM,Clostridium botulinum (strain Hall / ATCC 3502 / NCTC 13319 / Type A),1.0,CBO_1765
CBO_1766,GCA-001273255.1-protein3200,GCA_001273255.1,LGIK01000051.1,310363,310698,3200,-1,tr|A5I280|A5I280_CLOBH,Divalent cation tolerance protein CutA,CBO1608,Clostridium botulinum (strain Hall / ATCC 3502 / NCTC 13319 / Type A),1.0,CBO_1766
CBO_1767,GCA-001273255.1-protein2881,GCA_001273255.1,LGIK01000050.1,40334,42541,2881,1,tr|A5I4T9|A5I4T9_CLOBH,Replication restart protein PriA,priA,Clostridium botulinum (strain Hall / ATCC 3502 / NCTC 13319 / Type A),1.0,CBO_1767
CBO_1768,GCA-001273255.1-protein291,GCA_001273255.1,LGIK01000012.1,310487,312367,291,1,sp|A5I3B0|HTPG_CLOBH,Chaperone protein HtpG,htpG,Clostridium botulinum (strain Hall / ATCC 3502 / NCTC 13319 / Type A),1.0,CBO_1768
CBO_1769,GCA-001273255.1-protein3116,GCA_001273255.1,LGIK01000051.1,218772,219614,3116,1,tr|A5I1Z4|A5I1Z4_CLOBH,"ABC transporter, permease protein",CBO1517,Clostridium botulinum (strain Hall / ATCC 3502 / NCTC 13319 / Type A),0.98,CBO_1769
CBO_1770,GCA-001273255.1-protein2677,GCA_001273255.1,LGIK01000049.1,123538,124764,2677,-1,tr|A5I6I0|A5I6I0_CLOBH,Glycosyltransferase,CBO3099,Clostridium botulinum (strain Hall / ATCC 3502 / NCTC 13319 / Type A),1.0,CBO_1770
CBO_1771,GCA-001273255.1-protein838,GCA_001273255.1,LGIK01000019.1,209767,211446,838,1,tr|A5HZG2|A5HZG2_CLOBH,"ABC transporter, ATP-binding/permease protein",CBO0618,Clostridium botulinum (strain Hall / ATCC 3502 / NCTC 13319 / Type A),1.0,CBO_1771
CBO_1772,GCA-001273255.1-protein1106,GCA_001273255.1,LGIK01000019.1,499790,500491,1106,1,tr|A5I0B0|A5I0B0_CLOBH,Cobalt transport protein,cbiQ,Clostridium botulinum (strain Hall / ATCC 3502 / NCTC 13319 / Type A),0.96,CBO_1772
CBO_1773,GCA-001273255.1-protein2659,GCA_001273255.1,LGIK01000049.1,103978,104502,2659,1,tr|A5I6G2|A5I6G2_CLOBH,Hypoxanthine phosphoribosyltransferase,hpt,Clostridium botulinum (strain Hall / ATCC 3502 / NCTC 13319 / Type A),0.98,CBO_1773
CBO_1774,GCA-001273255.1-protein2215,GCA_001273255.1,LGIK01000043.1,98216,99388,2215,-1,tr|A5I7D1|A5I7D1_CLOBH,Sodium:dicarboxylate symporter,CBO3406,Clostridium botulinum (strain Hall / ATCC 3502 / NCTC 13319 / Type A),1.0,CBO_1774
CBO_1775,GCA-001273255.1-protein742,GCA_001273255.1,LGIK01000019.1,99695,100648,742,1,sp|A5HZ59|CEO_CLOBH,N(5)-(carboxyethyl)ornithine synthase,ceo,Clostridium botulinum (strain Hall / ATCC 3502 / NCTC 13319 / Type A),1.0,CBO_1775
CBO_1776,GCA-007833455.1-protein717,GCA_007833455.1,CP022403.1,863827,865296,717,-1,tr|A5HZN8|A5HZN8_CLOBH,DUF4317 domain-containing protein,CBO0695,Clostridium botulinum (strain Hall / ATCC 3502 / NCTC 13319 / Type A),0.88,CBO_1776
CBO_1777,GCA-001573825.1-protein2338,GCA_001573825.1,LFPL01000004.1,65825,66586,2338,1,tr|A5HZK3|A5HZK3_CLOBH,DUF438 domain-containing protein,CBO0660,Clostridium botulinum (strain Hall / ATCC 3502 / NCTC 13319 / Type A),0.95,CBO_1777
CBO_1778,GCA-001273255.1-protein1784,GCA_001273255.1,LGIK01000028.1,78205,79098,1784,-1,sp|A5I2A9|KHSE_CLOBH,Homoserine kinase,thrB,Clostridium botulinum (strain Hall / ATCC 3502 / NCTC 13319 / Type A),1.0,CBO_1778
CBO_1779,GCA-001273255.1-protein1322,GCA_001273255.1,LGIK01000023.1,14979,15515,1322,1,tr|A5HYR9|A5HYR9_CLOBH,Membrane protein,CBO0375,Clostridium botulinum (strain Hall / ATCC 3502 / NCTC 13319 / Type A),0.99,CBO_1779
CBO_1780,GCA-001273255.1-protein1893,GCA_001273255.1,LGIK01000030.1,48684,49160,1893,1,tr|A5I7X9|A5I7X9_CLOBH,MarR-family transcriptional regulator,CBO3604A,Clostridium botulinum (strain Hall / ATCC 3502 / NCTC 13319 / Type A),1.0,CBO_1780
CBO_1781,GCA-001273255.1-protein1973,GCA_001273255.1,LGIK01000030.1,129713,131386,1973,1,sp|A5I7P9|FTHS_CLOBH,Formate--tetrahydrofolate ligase,fhs,Clostridium botulinum (strain Hall / ATCC 3502 / NCTC 13319 / Type A),1.0,CBO_1781
CBO_1782,GCA-001273255.1-protein605,GCA_001273255.1,LGIK01000017.1,93762,94583,605,1,tr|A5I0K9|A5I0K9_CLOBH,MerR-family transcriptional regulator,CBO1017,Clostridium botulinum (strain Hall / ATCC 3502 / NCTC 13319 / Type A),1.0,CBO_1782
CBO_1783,GCA-001273255.1-protein1046,GCA_001273255.1,LGIK01000019.1,439677,439985,1046,-1,tr|A5I053|A5I053_CLOBH,Transcriptional regulator,CBO0861,Clostridium botulinum (strain Hall / ATCC 3502 / NCTC 13319 / Type A),1.0,CBO_1783
CBO_1784,GCA-001273255.1-protein3474,GCA_001273255.1,LGIK01000054.1,298936,299586,3474,1,tr|A5HYL9|A5HYL9_CLOBH,Lipoprotein,CBO0326,Clostridium botulinum (strain Hall / ATCC 3502 / NCTC 13319 / Type A),1.0,CBO_1784
CBO_1785,GCA-001273255.1-protein267,GCA_001273255.1,LGIK01000012.1,280065,280862,267,-1,tr|A5I3D6|A5I3D6_CLOBH,Exported protein,CBO2011,Clostridium botulinum (strain Hall / ATCC 3502 / NCTC 13319 / Type A),0.99,CBO_1785
CBO_1786,GCA-001273255.1-protein2451,GCA_001273255.1,LGIK01000047.1,24479,25459,2451,1,tr|A5I5L3|A5I5L3_CLOBH,UDP-glucose 4-epimerase,galE,Clostridium botulinum (strain Hall / ATCC 3502 / NCTC 13319 / Type A),1.0,CBO_1786
CBO_1787,GCA-001273255.1-protein1633,GCA_001273255.1,LGIK01000026.1,35163,36212,1633,-1,tr|A5I179|A5I179_CLOBH,Membrane protein,CBO1241,Clostridium botulinum (strain Hall / ATCC 3502 / NCTC 13319 / Type A),1.0,CBO_1787
CBO_1788,GCA-001273255.1-protein230,GCA_001273255.1,LGIK01000012.1,235165,236226,230,-1,tr|A5I3H6|A5I3H6_CLOBH,Glucose-1-phosphate thymidylyltransferase,CBO2055,Clostridium botulinum (strain Hall / ATCC 3502 / NCTC 13319 / Type A),1.0,CBO_1788
CBO_1789,GCA-001273255.1-protein3286,GCA_001273255.1,LGIK01000054.1,90494,90838,3286,1,tr|A5HY29|A5HY29_CLOBH,Uncharacterized protein,CBO0133,Clostridium botulinum (strain Hall / ATCC 3502 / NCTC 13319 / Type A),1.0,CBO_1789
CBO_1790,GCA-001273255.1-protein3213,GCA_001273255.1,LGIK01000054.1,8606,9550,3213,1,tr|A5HXV3|A5HXV3_CLOBH,DNA polymerase III subunit delta',CBO0056,Clostridium botulinum (strain Hall / ATCC 3502 / NCTC 13319 / Type A),1.0,CBO_1790
CBO_1791,GCA-001273255.1-protein3327,GCA_001273255.1,LGIK01000054.1,131653,133809,3327,1,tr|A5HY70|A5HY70_CLOBH,RNA binding protein,CBO0177,Clostridium botulinum (strain Hall / ATCC 3502 / NCTC 13319 / Type A),1.0,CBO_1791
CBO_1792,GCA-001273255.1-protein2727,GCA_001273255.1,LGIK01000005.1,38925,39659,2727,1,tr|A5I614|A5I614_CLOBH,C4-type zinc ribbon domain-containing protein,CBO2934,Clostridium botulinum (strain Hall / ATCC 3502 / NCTC 13319 / Type A),0.99,CBO_1792
CBO_1793,GCA-001273255.1-protein3006,GCA_001273255.1,LGIK01000051.1,101557,101781,3006,1,tr|A5I1P0|A5I1P0_CLOBH,Uncharacterized protein,CBO1408,Clostridium botulinum (strain Hall / ATCC 3502 / NCTC 13319 / Type A),1.0,CBO_1793
CBO_1794,GCA-001273255.1-protein2492,GCA_001273255.1,LGIK01000047.1,74863,75081,2492,1,sp|A5I5H1|CSRA_CLOBH,Translational regulator CsrA,csrA,Clostridium botulinum (strain Hall / ATCC 3502 / NCTC 13319 / Type A),0.97,CBO_1794
CBO_1795,GCA-001273255.1-protein1978,GCA_001273255.1,LGIK01000030.1,134807,136321,1978,1,sp|A5I7P4|SYK_CLOBH,Lysine--tRNA ligase,lysS,Clostridium botulinum (strain Hall / ATCC 3502 / NCTC 13319 / Type A),1.0,CBO_1795
CBO_1796,GCA-001273255.1-protein2204,GCA_001273255.1,LGIK01000043.1,88497,88892,2204,1,tr|A5I7E2|A5I7E2_CLOBH,Glucitol operon activator protein,srlM,Clostridium botulinum (strain Hall / ATCC 3502 / NCTC 13319 / Type A),1.0,CBO_1796
CBO_1797,GCA-001273255.1-protein338,GCA_001273255.1,LGIK01000012.1,366292,368187,338,1,tr|A5I362|A5I362_CLOBH,Signal-transduction and transcriptional-control protein,aorR,Clostridium botulinum (strain Hall / ATCC 3502 / NCTC 13319 / Type A),1.0,CBO_1797
CBO_1798,GCA-001273255.1-protein2282,GCA_001273255.1,LGIK01000043.1,180885,182183,2282,1,tr|A5I762|A5I762_CLOBH,M18 family aminopeptidase,CBO3338,Clostridium botulinum (strain Hall / ATCC 3502 / NCTC 13319 / Type A),1.0,CBO_1798
CBO_1799,GCA-001273255.1-protein1970,GCA_001273255.1,LGIK01000030.1,125688,127094,1970,1,tr|A5I7Q2|A5I7Q2_CLOBH,tRNA(Ile)-lysidine synthase,tilS,Clostridium botulinum (strain Hall / ATCC 3502 / NCTC 13319 / Type A),1.0,CBO_1799
CBO_1800,GCA-001273255.1-protein3238,GCA_001273255.1,LGIK01000054.1,33099,33686,3238,1,tr|A5HXY0|A5HXY0_CLOBH,Exported protein,CBO0083,Clostridium botulinum (strain Hall / ATCC 3502 / NCTC 13319 / Type A),1.0,CBO_1800
CBO_1801,GCA-001273255.1-protein1839,GCA_001273255.1,LGIK01000029.1,27014,27790,1839,-1,tr|A5HXQ8|A5HXQ8_CLOBH,Exported protein,CBO0012,Clostridium botulinum (strain Hall / ATCC 3502 / NCTC 13319 / Type A),1.0,CBO_1801
CBO_1802,GCA-001273255.1-protein2782,GCA_001273255.1,LGIK01000005.1,105816,107057,2782,1,tr|A5I5V8|A5I5V8_CLOBH,Phosphoribosylamine--glycine ligase,purD,Clostridium botulinum (strain Hall / ATCC 3502 / NCTC 13319 / Type A),1.0,CBO_1802
CBO_1803,GCA-001273255.1-protein2320,GCA_001273255.1,LGIK01000043.1,236543,236830,2320,1,sp|A5I724|CH10_CLOBH,Co-chaperonin GroES,groES,Clostridium botulinum (strain Hall / ATCC 3502 / NCTC 13319 / Type A),1.0,CBO_1803
CBO_1804,GCA-001273255.1-protein2151,GCA_001273255.1,LGIK01000043.1,44553,44870,2151,1,sp|A5I7J5|RL24_CLOBH,Large ribosomal subunit protein uL24,rplX,Clostridium botulinum (strain Hall / ATCC 3502 / NCTC 13319 / Type A),1.0,CBO_1804
CBO_1805,GCA-001273255.1-protein713,GCA_001273255.1,LGIK01000019.1,65676,66692,713,1,tr|A5HZ30|A5HZ30_CLOBH,Dipeptidyl peptidase IV,CBO0485,Clostridium botulinum (strain Hall / ATCC 3502 / NCTC 13319 / Type A),1.0,CBO_1805
CBO_1806,GCA-001273255.1-protein2084,GCA_001273255.1,LGIK01000037.1,22619,23881,2084,-1,tr|A5I2S4|A5I2S4_CLOBH,Aminotransferase,CBO1802,Clostridium botulinum (strain Hall / ATCC 3502 / NCTC 13319 / Type A),0.94,CBO_1806
CBO_1807,GCA-001573175.1-protein380,GCA_001573175.1,LFOK01000012.1,63129,63518,380,1,tr|A5I7U9|A5I7U9_CLOBH,AraC-family transcriptional regulator,CBO3575,Clostridium botulinum (strain Hall / ATCC 3502 / NCTC 13319 / Type A),0.92,CBO_1807
CBO_1808,GCA-001273255.1-protein2647,GCA_001273255.1,LGIK01000049.1,92447,93472,2647,-1,sp|A5I6F0|QUEA_CLOBH,S-adenosylmethionine:tRNA ribosyltransferase-isomerase,queA,Clostridium botulinum (strain Hall / ATCC 3502 / NCTC 13319 / Type A),1.0,CBO_1808
CBO_1809,GCA-001273255.1-protein1524,GCA_001273255.1,LGIK01000025.1,160541,161278,1524,-1,tr|A5I541|A5I541_CLOBH,TVP38/TMEM64 family membrane protein,CBO2610,Clostridium botulinum (strain Hall / ATCC 3502 / NCTC 13319 / Type A),1.0,CBO_1809
CBO_1810,GCA-054771325.1-protein520,GCA_054771325.1,NKTI01000001.1,540548,541330,520,-1,tr|A5HZN3|A5HZN3_CLOBH,nitrogenase,nifH,Clostridium botulinum (strain Hall / ATCC 3502 / NCTC 13319 / Type A),0.96,CBO_1810
CBO_1811,GCA-001273255.1-protein3252,GCA_001273255.1,LGIK01000054.1,46273,46911,3252,-1,tr|A5HXZ5|A5HXZ5_CLOBH,MBL fold metallo-hydrolase,CBO0098,Clostridium botulinum (strain Hall / ATCC 3502 / NCTC 13319 / Type A),1.0,CBO_1811
CBO_1812,GCA-002103885.1-protein3579,GCA_002103885.1,MWJA01000007.1,46683,47288,3579,-1,tr|A5I051|A5I051_CLOBH,Acetyltransferase,CBO0859,Clostridium botulinum (strain Hall / ATCC 3502 / NCTC 13319 / Type A),0.63,CBO_1812
CBO_1813,GCA-001273255.1-protein2741,GCA_001273255.1,LGIK01000005.1,54584,55441,2741,1,tr|A5I600|A5I600_CLOBH,ABC transporter ATP-binding protein,CBO2917,Clostridium botulinum (strain Hall / ATCC 3502 / NCTC 13319 / Type A),1.0,CBO_1813
CBO_1814,GCA-001273255.1-protein1776,GCA_001273255.1,LGIK01000028.1,65588,66289,1776,-1,tr|A5I2B6|A5I2B6_CLOBH,Phage protein,CBO1647,Clostridium botulinum (strain Hall / ATCC 3502 / NCTC 13319 / Type A),1.0,CBO_1814
CBO_1815,GCA-001273255.1-protein1086,GCA_001273255.1,LGIK01000019.1,476844,477221,1086,-1,tr|A5I089|A5I089_CLOBH,"L,D-TPase catalytic domain-containing protein",CBO0898,Clostridium botulinum (strain Hall / ATCC 3502 / NCTC 13319 / Type A),1.0,CBO_1815
CBO_1816,GCA-001273255.1-protein2979,GCA_001273255.1,LGIK01000051.1,72384,73562,2979,1,tr|A5I1L3|A5I1L3_CLOBH,"ABC transporter, permease protein",CBO1382,Clostridium botulinum (strain Hall / ATCC 3502 / NCTC 13319 / Type A),1.0,CBO_1816
CBO_1817,GCA-001273255.1-protein3280,GCA_001273255.1,LGIK01000054.1,83260,84501,3280,-1,tr|A5HY23|A5HY23_CLOBH,Cell wall synthesis protein,CBO0127,Clostridium botulinum (strain Hall / ATCC 3502 / NCTC 13319 / Type A),1.0,CBO_1817
CBO_1818,GCA-001273255.1-protein2671,GCA_001273255.1,LGIK01000049.1,115702,116355,2671,-1,tr|A5I6H4|A5I6H4_CLOBH,Phospho-glucosyltransferase,CBO3093,Clostridium botulinum (strain Hall / ATCC 3502 / NCTC 13319 / Type A),1.0,CBO_1818
CBO_1819,GCA-001273255.1-protein1179,GCA_001273255.1,LGIK01000021.1,64195,64467,1179,1,tr|A5I4I5|A5I4I5_CLOBH,PRC-barrel domain-containing protein,CBO2411,Clostridium botulinum (strain Hall / ATCC 3502 / NCTC 13319 / Type A),1.0,CBO_1819
CBO_1820,GCA-001273255.1-protein3372,GCA_001273255.1,LGIK01000054.1,181472,182398,3372,1,tr|A5HYB5|A5HYB5_CLOBH,"ABC transporter, permease protein",CBO0222,Clostridium botulinum (strain Hall / ATCC 3502 / NCTC 13319 / Type A),1.0,CBO_1820
CBO_1821,GCA-001273255.1-protein1062,GCA_001273255.1,LGIK01000019.1,454644,455114,1062,-1,tr|A5I066|A5I066_CLOBH,Membrane membrane protein,CBO0874,Clostridium botulinum (strain Hall / ATCC 3502 / NCTC 13319 / Type A),0.99,CBO_1821
CBO_1822,GCA-001273255.1-protein1885,GCA_001273255.1,LGIK01000030.1,39738,40487,1885,1,tr|A5I7Y7|A5I7Y7_CLOBH,Acyl-acyl carrier protein thioesterase,CBO3614,Clostridium botulinum (strain Hall / ATCC 3502 / NCTC 13319 / Type A),1.0,CBO_1822
CBO_1823,GCA-001273255.1-protein325,GCA_001273255.1,LGIK01000012.1,354714,355385,325,1,tr|A5I375|A5I375_CLOBH,"ABC transporter, ATP-binding protein",CBO1950,Clostridium botulinum (strain Hall / ATCC 3502 / NCTC 13319 / Type A),1.0,CBO_1823
CBO_1824,GCA-001273255.1-protein2993,GCA_001273255.1,LGIK01000051.1,87407,88384,2993,1,tr|A5I1M7|A5I1M7_CLOBH,histidine kinase,CBO1395,Clostridium botulinum (strain Hall / ATCC 3502 / NCTC 13319 / Type A),1.0,CBO_1824
CBO_1825,GCA-001273255.1-protein1654,GCA_001273255.1,LGIK01000026.1,53544,54512,1654,1,tr|A5I157|A5I157_CLOBH,Dipeptidase,CBO1220,Clostridium botulinum (strain Hall / ATCC 3502 / NCTC 13319 / Type A),1.0,CBO_1825
CBO_1826,GCA-001273255.1-protein2938,GCA_001273255.1,LGIK01000051.1,26450,27649,2938,1,tr|A5I1H1|A5I1H1_CLOBH,Probable transporter,CBO1336,Clostridium botulinum (strain Hall / ATCC 3502 / NCTC 13319 / Type A),1.0,CBO_1826
CBO_1827,GCA-001273255.1-protein797,GCA_001273255.1,LGIK01000019.1,163749,164357,797,1,tr|A5HZB8|A5HZB8_CLOBH,Signal peptidase I,CBO0574,Clostridium botulinum (strain Hall / ATCC 3502 / NCTC 13319 / Type A),0.96,CBO_1827
CBO_1828,GCA-001273255.1-protein555,GCA_001273255.1,LGIK01000017.1,38974,39321,555,-1,tr|A5I0F8|A5I0F8_CLOBH,Membrane protein,CBO0965,Clostridium botulinum (strain Hall / ATCC 3502 / NCTC 13319 / Type A),1.0,CBO_1828
CBO_1829,GCA-001273255.1-protein345,GCA_001273255.1,LGIK01000012.1,377413,378156,345,1,tr|A5I354|A5I354_CLOBH,"ABC transporter, ATP-binding protein",CBO1929,Clostridium botulinum (strain Hall / ATCC 3502 / NCTC 13319 / Type A),1.0,CBO_1829
CBO_1830,GCA-001273255.1-protein750,GCA_001273255.1,LGIK01000019.1,108218,108517,750,-1,tr|A5HZ67|A5HZ67_CLOBH,Exported protein,CBO0523,Clostridium botulinum (strain Hall / ATCC 3502 / NCTC 13319 / Type A),1.0,CBO_1830
CBO_1831,GCA-001273255.1-protein351,GCA_001273255.1,LGIK01000012.1,383709,384182,351,1,sp|A5I348|MSRA_CLOBH,Peptide methionine sulfoxide reductase MsrA,msrA,Clostridium botulinum (strain Hall / ATCC 3502 / NCTC 13319 / Type A),1.0,CBO_1831
CBO_1832,GCA-001273255.1-protein1868,GCA_001273255.1,LGIK01000030.1,23059,23928,1868,1,tr|A5I804|A5I804_CLOBH,Mechanosensitive channel protein,CBO3631,Clostridium botulinum (strain Hall / ATCC 3502 / NCTC 13319 / Type A),1.0,CBO_1832
CBO_1833,GCA-001273255.1-protein2036,GCA_001273255.1,LGIK01000036.1,4244,4717,2036,1,tr|A5I1C4|A5I1C4_CLOBH,Xanthine dehydrogenase iron-sulfur binding subunit,xdhC2,Clostridium botulinum (strain Hall / ATCC 3502 / NCTC 13319 / Type A),1.0,CBO_1833
CBO_1834,GCA-001273255.1-protein1599,GCA_001273255.1,LGIK01000026.1,3884,4249,1599,-1,tr|A5I1B3|A5I1B3_CLOBH,Membrane protein,CBO1276,Clostridium botulinum (strain Hall / ATCC 3502 / NCTC 13319 / Type A),1.0,CBO_1834
CBO_1835,GCA-001273255.1-protein673,GCA_001273255.1,LGIK01000019.1,23770,24573,673,-1,tr|A5HYZ0|A5HYZ0_CLOBH,"Binding-protein-dependent transport system,permease component",CBO0446,Clostridium botulinum (strain Hall / ATCC 3502 / NCTC 13319 / Type A),1.0,CBO_1835
CBO_1836,GCA-001273255.1-protein1327,GCA_001273255.1,LGIK01000023.1,19350,20021,1327,-1,tr|A5HYR4|A5HYR4_CLOBH,Ion-translocating oxidoreductase complex subunit G,rnfG,Clostridium botulinum (strain Hall / ATCC 3502 / NCTC 13319 / Type A),0.96,CBO_1836
CBO_1837,GCA-001273255.1-protein2209,GCA_001273255.1,LGIK01000043.1,91907,92554,2209,1,tr|A5I7D7|A5I7D7_CLOBH,Phosphoglucomutase,CBO3412,Clostridium botulinum (strain Hall / ATCC 3502 / NCTC 13319 / Type A),1.0,CBO_1837
CBO_1838,GCA-001273255.1-protein3357,GCA_001273255.1,LGIK01000054.1,164352,165317,3357,1,tr|A5HYA0|A5HYA0_CLOBH,Iron-sulfur cluster-binding protein,CBO0207,Clostridium botulinum (strain Hall / ATCC 3502 / NCTC 13319 / Type A),1.0,CBO_1838
CBO_1839,GCA-001273255.1-protein2883,GCA_001273255.1,LGIK01000050.1,43029,43970,2883,1,tr|A5I4T7|A5I4T7_CLOBH,Methionyl-tRNA formyltransferase,fmt,Clostridium botulinum (strain Hall / ATCC 3502 / NCTC 13319 / Type A),1.0,CBO_1839
CBO_1840,GCA-001273255.1-protein2662,GCA_001273255.1,LGIK01000049.1,107887,108243,2662,-1,tr|A5I6G5|A5I6G5_CLOBH,Stage V sporulation protein AC,spoVAC1,Clostridium botulinum (strain Hall / ATCC 3502 / NCTC 13319 / Type A),1.0,CBO_1840
CBO_1841,GCA-001273255.1-protein1608,GCA_001273255.1,LGIK01000026.1,10237,11448,1608,-1,tr|A5I1A5|A5I1A5_CLOBH,S-methyl-5-thioribose kinase,mtnK,Clostridium botulinum (strain Hall / ATCC 3502 / NCTC 13319 / Type A),1.0,CBO_1841
CBO_1842,GCA-001273255.1-protein672,GCA_001273255.1,LGIK01000019.1,23122,23763,672,-1,tr|A5HYY9|A5HYY9_CLOBH,"Binding-protein-dependent transport system,membrane component",CBO0445,Clostridium botulinum (strain Hall / ATCC 3502 / NCTC 13319 / Type A),0.96,CBO_1842
CBO_1843,GCA-001273255.1-protein2422,GCA_001273255.1,LGIK01000044.1,75489,75767,2422,-1,tr|A5I6R0|A5I6R0_CLOBH,Uncharacterized protein,CBO3181,Clostridium botulinum (strain Hall / ATCC 3502 / NCTC 13319 / Type A),1.0,CBO_1843
CBO_1844,GCA-001273255.1-protein2939,GCA_001273255.1,LGIK01000051.1,27952,28866,2939,1,tr|A5I1H2|A5I1H2_CLOBH,"Iron ABC transporter, substrate-binding protein",CBO1337,Clostridium botulinum (strain Hall / ATCC 3502 / NCTC 13319 / Type A),1.0,CBO_1844
CBO_1845,GCA-001273255.1-protein2167,GCA_001273255.1,LGIK01000043.1,52032,52430,2167,1,sp|A5I7H9|RS11_CLOBH,Small ribosomal subunit protein uS11,rpsK,Clostridium botulinum (strain Hall / ATCC 3502 / NCTC 13319 / Type A),1.0,CBO_1845
CBO_1846,GCA-001273255.1-protein359,GCA_001273255.1,LGIK01000012.1,395043,395420,359,1,tr|A5I340|A5I340_CLOBH,Hit family protein,CBO1916,Clostridium botulinum (strain Hall / ATCC 3502 / NCTC 13319 / Type A),0.96,CBO_1846
CBO_1847,GCA-001273255.1-protein2325,GCA_001273255.1,LGIK01000043.1,243212,244534,2325,1,tr|A5I719|A5I719_CLOBH,Branched-chain amino acid transport system carrier protein,CBO3294,Clostridium botulinum (strain Hall / ATCC 3502 / NCTC 13319 / Type A),1.0,CBO_1847
CBO_1848,GCA-001273255.1-protein2715,GCA_001273255.1,LGIK01000005.1,24654,25544,2715,1,sp|A5I626|ERA_CLOBH,GTPase Era,era,Clostridium botulinum (strain Hall / ATCC 3502 / NCTC 13319 / Type A),1.0,CBO_1848
CBO_1849,GCA-002103805.1-protein2995,GCA_002103805.1,MWIW01000005.1,15354,16076,2995,-1,tr|A5I700|A5I700_CLOBH,Pseudouridine synthase,rluB,Clostridium botulinum (strain Hall / ATCC 3502 / NCTC 13319 / Type A),0.99,CBO_1849
CBO_1850,GCA-001273255.1-protein358,GCA_001273255.1,LGIK01000012.1,393127,394530,358,-1,tr|A5I341|A5I341_CLOBH,Glutamate decarboxylase,gadA,Clostridium botulinum (strain Hall / ATCC 3502 / NCTC 13319 / Type A),1.0,CBO_1850
CBO_1851,GCA-001273255.1-protein3602,GCA_001273255.1,LGIK01000009.1,34810,35766,3602,-1,tr|A5I0S6|A5I0S6_CLOBH,"D-methionine ABC transporter,ATP-binding protein",metN1,Clostridium botulinum (strain Hall / ATCC 3502 / NCTC 13319 / Type A),0.99,CBO_1851
CBO_1852,GCA-001273255.1-protein2395,GCA_001273255.1,LGIK01000044.1,44235,44990,2395,1,tr|A5I6N3|A5I6N3_CLOBH,4-hydroxy-tetrahydrodipicolinate reductase,dapB,Clostridium botulinum (strain Hall / ATCC 3502 / NCTC 13319 / Type A),1.0,CBO_1852
CBO_1853,GCA-001273255.1-protein3194,GCA_001273255.1,LGIK01000051.1,302568,303569,3194,1,tr|A5I274|A5I274_CLOBH,LacI-family transcriptional regulator,CBO1601,Clostridium botulinum (strain Hall / ATCC 3502 / NCTC 13319 / Type A),1.0,CBO_1853
CBO_1854,GCA-001273255.1-protein2574,GCA_001273255.1,LGIK01000049.1,28162,28959,2574,-1,tr|A5I677|A5I677_CLOBH,Septum site-determining protein MinD,minD,Clostridium botulinum (strain Hall / ATCC 3502 / NCTC 13319 / Type A),1.0,CBO_1854
CBO_1855,GCA-001273255.1-protein1819,GCA_001273255.1,LGIK01000029.1,6429,7025,1819,-1,sp|A5HXS8|RECR_CLOBH,Recombination protein RecR,recR,Clostridium botulinum (strain Hall / ATCC 3502 / NCTC 13319 / Type A),1.0,CBO_1855
CBO_1856,GCA-001573175.1-protein3366,GCA_001573175.1,LFOK01000007.1,327138,327509,3366,-1,tr|A5I145|A5I145_CLOBH,Transporter,CBO1208,Clostridium botulinum (strain Hall / ATCC 3502 / NCTC 13319 / Type A),0.99,CBO_1856
CBO_1857,GCA-001273255.1-protein1693,GCA_001273255.1,LGIK01000026.1,101775,102212,1693,-1,tr|A5I117|A5I117_CLOBH,Transcriptional regulator,CBO1178,Clostridium botulinum (strain Hall / ATCC 3502 / NCTC 13319 / Type A),1.0,CBO_1857
CBO_1858,GCA-001273255.1-protein600,GCA_001273255.1,LGIK01000017.1,88774,89235,600,1,tr|A5I0K4|A5I0K4_CLOBH,MarR-family transcriptional regulator,CBO1012,Clostridium botulinum (strain Hall / ATCC 3502 / NCTC 13319 / Type A),0.99,CBO_1858
CBO_1859,GCA-001273255.1-protein2685,GCA_001273255.1,LGIK01000049.1,132799,133908,2685,-1,tr|A5I6I8|A5I6I8_CLOBH,Lipopolysaccharide biosynthesis oxidoreductase,CBO3107,Clostridium botulinum (strain Hall / ATCC 3502 / NCTC 13319 / Type A),1.0,CBO_1859
CBO_1860,GCA-001273255.1-protein2790,GCA_001273255.1,LGIK01000005.1,117838,118302,2790,1,sp|A5I5U9|RISB_CLOBH,"6,7-dimethyl-8-ribityllumazine synthase",ribH,Clostridium botulinum (strain Hall / ATCC 3502 / NCTC 13319 / Type A),1.0,CBO_1860
CBO_1861,GCA-001273255.1-protein3407,GCA_001273255.1,LGIK01000054.1,222176,223105,3407,1,tr|A5HYE9|A5HYE9_CLOBH,Exonuclease,CBO0256,Clostridium botulinum (strain Hall / ATCC 3502 / NCTC 13319 / Type A),1.0,CBO_1861
CBO_1862,GCA-001273255.1-protein2103,GCA_001273255.1,LGIK01000004.1,479,1222,2103,1,tr|A5HXU3|A5HXU3_CLOBH,Peptidyl-prolyl cis-trans isomerase,CBO0047,Clostridium botulinum (strain Hall / ATCC 3502 / NCTC 13319 / Type A),1.0,CBO_1862
CBO_1863,GCA-001273255.1-protein2108,GCA_001273255.1,LGIK01000043.1,4770,5813,2108,1,tr|A5I7N7|A5I7N7_CLOBH,Protein-arginine kinase,mcsB,Clostridium botulinum (strain Hall / ATCC 3502 / NCTC 13319 / Type A),1.0,CBO_1863
CBO_1864,GCA-001273255.1-protein711,GCA_001273255.1,LGIK01000019.1,63018,64394,711,1,tr|A5HZ28|A5HZ28_CLOBH,PIN domain-containing protein,CBO0483,Clostridium botulinum (strain Hall / ATCC 3502 / NCTC 13319 / Type A),1.0,CBO_1864
CBO_1865,GCA-001273255.1-protein3012,GCA_001273255.1,LGIK01000051.1,107791,109803,3012,1,tr|A5I1P6|A5I1P6_CLOBH,DNA 3'-5' helicase,CBO1414,Clostridium botulinum (strain Hall / ATCC 3502 / NCTC 13319 / Type A),1.0,CBO_1865
CBO_1866,GCA-001273255.1-protein1545,GCA_001273255.1,LGIK01000025.1,180194,180670,1545,-1,tr|A5I561|A5I561_CLOBH,V-type sodium ATP synthase subunit K,ntpK,Clostridium botulinum (strain Hall / ATCC 3502 / NCTC 13319 / Type A),1.0,CBO_1866
CBO_1867,GCA-001273255.1-protein2336,GCA_001273255.1,LGIK01000043.1,257784,258788,2336,-1,tr|A5I708|A5I708_CLOBH,D-lactate dehydrogenase,ldhA1,Clostridium botulinum (strain Hall / ATCC 3502 / NCTC 13319 / Type A),1.0,CBO_1867
CBO_1868,GCA-001273255.1-protein619,GCA_001273255.1,LGIK01000017.1,105703,107859,619,1,tr|A5I0M2|A5I0M2_CLOBH,Ferrous iron transport protein B,feoB,Clostridium botulinum (strain Hall / ATCC 3502 / NCTC 13319 / Type A),1.0,CBO_1868
CBO_1869,GCA-001573485.1-protein1028,GCA_001573485.1,LFOX01000017.1,73112,74215,1028,-1,tr|A5HY20|A5HY20_CLOBH,Spore germination protein,CBO0124,Clostridium botulinum (strain Hall / ATCC 3502 / NCTC 13319 / Type A),0.98,CBO_1869
CBO_1870,GCA-001273255.1-protein539,GCA_001273255.1,LGIK01000017.1,24855,25586,539,1,tr|A5I0E2|A5I0E2_CLOBH,Precorrin-3b C17-methyltransferase,cbiH,Clostridium botulinum (strain Hall / ATCC 3502 / NCTC 13319 / Type A),1.0,CBO_1870
CBO_1871,GCA-001573385.1-protein3097,GCA_001573385.1,LFOT01000006.1,41496,42182,3097,1,tr|A5HYI8|A5HYI8_CLOBH,Stage 0 sporulation protein A homolog,cssR,Clostridium botulinum (strain Hall / ATCC 3502 / NCTC 13319 / Type A),0.98,CBO_1871
CBO_1872,GCA-001273255.1-protein2453,GCA_001273255.1,LGIK01000047.1,26865,27758,2453,-1,tr|A5I5L1|A5I5L1_CLOBH,Probable polysaccharide deacetylase,CBO2775,Clostridium botulinum (strain Hall / ATCC 3502 / NCTC 13319 / Type A),1.0,CBO_1872
CBO_1873,GCA-001573665.1-protein2183,GCA_001573665.1,LFPF01000031.1,17712,18236,2183,1,tr|A5HXZ2|A5HXZ2_CLOBH,Anaerobic ribonucleoside-triphosphate reductase-activating protein,nrdG,Clostridium botulinum (strain Hall / ATCC 3502 / NCTC 13319 / Type A),0.98,CBO_1873
CBO_1874,GCA-001273255.1-protein398,GCA_001273255.1,LGIK01000012.1,425092,426795,398,1,tr|A5I301|A5I301_CLOBH,DNA repair protein RecN,recN,Clostridium botulinum (strain Hall / ATCC 3502 / NCTC 13319 / Type A),1.0,CBO_1874
CBO_1875,GCA-001273255.1-protein2092,GCA_001273255.1,LGIK01000037.1,34436,34909,2092,1,tr|A5I2R6|A5I2R6_CLOBH,Uncharacterized protein,CBO1794,Clostridium botulinum (strain Hall / ATCC 3502 / NCTC 13319 / Type A),0.74,CBO_1875
CBO_1876,GCA-001273255.1-protein165,GCA_001273255.1,LGIK01000012.1,169211,170323,165,1,tr|A5I3P5|A5I3P5_CLOBH,Membrane protein,CBO2124,Clostridium botulinum (strain Hall / ATCC 3502 / NCTC 13319 / Type A),0.99,CBO_1876
CBO_1877,GCA-001273255.1-protein3274,GCA_001273255.1,LGIK01000054.1,77385,78227,3274,1,sp|A5HY17|ISPE_CLOBH,4-diphosphocytidyl-2-C-methyl-D-erythritol kinase,ispE,Clostridium botulinum (strain Hall / ATCC 3502 / NCTC 13319 / Type A),1.0,CBO_1877
CBO_1878,GCA-001273255.1-protein1584,GCA_001273255.1,LGIK01000025.1,218175,219029,1584,-1,tr|A5I5A0|A5I5A0_CLOBH,Flagellin,CBO2666,Clostridium botulinum (strain Hall / ATCC 3502 / NCTC 13319 / Type A),0.98,CBO_1878
CBO_1879,GCA-001573255.1-protein3007,GCA_001573255.1,LFON01000004.1,272227,275952,3007,-1,sp|A5I7L4|RPOB_CLOBH,DNA-directed RNA polymerase subunit beta,rpoB,Clostridium botulinum (strain Hall / ATCC 3502 / NCTC 13319 / Type A),0.98,CBO_1879
CBO_1880,GCA-001273255.1-protein2065,GCA_001273255.1,LGIK01000037.1,886,1722,2065,1,tr|A5I2U3|A5I2U3_CLOBH,Carbon-nitrogen hydrolase,CBO1821,Clostridium botulinum (strain Hall / ATCC 3502 / NCTC 13319 / Type A),1.0,CBO_1880
CBO_1881,GCA-001273255.1-protein2140,GCA_001273255.1,LGIK01000043.1,39332,39961,2140,1,sp|A5I7K6|RL3_CLOBH,Large ribosomal subunit protein uL3,rplC,Clostridium botulinum (strain Hall / ATCC 3502 / NCTC 13319 / Type A),1.0,CBO_1881
CBO_1882,GCA-001273255.1-protein685,GCA_001273255.1,LGIK01000019.1,36175,36876,685,1,tr|A5HZ01|A5HZ01_CLOBH,"Branched-chain amino acid transport system,ATP-binding protein",CBO0457,Clostridium botulinum (strain Hall / ATCC 3502 / NCTC 13319 / Type A),1.0,CBO_1882
CBO_1883,GCA-001273255.1-protein3556,GCA_001273255.1,LGIK01000007.1,22523,22972,3556,1,sp|A5HYU6|RNH_CLOBH,Ribonuclease H,rnhA,Clostridium botulinum (strain Hall / ATCC 3502 / NCTC 13319 / Type A),1.0,CBO_1883
CBO_1884,GCA-001573295.1-protein2344,GCA_001573295.1,LFRD01000038.1,30763,31755,2344,-1,tr|A5I6V1|A5I6V1_CLOBH,Secreted protein,CBO3222,Clostridium botulinum (strain Hall / ATCC 3502 / NCTC 13319 / Type A),0.92,CBO_1884
CBO_1885,GCA-001273255.1-protein2861,GCA_001273255.1,LGIK01000050.1,19224,19643,2861,1,sp|A5I4W1|NRDR_CLOBH,Transcriptional repressor NrdR,nrdR,Clostridium botulinum (strain Hall / ATCC 3502 / NCTC 13319 / Type A),0.99,CBO_1885
CBO_1886,GCA-001273255.1-protein830,GCA_001273255.1,LGIK01000019.1,199844,200536,830,1,tr|A5HZF4|A5HZF4_CLOBH,Stage 0 sporulation protein A homolog,CBO0610,Clostridium botulinum (strain Hall / ATCC 3502 / NCTC 13319 / Type A),1.0,CBO_1886
CBO_1887,GCA-001273255.1-protein741,GCA_001273255.1,LGIK01000019.1,98820,99440,741,-1,tr|A5HZ58|A5HZ58_CLOBH,GntR-family transcriptional regulator,CBO0513,Clostridium botulinum (strain Hall / ATCC 3502 / NCTC 13319 / Type A),1.0,CBO_1887
CBO_1888,GCA-001273255.1-protein2880,GCA_001273255.1,LGIK01000050.1,38809,39996,2880,1,tr|A5I4U0|A5I4U0_CLOBH,Coenzyme A biosynthesis bifunctional protein CoaBC,coaBC,Clostridium botulinum (strain Hall / ATCC 3502 / NCTC 13319 / Type A),1.0,CBO_1888
CBO_1889,GCA-001273255.1-protein2701,GCA_001273255.1,LGIK01000005.1,11620,13491,2701,1,sp|A5I640|DNAK_CLOBH,Chaperone protein DnaK,dnaK,Clostridium botulinum (strain Hall / ATCC 3502 / NCTC 13319 / Type A),1.0,CBO_1889
CBO_1890,GCA-001273255.1-protein273,GCA_001273255.1,LGIK01000012.1,288422,288967,273,1,tr|A5I3D0|A5I3D0_CLOBH,Phosphoribosyltransferase,CBO2005,Clostridium botulinum (strain Hall / ATCC 3502 / NCTC 13319 / Type A),0.99,CBO_1890
CBO_1891,GCA-001273255.1-protein1691,GCA_001273255.1,LGIK01000026.1,99804,100472,1691,-1,tr|A5I119|A5I119_CLOBH,"Cystine ABC transporter, permease protein",CBO1180,Clostridium botulinum (strain Hall / ATCC 3502 / NCTC 13319 / Type A),1.0,CBO_1891
CBO_1892,GCA-001273255.1-protein768,GCA_001273255.1,LGIK01000019.1,131641,132090,768,-1,tr|A5HZ87|A5HZ87_CLOBH,Membrane protein,CBO0543,Clostridium botulinum (strain Hall / ATCC 3502 / NCTC 13319 / Type A),1.0,CBO_1892
CBO_1893,GCA-001273255.1-protein2311,GCA_001273255.1,LGIK01000043.1,225284,226048,2311,1,tr|A5I733|A5I733_CLOBH,Stage 0 sporulation protein A homolog,CBO3308,Clostridium botulinum (strain Hall / ATCC 3502 / NCTC 13319 / Type A),1.0,CBO_1893
CBO_1894,GCA-001273255.1-protein3326,GCA_001273255.1,LGIK01000054.1,130181,131545,3326,-1,tr|A5HY69|A5HY69_CLOBH,Aminopeptidase,CBO0176,Clostridium botulinum (strain Hall / ATCC 3502 / NCTC 13319 / Type A),1.0,CBO_1894
CBO_1895,GCA-001273255.1-protein2494,GCA_001273255.1,LGIK01000047.1,75510,75809,2494,1,tr|A5I5G9|A5I5G9_CLOBH,Uncharacterized protein,CBO2735,Clostridium botulinum (strain Hall / ATCC 3502 / NCTC 13319 / Type A),0.97,CBO_1895
CBO_1896,GCA-001273255.1-protein177,GCA_001273255.1,LGIK01000012.1,179532,179795,177,1,tr|A5I3N2|A5I3N2_CLOBH,Ethanolamine utilization protein,eutN,Clostridium botulinum (strain Hall / ATCC 3502 / NCTC 13319 / Type A),1.0,CBO_1896
CBO_1897,GCA-001273255.1-protein2194,GCA_001273255.1,LGIK01000043.1,78976,79887,2194,1,tr|A5I7F2|A5I7F2_CLOBH,Phosphate butyryltransferase,ptb2,Clostridium botulinum (strain Hall / ATCC 3502 / NCTC 13319 / Type A),1.0,CBO_1897
CBO_1898,GCA-001273255.1-protein1817,GCA_001273255.1,LGIK01000029.1,5699,5959,1817,-1,tr|A5HXT0|A5HXT0_CLOBH,Sigma-K factor processing regulatory protein,bofA,Clostridium botulinum (strain Hall / ATCC 3502 / NCTC 13319 / Type A),1.0,CBO_1898
CBO_1899,GCA-001273255.1-protein171,GCA_001273255.1,LGIK01000012.1,175804,176757,171,1,tr|A5I3N8|A5I3N8_CLOBH,Choline trimethylamine-lyase activating enzyme,cutD,Clostridium botulinum (strain Hall / ATCC 3502 / NCTC 13319 / Type A),1.0,CBO_1899
CBO_1900,GCA-001273255.1-protein3064,GCA_001273255.1,LGIK01000051.1,165409,165759,3064,1,tr|A5I1U2|A5I1U2_CLOBH,Membrane protein (Small basic protein),sbp,Clostridium botulinum (strain Hall / ATCC 3502 / NCTC 13319 / Type A),1.0,CBO_1900
CBO_1901,GCA-001273255.1-protein474,GCA_001273255.1,LGIK01000015.1,15911,16807,474,1,tr|A5I6W6|A5I6W6_CLOBH,Dihydroorotate dehydrogenase,pyrD,Clostridium botulinum (strain Hall / ATCC 3502 / NCTC 13319 / Type A),1.0,CBO_1901
CBO_1902,GCA-001273255.1-protein1173,GCA_001273255.1,LGIK01000021.1,57109,58071,1173,1,tr|A5I4J1|A5I4J1_CLOBH,DHH family protein,CBO2417,Clostridium botulinum (strain Hall / ATCC 3502 / NCTC 13319 / Type A),1.0,CBO_1902
CBO_1903,GCA-001273255.1-protein1223,GCA_001273255.1,LGIK01000021.1,105486,106193,1223,1,tr|A5I454|A5I454_CLOBH,Stage 0 sporulation protein A homolog,CBO2285,Clostridium botulinum (strain Hall / ATCC 3502 / NCTC 13319 / Type A),1.0,CBO_1903
CBO_1904,GCA-001273255.1-protein426,GCA_001273255.1,LGIK01000012.1,456208,457395,426,1,tr|A5I2X3|A5I2X3_CLOBH,Na(+)/H(+) antiporter,CBO1850,Clostridium botulinum (strain Hall / ATCC 3502 / NCTC 13319 / Type A),1.0,CBO_1904
CBO_1905,GCA-001273255.1-protein2444,GCA_001273255.1,LGIK01000047.1,14791,16287,2444,1,sp|A5I5M0|GLPK_CLOBH,Glycerol kinase,glpK,Clostridium botulinum (strain Hall / ATCC 3502 / NCTC 13319 / Type A),1.0,CBO_1905
CBO_1906,GCA-001273255.1-protein1174,GCA_001273255.1,LGIK01000021.1,58072,58941,1174,1,tr|A5I4J0|A5I4J0_CLOBH,tRNA pseudouridine synthase B,truB,Clostridium botulinum (strain Hall / ATCC 3502 / NCTC 13319 / Type A),1.0,CBO_1906
CBO_1907,GCA-001273255.1-protein3603,GCA_001273255.1,LGIK01000009.1,36044,36511,3603,-1,,,,,,CBO_1907
CBO_1908,GCA-001273255.1-protein2142,GCA_001273255.1,LGIK01000043.1,40606,40899,2142,1,sp|A5I7K4|RL23_CLOBH,Large ribosomal subunit protein uL23,rplW,Clostridium botulinum (strain Hall / ATCC 3502 / NCTC 13319 / Type A),1.0,CBO_1908
CBO_1909,GCA-001273255.1-protein1975,GCA_001273255.1,LGIK01000030.1,132327,133298,1975,1,tr|A5I7P7|A5I7P7_CLOBH,tRNA-dihydrouridine synthase,CBO3521,Clostridium botulinum (strain Hall / ATCC 3502 / NCTC 13319 / Type A),1.0,CBO_1909
CBO_1910,GCA-001273255.1-protein687,GCA_001273255.1,LGIK01000019.1,38083,38841,687,1,tr|A5HZ03|A5HZ03_CLOBH,Membrane protein,CBO0459,Clostridium botulinum (strain Hall / ATCC 3502 / NCTC 13319 / Type A),1.0,CBO_1910
CBO_1911,GCA-001273255.1-protein1946,GCA_001273255.1,LGIK01000030.1,98855,99508,1946,-1,tr|A5I7S6|A5I7S6_CLOBH,Haloacid dehalogenase-like hydrolase,CBO3551,Clostridium botulinum (strain Hall / ATCC 3502 / NCTC 13319 / Type A),0.98,CBO_1911
CBO_1912,GCA-001273255.1-protein1940,GCA_001273255.1,LGIK01000030.1,93100,93996,1940,-1,tr|A5I7T2|A5I7T2_CLOBH,Radical SAM superfamily protein,CBO3557,Clostridium botulinum (strain Hall / ATCC 3502 / NCTC 13319 / Type A),1.0,CBO_1912
CBO_1913,GCA-001273255.1-protein2224,GCA_001273255.1,LGIK01000043.1,107578,108738,2224,1,tr|A5I7C2|A5I7C2_CLOBH,Alanine racemase,alr,Clostridium botulinum (strain Hall / ATCC 3502 / NCTC 13319 / Type A),1.0,CBO_1913
CBO_1914,GCA-001273255.1-protein2541,GCA_001273255.1,LGIK01000047.1,123546,124223,2541,1,tr|A5I5C0|A5I5C0_CLOBH,Sugar transferase,CBO2686,Clostridium botulinum (strain Hall / ATCC 3502 / NCTC 13319 / Type A),0.99,CBO_1914
CBO_1915,GCA-016990285.1-protein2558,GCA_016990285.1,NQVS01000003.1,30780,32516,2558,-1,tr|A5HYI4|A5HYI4_CLOBH,Probable dehydratase,CBO0291,Clostridium botulinum (strain Hall / ATCC 3502 / NCTC 13319 / Type A),0.98,CBO_1915
CBO_1916,GCA-016989775.1-protein491,GCA_016989775.1,NKSK01000001.1,509231,510013,491,-1,tr|A5HZY3|A5HZY3_CLOBH,Membrane protein,CBO0790,Clostridium botulinum (strain Hall / ATCC 3502 / NCTC 13319 / Type A),0.99,CBO_1916
CBO_1917,GCA-001273255.1-protein2392,GCA_001273255.1,LGIK01000044.1,39952,41634,2392,-1,tr|A5I6N0|A5I6N0_CLOBH,"ABC transporter, oligopeptide-binding protein",oppA,Clostridium botulinum (strain Hall / ATCC 3502 / NCTC 13319 / Type A),1.0,CBO_1917
CBO_1918,GCA-001273255.1-protein1616,GCA_001273255.1,LGIK01000026.1,18944,19885,1616,-1,tr|A5I198|A5I198_CLOBH,Thioredoxin reductase,trxB2,Clostridium botulinum (strain Hall / ATCC 3502 / NCTC 13319 / Type A),1.0,CBO_1918
CBO_1919,GCA-001273255.1-protein3438,GCA_001273255.1,LGIK01000054.1,255856,256617,3438,1,tr|A5HYI0|A5HYI0_CLOBH,Transcriptional regulator of phosphosugar synthesis,CBO0287,Clostridium botulinum (strain Hall / ATCC 3502 / NCTC 13319 / Type A),1.0,CBO_1919
CBO_1920,GCA-001273255.1-protein2543,GCA_001273255.1,LGIK01000047.1,125428,126198,2543,1,tr|A5I5B8|A5I5B8_CLOBH,Surface polysaccharide glycosyltransferase,CBO2684,Clostridium botulinum (strain Hall / ATCC 3502 / NCTC 13319 / Type A),0.97,CBO_1920
CBO_1921,GCA-001273255.1-protein3188,GCA_001273255.1,LGIK01000051.1,292139,295432,3188,1,tr|A5I268|A5I268_CLOBH,Helicase,CBO1595,Clostridium botulinum (strain Hall / ATCC 3502 / NCTC 13319 / Type A),1.0,CBO_1921
CBO_1922,GCA-001273255.1-protein2455,GCA_001273255.1,LGIK01000047.1,28475,28825,2455,-1,tr|A5I5K9|A5I5K9_CLOBH,Nitrogen regulatory protein P-II,CBO2773,Clostridium botulinum (strain Hall / ATCC 3502 / NCTC 13319 / Type A),1.0,CBO_1922
CBO_1923,GCA-001273255.1-protein2887,GCA_001273255.1,LGIK01000050.1,47412,48161,2887,1,tr|A5I4T3|A5I4T3_CLOBH,protein-serine/threonine phosphatase,CBO2505,Clostridium botulinum (strain Hall / ATCC 3502 / NCTC 13319 / Type A),1.0,CBO_1923
CBO_1924,GCA-001273255.1-protein1463,GCA_001273255.1,LGIK01000025.1,105215,105484,1463,-1,tr|A5I529|A5I529_CLOBH,Metal-sensitive transcriptional regulator,CBO2598,Clostridium botulinum (strain Hall / ATCC 3502 / NCTC 13319 / Type A),1.0,CBO_1924
CBO_1925,GCA-001273255.1-protein3563,GCA_001273255.1,LGIK01000007.1,31513,32241,3563,-1,tr|A5HYV4|A5HYV4_CLOBH,Lipid II isoglutaminyl synthase (glutamine-hydrolyzing) subunit GatD,gatD,Clostridium botulinum (strain Hall / ATCC 3502 / NCTC 13319 / Type A),1.0,CBO_1925
CBO_1926,GCA-001273255.1-protein2046,GCA_001273255.1,LGIK01000036.1,17021,18283,2046,1,tr|A5I1D4|A5I1D4_CLOBH,Membrane-associated glycosyl transferase,CBO1297,Clostridium botulinum (strain Hall / ATCC 3502 / NCTC 13319 / Type A),1.0,CBO_1926
CBO_1927,GCA-001273255.1-protein1331,GCA_001273255.1,LGIK01000023.1,25048,26562,1331,-1,tr|A5HYR0|A5HYR0_CLOBH,histidine kinase,CBO0366,Clostridium botulinum (strain Hall / ATCC 3502 / NCTC 13319 / Type A),0.98,CBO_1927
CBO_1928,GCA-001273255.1-protein2152,GCA_001273255.1,LGIK01000043.1,44893,45435,2152,1,sp|A5I7J4|RL5_CLOBH,Large ribosomal subunit protein uL5,rplE,Clostridium botulinum (strain Hall / ATCC 3502 / NCTC 13319 / Type A),1.0,CBO_1928
CBO_1929,GCA-001273255.1-protein873,GCA_001273255.1,LGIK01000019.1,248965,250197,873,1,tr|A5HZK1|A5HZK1_CLOBH,Anaerobic nitric oxide reductase flavorubredoxin,norV,Clostridium botulinum (strain Hall / ATCC 3502 / NCTC 13319 / Type A),0.97,CBO_1929
CBO_1930,GCA-001273255.1-protein290,GCA_001273255.1,LGIK01000012.1,308377,309942,290,-1,tr|A5I3B1|A5I3B1_CLOBH,DNA mismatch repair protein,CBO1986,Clostridium botulinum (strain Hall / ATCC 3502 / NCTC 13319 / Type A),1.0,CBO_1930
CBO_1931,GCA-001273255.1-protein2698,GCA_001273255.1,LGIK01000005.1,8520,9662,2698,1,tr|A5I643|A5I643_CLOBH,Heme chaperone HemW,hemN,Clostridium botulinum (strain Hall / ATCC 3502 / NCTC 13319 / Type A),1.0,CBO_1931
CBO_1932,GCA-001573485.1-protein527,GCA_001573485.1,LFOX01000012.1,42089,43609,527,1,tr|A5I7V2|A5I7V2_CLOBH,YjjI family glycine radical enzyme,CBO3578,Clostridium botulinum (strain Hall / ATCC 3502 / NCTC 13319 / Type A),0.97,CBO_1932
CBO_1933,GCA-001273255.1-protein2269,GCA_001273255.1,LGIK01000043.1,162914,163819,2269,1,tr|A5I776|A5I776_CLOBH,"ABC transporter, ATP-binding protein",CBO3351,Clostridium botulinum (strain Hall / ATCC 3502 / NCTC 13319 / Type A),1.0,CBO_1933
CBO_1934,GCA-001273255.1-protein308,GCA_001273255.1,LGIK01000012.1,330011,331450,308,1,tr|A5I392|A5I392_CLOBH,histidine kinase,CBO1967,Clostridium botulinum (strain Hall / ATCC 3502 / NCTC 13319 / Type A),1.0,CBO_1934
CBO_1935,GCA-001273255.1-protein1789,GCA_001273255.1,LGIK01000028.1,84479,85474,1789,-1,tr|A5I2A5|A5I2A5_CLOBH,lipoate--protein ligase,lplA2,Clostridium botulinum (strain Hall / ATCC 3502 / NCTC 13319 / Type A),1.0,CBO_1935
CBO_1936,GCA-001273255.1-protein3240,GCA_001273255.1,LGIK01000054.1,34856,35917,3240,1,tr|A5HXY2|A5HXY2_CLOBH,Exported protein,CBO0085,Clostridium botulinum (strain Hall / ATCC 3502 / NCTC 13319 / Type A),0.99,CBO_1936
CBO_1937,GCA-001273255.1-protein693,GCA_001273255.1,LGIK01000019.1,44000,44893,693,1,tr|A5HZ09|A5HZ09_CLOBH,Nudix hydrolase domain-containing protein,CBO0465,Clostridium botulinum (strain Hall / ATCC 3502 / NCTC 13319 / Type A),1.0,CBO_1937
CBO_1938,GCA-001273255.1-protein1075,GCA_001273255.1,LGIK01000019.1,467294,468154,1075,1,tr|A5I077|A5I077_CLOBH,Transcriptional regulator,CBO0885,Clostridium botulinum (strain Hall / ATCC 3502 / NCTC 13319 / Type A),1.0,CBO_1938
CBO_1939,GCA-001273255.1-protein2942,GCA_001273255.1,LGIK01000051.1,30871,31206,2942,-1,tr|A5I1H5|A5I1H5_CLOBH,Uncharacterized protein,CBO1340,Clostridium botulinum (strain Hall / ATCC 3502 / NCTC 13319 / Type A),1.0,CBO_1939
CBO_1940,GCA-001273255.1-protein2088,GCA_001273255.1,LGIK01000037.1,30674,31609,2088,1,sp|A5I2S0|MIAA_CLOBH,tRNA dimethylallyltransferase,miaA,Clostridium botulinum (strain Hall / ATCC 3502 / NCTC 13319 / Type A),0.99,CBO_1940
CBO_1941,GCA-001273255.1-protein2198,GCA_001273255.1,LGIK01000043.1,82238,83308,2198,1,tr|A5I7E8|A5I7E8_CLOBH,Subunit of pyruvate:flavodoxin oxidoreductase,CBO3423,Clostridium botulinum (strain Hall / ATCC 3502 / NCTC 13319 / Type A),1.0,CBO_1941
CBO_1942,GCA-016989775.1-protein3267,GCA_016989775.1,NKSK01000008.1,18803,19909,3267,1,tr|A5I6H7|A5I6H7_CLOBH,Glycosyltransferase,CBO3096,Clostridium botulinum (strain Hall / ATCC 3502 / NCTC 13319 / Type A),0.87,CBO_1942
CBO_1943,GCA-001573235.1-protein2271,GCA_001573235.1,LFOL01000039.1,23338,25368,2271,1,tr|A5HZ53|A5HZ53_CLOBH,Methyl-accepting chemotaxis protein,CBO0508,Clostridium botulinum (strain Hall / ATCC 3502 / NCTC 13319 / Type A),0.98,CBO_1943
CBO_1944,GCA-001273255.1-protein1960,GCA_001273255.1,LGIK01000030.1,115838,116389,1960,1,tr|A5I7R2|A5I7R2_CLOBH,Stage V sporulation protein T,spoVT,Clostridium botulinum (strain Hall / ATCC 3502 / NCTC 13319 / Type A),1.0,CBO_1944
CBO_1945,GCA-001273255.1-protein329,GCA_001273255.1,LGIK01000012.1,358330,359181,329,1,tr|A5I371|A5I371_CLOBH,Extracellular tungstate binding protein,tupA,Clostridium botulinum (strain Hall / ATCC 3502 / NCTC 13319 / Type A),1.0,CBO_1945
CBO_1946,GCA-001273255.1-protein1944,GCA_001273255.1,LGIK01000030.1,97396,98115,1944,1,tr|A5I7S8|A5I7S8_CLOBH,Probable 2-phosphosulfolactate phosphatase,comB,Clostridium botulinum (strain Hall / ATCC 3502 / NCTC 13319 / Type A),0.93,CBO_1946
CBO_1947,GCA-054634935.1-protein1052,GCA_054634935.1,NKRL01000002.1,339158,339616,1052,-1,tr|A5I5P0|A5I5P0_CLOBH,Exported protein,CBO2804,Clostridium botulinum (strain Hall / ATCC 3502 / NCTC 13319 / Type A),0.93,CBO_1947
CBO_1948,GCA-001273255.1-protein2902,GCA_001273255.1,LGIK01000050.1,62650,64404,2902,1,tr|A5I4R7|A5I4R7_CLOBH,Sigma-54-dependent transcriptional activator,prdR,Clostridium botulinum (strain Hall / ATCC 3502 / NCTC 13319 / Type A),1.0,CBO_1948
CBO_1949,GCA-001273255.1-protein492,GCA_001273255.1,LGIK01000015.1,34952,35521,492,1,tr|A5I6U7|A5I6U7_CLOBH,Large ribosomal subunit protein bL25,rplY,Clostridium botulinum (strain Hall / ATCC 3502 / NCTC 13319 / Type A),1.0,CBO_1949
CBO_1950,GCA-001273255.1-protein860,GCA_001273255.1,LGIK01000019.1,232004,232441,860,1,tr|A5HZI8|A5HZI8_CLOBH,MarR-family transcriptional regulator,CBO0645,Clostridium botulinum (strain Hall / ATCC 3502 / NCTC 13319 / Type A),1.0,CBO_1950
CBO_1951,GCA-001273255.1-protein2136,GCA_001273255.1,LGIK01000043.1,34699,35169,2136,1,sp|A5I7L0|RS7_CLOBH,Small ribosomal subunit protein uS7,rpsG,Clostridium botulinum (strain Hall / ATCC 3502 / NCTC 13319 / Type A),1.0,CBO_1951
CBO_1952,GCA-001273255.1-protein1066,GCA_001273255.1,LGIK01000019.1,457287,458723,1066,1,tr|A5I069|A5I069_CLOBH,GntR-family transcriptional regulator,CBO0877,Clostridium botulinum (strain Hall / ATCC 3502 / NCTC 13319 / Type A),0.99,CBO_1952
CBO_1953,GCA-001273255.1-protein3168,GCA_001273255.1,LGIK01000051.1,272709,273041,3168,1,sp|A5I248|HIS2_CLOBH,Phosphoribosyl-ATP pyrophosphatase,hisE,Clostridium botulinum (strain Hall / ATCC 3502 / NCTC 13319 / Type A),1.0,CBO_1953
CBO_1954,GCA-001273255.1-protein2969,GCA_001273255.1,LGIK01000051.1,62247,62873,2969,1,tr|A5I1K3|A5I1K3_CLOBH,"ABC transporter, ATP-binding protein",CBO1370,Clostridium botulinum (strain Hall / ATCC 3502 / NCTC 13319 / Type A),0.95,CBO_1954
CBO_1955,GCA-001573255.1-protein193,GCA_001573255.1,LFON01000001.1,213092,214387,193,1,tr|A5HZN4|A5HZN4_CLOBH,Nitrogenase iron-molybdenum cofactor biosynthesis protein,nifE1,Clostridium botulinum (strain Hall / ATCC 3502 / NCTC 13319 / Type A),0.89,CBO_1955
CBO_1956,GCA-001273255.1-protein3241,GCA_001273255.1,LGIK01000054.1,35928,36623,3241,1,tr|A5HXY3|A5HXY3_CLOBH,ABC transporter ATP-binding protein,CBO0086,Clostridium botulinum (strain Hall / ATCC 3502 / NCTC 13319 / Type A),1.0,CBO_1956
CBO_1957,GCA-001273255.1-protein2925,GCA_001273255.1,LGIK01000051.1,10629,11003,2925,-1,tr|A5I1F8|A5I1F8_CLOBH,GntR-family transcriptional regulator,CBO1323,Clostridium botulinum (strain Hall / ATCC 3502 / NCTC 13319 / Type A),1.0,CBO_1957
CBO_1958,GCA-001273255.1-protein889,GCA_001273255.1,LGIK01000019.1,266809,267273,889,1,tr|A5HZL9|A5HZL9_CLOBH,Transcription elongation factor GreA,greA,Clostridium botulinum (strain Hall / ATCC 3502 / NCTC 13319 / Type A),0.97,CBO_1958
CBO_1959,GCA-001273255.1-protein2175,GCA_001273255.1,LGIK01000043.1,57939,58373,2175,1,tr|A5I7H1|A5I7H1_CLOBH,Large ribosomal subunit protein uL13,rplM,Clostridium botulinum (strain Hall / ATCC 3502 / NCTC 13319 / Type A),1.0,CBO_1959
CBO_1960,GCA-001273255.1-protein1957,GCA_001273255.1,LGIK01000030.1,110442,111011,1957,1,sp|A5I7R5|PTH_CLOBH,Peptidyl-tRNA hydrolase,pth,Clostridium botulinum (strain Hall / ATCC 3502 / NCTC 13319 / Type A),1.0,CBO_1960
CBO_1961,GCA-001273255.1-protein3126,GCA_001273255.1,LGIK01000051.1,232205,232747,3126,1,tr|A5I205|A5I205_CLOBH,Flavodoxin domain-containing protein,CBO1528,Clostridium botulinum (strain Hall / ATCC 3502 / NCTC 13319 / Type A),1.0,CBO_1961
CBO_1962,GCA-001273255.1-protein2917,GCA_001273255.1,LGIK01000050.1,77228,78235,2917,1,tr|A5I4Q2|A5I4Q2_CLOBH,Proline racemase,prdF,Clostridium botulinum (strain Hall / ATCC 3502 / NCTC 13319 / Type A),1.0,CBO_1962
CBO_1963,GCA-001273255.1-protein1186,GCA_001273255.1,LGIK01000021.1,72826,74367,1186,1,sp|A5I4H8|RNY_CLOBH,Ribonuclease Y,rny,Clostridium botulinum (strain Hall / ATCC 3502 / NCTC 13319 / Type A),1.0,CBO_1963
CBO_1964,GCA-001273255.1-protein46,GCA_001273255.1,LGIK01000012.1,36616,37686,46,1,tr|A5I412|A5I412_CLOBH,Uroporphyrinogen decarboxylase,CBO2243,Clostridium botulinum (strain Hall / ATCC 3502 / NCTC 13319 / Type A),1.0,CBO_1964
CBO_1965,GCA-001273255.1-protein657,GCA_001273255.1,LGIK01000019.1,2502,3152,657,1,tr|A5HYX2|A5HYX2_CLOBH,Uncharacterized protein,CBO0428,Clostridium botulinum (strain Hall / ATCC 3502 / NCTC 13319 / Type A),1.0,CBO_1965
CBO_1966,GCA-001273255.1-protein3566,GCA_001273255.1,LGIK01000007.1,35254,36369,3566,1,tr|A5HYV7|A5HYV7_CLOBH,Lipoprotein,CBO0413,Clostridium botulinum (strain Hall / ATCC 3502 / NCTC 13319 / Type A),1.0,CBO_1966
CBO_1967,GCA-001573485.1-protein1711,GCA_001573485.1,LFOX01000024.1,34061,34564,1711,-1,tr|A5I294|A5I294_CLOBH,Uncharacterized protein,CBO1624,Clostridium botulinum (strain Hall / ATCC 3502 / NCTC 13319 / Type A),0.81,CBO_1967
CBO_1968,GCA-001273255.1-protein3243,GCA_001273255.1,LGIK01000054.1,37910,38752,3243,1,tr|A5HXY5|A5HXY5_CLOBH,Iron-sulfur cluster carrier protein,CBO0088,Clostridium botulinum (strain Hall / ATCC 3502 / NCTC 13319 / Type A),1.0,CBO_1968
CBO_1969,GCA-001273255.1-protein1757,GCA_001273255.1,LGIK01000028.1,46815,47828,1757,-1,tr|A5I2D5|A5I2D5_CLOBH,WG repeat-containing protein,CBO1667,Clostridium botulinum (strain Hall / ATCC 3502 / NCTC 13319 / Type A),1.0,CBO_1969
CBO_1970,GCA-001273255.1-protein2396,GCA_001273255.1,LGIK01000044.1,45530,46699,2396,-1,tr|A5I6N4|A5I6N4_CLOBH,Aminotransferase,CBO3154,Clostridium botulinum (strain Hall / ATCC 3502 / NCTC 13319 / Type A),1.0,CBO_1970
CBO_1971,GCA-001273255.1-protein3541,GCA_001273255.1,LGIK01000007.1,6237,6983,3541,1,tr|A5HYT1|A5HYT1_CLOBH,"ABC transporter, ATP-binding protein",CBO0387,Clostridium botulinum (strain Hall / ATCC 3502 / NCTC 13319 / Type A),0.99,CBO_1971
CBO_1972,GCA-001273255.1-protein3199,GCA_001273255.1,LGIK01000051.1,309451,310074,3199,1,tr|A5I279|A5I279_CLOBH,Membrane protein,CBO1607,Clostridium botulinum (strain Hall / ATCC 3502 / NCTC 13319 / Type A),1.0,CBO_1972
CBO_1973,GCA-001273255.1-protein3276,GCA_001273255.1,LGIK01000054.1,78650,80170,3276,1,tr|A5HY19|A5HY19_CLOBH,Spore germination protein,CBO0123,Clostridium botulinum (strain Hall / ATCC 3502 / NCTC 13319 / Type A),1.0,CBO_1973
CBO_1974,GCA-001273255.1-protein2556,GCA_001273255.1,LGIK01000049.1,11597,12844,2556,1,tr|A5I659|A5I659_CLOBH,serine-type D-Ala-D-Ala carboxypeptidase,CBO2979,Clostridium botulinum (strain Hall / ATCC 3502 / NCTC 13319 / Type A),1.0,CBO_1974
CBO_1975,GCA-001273255.1-protein3576,GCA_001273255.1,LGIK01000009.1,5583,6542,3576,-1,tr|A5I0V3|A5I0V3_CLOBH,Phosphatidylglycerol lysyltransferase C-terminal domain-containing protein,CBO1111,Clostridium botulinum (strain Hall / ATCC 3502 / NCTC 13319 / Type A),0.99,CBO_1975
CBO_1976,GCA-001273255.1-protein2391,GCA_001273255.1,LGIK01000044.1,38942,39871,2391,-1,tr|A5I6M9|A5I6M9_CLOBH,"Oligopeptide ABC transporter, permease protein",oppB,Clostridium botulinum (strain Hall / ATCC 3502 / NCTC 13319 / Type A),1.0,CBO_1976
CBO_1977,GCA-001273255.1-protein1216,GCA_001273255.1,LGIK01000021.1,100066,101061,1216,1,tr|A5I461|A5I461_CLOBH,Uncharacterized protein,CBO2292,Clostridium botulinum (strain Hall / ATCC 3502 / NCTC 13319 / Type A),1.0,CBO_1977
CBO_1978,GCA-001273255.1-protein1857,GCA_001273255.1,LGIK01000030.1,13653,15530,1857,1,sp|A5I815|MNMG_CLOBH,tRNA uridine 5-carboxymethylaminomethyl modification enzyme MnmG,mnmG,Clostridium botulinum (strain Hall / ATCC 3502 / NCTC 13319 / Type A),1.0,CBO_1978
CBO_1979,GCA-001273255.1-protein2996,GCA_001273255.1,LGIK01000051.1,91065,91787,2996,1,tr|A5I1N0|A5I1N0_CLOBH,DUF3298 domain-containing protein,CBO1398,Clostridium botulinum (strain Hall / ATCC 3502 / NCTC 13319 / Type A),1.0,CBO_1979
CBO_1980,GCA-001273255.1-protein1874,GCA_001273255.1,LGIK01000030.1,26824,27141,1874,1,tr|A5I7Z8|A5I7Z8_CLOBH,MazG-like family protein,CBO3625,Clostridium botulinum (strain Hall / ATCC 3502 / NCTC 13319 / Type A),1.0,CBO_1980
CBO_1981,GCA-001273255.1-protein2367,GCA_001273255.1,LGIK01000044.1,9692,12058,2367,-1,tr|A5I6K3|A5I6K3_CLOBH,Protease,CBO3122,Clostridium botulinum (strain Hall / ATCC 3502 / NCTC 13319 / Type A),1.0,CBO_1981
CBO_1982,GCA-001273255.1-protein2287,GCA_001273255.1,LGIK01000043.1,194586,194960,2287,1,tr|A5I757|A5I757_CLOBH,Desulfoferrodoxin,CBO3333,Clostridium botulinum (strain Hall / ATCC 3502 / NCTC 13319 / Type A),1.0,CBO_1982
CBO_1983,GCA-001273255.1-protein3312,GCA_001273255.1,LGIK01000054.1,111963,113219,3312,1,tr|A5HY55|A5HY55_CLOBH,UDP-N-acetylglucosamine 1-carboxyvinyltransferase,murA,Clostridium botulinum (strain Hall / ATCC 3502 / NCTC 13319 / Type A),1.0,CBO_1983
CBO_1984,GCA-001273255.1-protein2211,GCA_001273255.1,LGIK01000043.1,93853,95679,2211,1,tr|A5I7D5|A5I7D5_CLOBH,Glutamine--fructose-6-phosphate aminotransferase [isomerizing],glmS,Clostridium botulinum (strain Hall / ATCC 3502 / NCTC 13319 / Type A),1.0,CBO_1984
CBO_1985,GCA-001273255.1-protein2130,GCA_001273255.1,LGIK01000043.1,25283,25783,2130,1,tr|A5I7L6|A5I7L6_CLOBH,Large ribosomal subunit protein uL10,rplJ,Clostridium botulinum (strain Hall / ATCC 3502 / NCTC 13319 / Type A),1.0,CBO_1985
CBO_1986,GCA-001273255.1-protein1181,GCA_001273255.1,LGIK01000021.1,65936,66628,1181,1,tr|A5I4I3|A5I4I3_CLOBH,Translocation-enhancing protein TepA,tepA,Clostridium botulinum (strain Hall / ATCC 3502 / NCTC 13319 / Type A),1.0,CBO_1986
CBO_1987,GCA-001273255.1-protein3107,GCA_001273255.1,LGIK01000051.1,210378,211514,3107,1,tr|A5I1Y6|A5I1Y6_CLOBH,Oxidoreductase,CBO1508,Clostridium botulinum (strain Hall / ATCC 3502 / NCTC 13319 / Type A),1.0,CBO_1987
CBO_1988,GCA-001273255.1-protein362,GCA_001273255.1,LGIK01000012.1,396719,398449,362,-1,tr|A5I337|A5I337_CLOBH,Rqc2 homolog RqcH,rqcH,Clostridium botulinum (strain Hall / ATCC 3502 / NCTC 13319 / Type A),0.97,CBO_1988
CBO_1989,GCA-001273255.1-protein3062,GCA_001273255.1,LGIK01000051.1,163881,164651,3062,1,sp|A5I1U0|DIVIB_CLOBH,Cell division protein DivIB,divIB,Clostridium botulinum (strain Hall / ATCC 3502 / NCTC 13319 / Type A),1.0,CBO_1989
CBO_1990,GCA-001273255.1-protein533,GCA_001273255.1,LGIK01000017.1,20048,20500,533,1,tr|A5I0D6|A5I0D6_CLOBH,Membrane protein,CBO0943,Clostridium botulinum (strain Hall / ATCC 3502 / NCTC 13319 / Type A),1.0,CBO_1990
CBO_1991,GCA-001273255.1-protein2297,GCA_001273255.1,LGIK01000043.1,205401,205859,2297,-1,tr|A5I747|A5I747_CLOBH,[Ribosomal protein bS18]-alanine N-acetyltransferase,CBO3322,Clostridium botulinum (strain Hall / ATCC 3502 / NCTC 13319 / Type A),0.98,CBO_1991
CBO_1992,GCA-001273255.1-protein986,GCA_001273255.1,LGIK01000019.1,373190,373987,986,1,tr|A5HZY4|A5HZY4_CLOBH,4-hydroxy-tetrahydrodipicolinate reductase,dapB,Clostridium botulinum (strain Hall / ATCC 3502 / NCTC 13319 / Type A),0.99,CBO_1992
CBO_1993,GCA-001273255.1-protein2686,GCA_001273255.1,LGIK01000049.1,133971,135287,2686,-1,tr|A5I6I9|A5I6I9_CLOBH,UDP-glucose/GDP-mannose dehydrogenase,CBO3108,Clostridium botulinum (strain Hall / ATCC 3502 / NCTC 13319 / Type A),1.0,CBO_1993
CBO_1994,GCA-001273255.1-protein1141,GCA_001273255.1,LGIK01000021.1,25032,25280,1141,1,tr|A5I4M6|A5I4M6_CLOBH,Small ribosomal subunit protein bS16,rpsP,Clostridium botulinum (strain Hall / ATCC 3502 / NCTC 13319 / Type A),0.99,CBO_1994
CBO_1995,GCA-001273255.1-protein751,GCA_001273255.1,LGIK01000019.1,108665,110518,751,-1,tr|A5HZ68|A5HZ68_CLOBH,Membrane protein,CBO0524,Clostridium botulinum (strain Hall / ATCC 3502 / NCTC 13319 / Type A),1.0,CBO_1995
CBO_1996,GCA-001273255.1-protein1025,GCA_001273255.1,LGIK01000019.1,420321,421496,1025,1,tr|A5I025|A5I025_CLOBH,Spore coat polysacharide biosynthesis protein,CBO0833,Clostridium botulinum (strain Hall / ATCC 3502 / NCTC 13319 / Type A),1.0,CBO_1996
CBO_1997,GCA-001273255.1-protein1800,GCA_001273255.1,LGIK01000028.1,97281,99659,1800,-1,tr|A5I293|A5I293_CLOBH,Methionine synthase,metH,Clostridium botulinum (strain Hall / ATCC 3502 / NCTC 13319 / Type A),1.0,CBO_1997
CBO_1998,GCA-001273255.1-protein2568,GCA_001273255.1,LGIK01000049.1,22003,22716,2568,-1,tr|A5I671|A5I671_CLOBH,DUF2344 domain-containing protein,CBO2991,Clostridium botulinum (strain Hall / ATCC 3502 / NCTC 13319 / Type A),0.98,CBO_1998
CBO_1999,GCA-001273255.1-protein1175,GCA_001273255.1,LGIK01000021.1,58954,59874,1175,1,tr|A5I4I9|A5I4I9_CLOBH,Riboflavin biosynthesis protein,CBO2415,Clostridium botulinum (strain Hall / ATCC 3502 / NCTC 13319 / Type A),1.0,CBO_1999
CBO_2000,GCA-001273255.1-protein3384,GCA_001273255.1,LGIK01000054.1,196880,197350,3384,1,sp|A5HYC7|SSRP_CLOBH,SsrA-binding protein,smpB,Clostridium botulinum (strain Hall / ATCC 3502 / NCTC 13319 / Type A),1.0,CBO_2000
CBO_2001,GCA-001273255.1-protein2986,GCA_001273255.1,LGIK01000051.1,79351,80244,2986,1,tr|A5I1M0|A5I1M0_CLOBH,Exported protein,CBO1389,Clostridium botulinum (strain Hall / ATCC 3502 / NCTC 13319 / Type A),1.0,CBO_2001
CBO_2002,GCA-001273255.1-protein2772,GCA_001273255.1,LGIK01000005.1,90205,93222,2772,1,tr|A5I5W8|A5I5W8_CLOBH,Pyridine nucleotide-disulfide oxidoreductase,CBO2884,Clostridium botulinum (strain Hall / ATCC 3502 / NCTC 13319 / Type A),0.99,CBO_2002
CBO_2003,GCA-001273255.1-protein1021,GCA_001273255.1,LGIK01000019.1,417229,417480,1021,1,tr|A5I021|A5I021_CLOBH,Fatty acid kinase subunit A-like middle domain-containing protein,CBO0829,Clostridium botulinum (strain Hall / ATCC 3502 / NCTC 13319 / Type A),1.0,CBO_2003
CBO_2004,GCA-001273255.1-protein2654,GCA_001273255.1,LGIK01000049.1,98624,100042,2654,-1,tr|A5I6F7|A5I6F7_CLOBH,GntR-family transcritional regulator,CBO3076,Clostridium botulinum (strain Hall / ATCC 3502 / NCTC 13319 / Type A),1.0,CBO_2004
CBO_2005,GCA-001273255.1-protein1922,GCA_001273255.1,LGIK01000030.1,76324,77199,1922,-1,tr|A5I7V0|A5I7V0_CLOBH,Methionine aminopeptidase,map2,Clostridium botulinum (strain Hall / ATCC 3502 / NCTC 13319 / Type A),1.0,CBO_2005
CBO_2006,GCA-001273255.1-protein2749,GCA_001273255.1,LGIK01000005.1,62594,63091,2749,1,tr|A5I5Z2|A5I5Z2_CLOBH,Signaling protein,CBO2908,Clostridium botulinum (strain Hall / ATCC 3502 / NCTC 13319 / Type A),1.0,CBO_2006
CBO_2007,GCA-001273255.1-protein283,GCA_001273255.1,LGIK01000012.1,299700,300560,283,1,tr|A5I3B8|A5I3B8_CLOBH,tagatose-bisphosphate aldolase,agaY,Clostridium botulinum (strain Hall / ATCC 3502 / NCTC 13319 / Type A),1.0,CBO_2007
CBO_2008,GCA-001273255.1-protein1921,GCA_001273255.1,LGIK01000030.1,75695,76234,1921,1,tr|A5I7V1|A5I7V1_CLOBH,Nitroreductase,CBO3577,Clostridium botulinum (strain Hall / ATCC 3502 / NCTC 13319 / Type A),1.0,CBO_2008
CBO_2009,GCA-001273255.1-protein2966,GCA_001273255.1,LGIK01000051.1,58970,59518,2966,1,tr|A5I1K0|A5I1K0_CLOBH,Signaling protein,CBO1366,Clostridium botulinum (strain Hall / ATCC 3502 / NCTC 13319 / Type A),1.0,CBO_2009
CBO_2010,GCA-001273255.1-protein3546,GCA_001273255.1,LGIK01000007.1,11255,11950,3546,1,tr|A5HYT6|A5HYT6_CLOBH,YgjP-like metallopeptidase domain-containing protein,CBO0392,Clostridium botulinum (strain Hall / ATCC 3502 / NCTC 13319 / Type A),0.99,CBO_2010
CBO_2011,GCA-001273255.1-protein1208,GCA_001273255.1,LGIK01000021.1,93623,94138,1208,1,tr|A5I468|A5I468_CLOBH,RNA polymerase sigma factor,CBO2299,Clostridium botulinum (strain Hall / ATCC 3502 / NCTC 13319 / Type A),0.99,CBO_2011
CBO_2012,GCA-001273255.1-protein1932,GCA_001273255.1,LGIK01000030.1,84018,85271,1932,-1,tr|A5I7U0|A5I7U0_CLOBH,UDP-N-acetylglucosamine 1-carboxyvinyltransferase,murAB,Clostridium botulinum (strain Hall / ATCC 3502 / NCTC 13319 / Type A),1.0,CBO_2012
CBO_2013,GCA-001273255.1-protein3349,GCA_001273255.1,LGIK01000054.1,155485,155919,3349,1,tr|A5HY92|A5HY92_CLOBH,Conserved hypothetical membrane,CBO0199,Clostridium botulinum (strain Hall / ATCC 3502 / NCTC 13319 / Type A),0.95,CBO_2013
CBO_2014,GCA-001273255.1-protein3465,GCA_001273255.1,LGIK01000054.1,289401,290702,3465,1,tr|A5HYK9|A5HYK9_CLOBH,Xanthine permease,pbuX,Clostridium botulinum (strain Hall / ATCC 3502 / NCTC 13319 / Type A),1.0,CBO_2014
CBO_2015,GCA-001273255.1-protein1765,GCA_001273255.1,LGIK01000028.1,58912,59544,1765,-1,tr|A5I2C6|A5I2C6_CLOBH,Uncharacterized protein,CBO1658,Clostridium botulinum (strain Hall / ATCC 3502 / NCTC 13319 / Type A),1.0,CBO_2015
CBO_2016,GCA-001273255.1-protein3066,GCA_001273255.1,LGIK01000051.1,166584,167255,3066,1,tr|A5I1U4|A5I1U4_CLOBH,Pyridoxal phosphate homeostasis protein,CBO1465,Clostridium botulinum (strain Hall / ATCC 3502 / NCTC 13319 / Type A),1.0,CBO_2016
CBO_2017,GCA-001273255.1-protein3415,GCA_001273255.1,LGIK01000054.1,230480,231157,3415,1,tr|A5HYF7|A5HYF7_CLOBH,Stage 0 sporulation protein A homolog,CBO0264,Clostridium botulinum (strain Hall / ATCC 3502 / NCTC 13319 / Type A),1.0,CBO_2017
CBO_2018,GCA-001273255.1-protein899,GCA_001273255.1,LGIK01000019.1,277797,279035,899,1,tr|A5HZN5|A5HZN5_CLOBH,Nitrogenase iron-molybdenum cofactor biosynthesis protein NifE,nifE2,Clostridium botulinum (strain Hall / ATCC 3502 / NCTC 13319 / Type A),0.98,CBO_2018
CBO_2019,GCA-001273255.1-protein2004,GCA_001273255.1,LGIK01000034.1,14886,15353,2004,-1,tr|A5HYP2|A5HYP2_CLOBH,DUF3189 family protein,CBO0348,Clostridium botulinum (strain Hall / ATCC 3502 / NCTC 13319 / Type A),1.0,CBO_2019
CBO_2020,GCA-016989715.1-protein1056,GCA_016989715.1,NKSH01000013.1,372,3002,1056,-1,tr|A5HXQ3|A5HXQ3_CLOBH,DNA gyrase subunit A,gyrA,Clostridium botulinum (strain Hall / ATCC 3502 / NCTC 13319 / Type A),0.95,CBO_2020
CBO_2021,GCA-001273255.1-protein915,GCA_001273255.1,LGIK01000019.1,298207,298938,915,1,tr|A5HZQ2|A5HZQ2_CLOBH,"Drug resistance ABC transporter,ATP-binding protein",CBO0709,Clostridium botulinum (strain Hall / ATCC 3502 / NCTC 13319 / Type A),0.95,CBO_2021
CBO_2022,GCA-001573555.1-protein13,GCA_001573555.1,LFQV01000001.1,9252,9914,13,1,sp|A5I232|QUEC_CLOBH,7-cyano-7-deazaguanine synthase,queC,Clostridium botulinum (strain Hall / ATCC 3502 / NCTC 13319 / Type A),0.98,CBO_2022
CBO_2023,GCA-001573175.1-protein3114,GCA_001573175.1,LFOK01000007.1,46786,47310,3114,1,tr|A5I0E7|A5I0E7_CLOBH,Cob(I)alamin adenosyltransferase,cobA,Clostridium botulinum (strain Hall / ATCC 3502 / NCTC 13319 / Type A),0.98,CBO_2023
CBO_2024,GCA-001273255.1-protein1860,GCA_001273255.1,LGIK01000030.1,17279,18043,1860,1,tr|A5I812|A5I812_CLOBH,Sporulation initiation inhibitor protein Soj,soj,Clostridium botulinum (strain Hall / ATCC 3502 / NCTC 13319 / Type A),1.0,CBO_2024
CBO_2025,GCA-054635055.1-protein1475,GCA_054635055.1,NKRQ01000002.1,309051,311513,1475,-1,tr|A5I5G7|A5I5G7_CLOBH,Flagellar hook-associated protein 2,fliD,Clostridium botulinum (strain Hall / ATCC 3502 / NCTC 13319 / Type A),0.73,CBO_2025
CBO_2026,GCA-001273255.1-protein2011,GCA_001273255.1,LGIK01000034.1,22367,22933,2011,1,tr|A5HYP9|A5HYP9_CLOBH,Methyltransferase domain-containing protein,CBO0355,Clostridium botulinum (strain Hall / ATCC 3502 / NCTC 13319 / Type A),1.0,CBO_2026
CBO_2027,GCA-001273255.1-protein2762,GCA_001273255.1,LGIK01000005.1,78581,79126,2762,-1,tr|A5I5X8|A5I5X8_CLOBH,ATP-binding protein,CBO2894,Clostridium botulinum (strain Hall / ATCC 3502 / NCTC 13319 / Type A),0.99,CBO_2027
CBO_2028,GCA-001273255.1-protein3348,GCA_001273255.1,LGIK01000054.1,154795,155316,3348,-1,tr|A5HY91|A5HY91_CLOBH,CDP-diacylglycerol--serine O-phosphatidyltransferase,CBO0198,Clostridium botulinum (strain Hall / ATCC 3502 / NCTC 13319 / Type A),1.0,CBO_2028
CBO_2029,GCA-001273255.1-protein1150,GCA_001273255.1,LGIK01000021.1,30685,32208,1150,-1,tr|A5I4L7|A5I4L7_CLOBH,Magnesium chelatase,CBO2439,Clostridium botulinum (strain Hall / ATCC 3502 / NCTC 13319 / Type A),1.0,CBO_2029
CBO_2030,GCA-001273255.1-protein2229,GCA_001273255.1,LGIK01000043.1,111611,111961,2229,1,tr|A5I7B7|A5I7B7_CLOBH,Membrane protein,CBO3393,Clostridium botulinum (strain Hall / ATCC 3502 / NCTC 13319 / Type A),1.0,CBO_2030
CBO_2031,GCA-001273255.1-protein2073,GCA_001273255.1,LGIK01000037.1,10783,11493,2073,1,tr|A5I2T5|A5I2T5_CLOBH,Pseudouridine synthase,rluB,Clostridium botulinum (strain Hall / ATCC 3502 / NCTC 13319 / Type A),0.99,CBO_2031
CBO_2032,GCA-001273255.1-protein3197,GCA_001273255.1,LGIK01000051.1,306773,308431,3197,1,tr|A5I277|A5I277_CLOBH,"PTS system, IIbc component",CBO1605,Clostridium botulinum (strain Hall / ATCC 3502 / NCTC 13319 / Type A),1.0,CBO_2032
CBO_2033,GCA-001273255.1-protein813,GCA_001273255.1,LGIK01000019.1,179375,179887,813,1,sp|A5HZD5|Y591_CLOBH,UPF0316 protein CBO0591/CLC_0646,CBO0591,Clostridium botulinum (strain Hall / ATCC 3502 / NCTC 13319 / Type A),1.0,CBO_2033
CBO_2034,GCA-016990285.1-protein1119,GCA_016990285.1,NQVS01000001.1,1223005,1223745,1119,1,tr|A5I256|A5I256_CLOBH,"Lantibiotic ABC transporter,ATP-binding protein",CBO1582,Clostridium botulinum (strain Hall / ATCC 3502 / NCTC 13319 / Type A),0.95,CBO_2034
CBO_2035,GCA-001273255.1-protein3298,GCA_001273255.1,LGIK01000054.1,99945,100574,3298,1,sp|A5HY41|UPP_CLOBH,Uracil phosphoribosyltransferase,upp,Clostridium botulinum (strain Hall / ATCC 3502 / NCTC 13319 / Type A),1.0,CBO_2035
CBO_2036,GCA-001273255.1-protein2429,GCA_001273255.1,LGIK01000044.1,82471,84207,2429,-1,tr|A5I6R7|A5I6R7_CLOBH,VWFA domain-containing protein,CBO3188,Clostridium botulinum (strain Hall / ATCC 3502 / NCTC 13319 / Type A),1.0,CBO_2036
CBO_2037,GCA-001273255.1-protein144,GCA_001273255.1,LGIK01000012.1,145069,146091,144,1,tr|A5I3R5|A5I3R5_CLOBH,Zinc-binding dehydrogenase,CBO2143,Clostridium botulinum (strain Hall / ATCC 3502 / NCTC 13319 / Type A),1.0,CBO_2037
CBO_2038,GCA-054771215.1-protein1727,GCA_054771215.1,NKTA01000002.1,200431,201552,1727,-1,tr|A5HYD8|A5HYD8_CLOBH,Membrane protein,CBO0245,Clostridium botulinum (strain Hall / ATCC 3502 / NCTC 13319 / Type A),0.8,CBO_2038
CBO_2039,GCA-001273255.1-protein3284,GCA_001273255.1,LGIK01000054.1,87912,88211,3284,1,tr|A5HY27|A5HY27_CLOBH,Ribose 5-phosphate isomerase,CBO0131,Clostridium botulinum (strain Hall / ATCC 3502 / NCTC 13319 / Type A),1.0,CBO_2039
CBO_2040,GCA-001273255.1-protein33,GCA_001273255.1,LGIK01000012.1,24560,25243,33,1,sp|A5I426|BIOD_CLOBH,ATP-dependent dethiobiotin synthetase BioD,bioD,Clostridium botulinum (strain Hall / ATCC 3502 / NCTC 13319 / Type A),0.98,CBO_2040
CBO_2041,GCA-001273255.1-protein1729,GCA_001273255.1,LGIK01000028.1,14926,15780,1729,-1,tr|A5I2P8|A5I2P8_CLOBH,Anaerobic sulfite reductase subunit C,asrC,Clostridium botulinum (strain Hall / ATCC 3502 / NCTC 13319 / Type A),1.0,CBO_2041
CBO_2042,GCA-001273255.1-protein1828,GCA_001273255.1,LGIK01000029.1,13996,15594,1828,1,tr|A5HXS1|A5HXS1_CLOBH,Membrane protein,CBO0026,Clostridium botulinum (strain Hall / ATCC 3502 / NCTC 13319 / Type A),1.0,CBO_2042
CBO_2043,GCA-001273255.1-protein2413,GCA_001273255.1,LGIK01000044.1,67633,68436,2413,1,tr|A5I6Q1|A5I6Q1_CLOBH,ABC transporter permease,CBO3172,Clostridium botulinum (strain Hall / ATCC 3502 / NCTC 13319 / Type A),0.99,CBO_2043
CBO_2044,GCA-001273255.1-protein556,GCA_001273255.1,LGIK01000017.1,39686,40705,556,1,tr|A5I0F9|A5I0F9_CLOBH,Membrane protein,CBO0966,Clostridium botulinum (strain Hall / ATCC 3502 / NCTC 13319 / Type A),0.98,CBO_2044
CBO_2045,GCA-001273255.1-protein1555,GCA_001273255.1,LGIK01000025.1,193273,194064,1555,-1,tr|A5I571|A5I571_CLOBH,Flagellar basal-body rod protein,CBO2637,Clostridium botulinum (strain Hall / ATCC 3502 / NCTC 13319 / Type A),1.0,CBO_2045
CBO_2046,GCA-001573825.1-protein1083,GCA_001573825.1,LFPL01000019.1,83766,84449,1083,1,tr|A5HZD1|A5HZD1_CLOBH,"ABC transporter, ATP-binding protein",CBO0587,Clostridium botulinum (strain Hall / ATCC 3502 / NCTC 13319 / Type A),0.99,CBO_2046
CBO_2047,GCA-001276985.1-protein787,GCA_001276985.1,LHUL01000026.1,286262,287476,787,-1,tr|A5I5H7|A5I5H7_CLOBH,Flagellar motor switch protein FliY,fliY,Clostridium botulinum (strain Hall / ATCC 3502 / NCTC 13319 / Type A),0.95,CBO_2047
CBO_2048,GCA-001273255.1-protein1630,GCA_001273255.1,LGIK01000026.1,33625,33846,1630,-1,tr|A5I181|A5I181_CLOBH,Uncharacterized protein,CBO1243A,Clostridium botulinum (strain Hall / ATCC 3502 / NCTC 13319 / Type A),1.0,CBO_2048
CBO_2049,GCA-001273255.1-protein1419,GCA_001273255.1,LGIK01000025.1,52861,53481,1419,-1,tr|A5I4Y5|A5I4Y5_CLOBH,Uridine kinase,udk,Clostridium botulinum (strain Hall / ATCC 3502 / NCTC 13319 / Type A),1.0,CBO_2049
CBO_2050,GCA-001273255.1-protein771,GCA_001273255.1,LGIK01000019.1,133522,133734,771,1,tr|A5HZ90|A5HZ90_CLOBH,[2Fe-2S] binding protein,CBO0545,Clostridium botulinum (strain Hall / ATCC 3502 / NCTC 13319 / Type A),1.0,CBO_2050
CBO_2051,GCA-001273255.1-protein152,GCA_001273255.1,LGIK01000012.1,154740,155411,152,1,tr|A5I3Q8|A5I3Q8_CLOBH,Stage 0 sporulation protein A homolog,CBO2136,Clostridium botulinum (strain Hall / ATCC 3502 / NCTC 13319 / Type A),0.97,CBO_2051
CBO_2052,GCA-001273255.1-protein1613,GCA_001273255.1,LGIK01000026.1,18028,18351,1613,-1,tr|A5I1A0|A5I1A0_CLOBH,Glycine/sarcosine/betaine reductase complex component A,grdA,Clostridium botulinum (strain Hall / ATCC 3502 / NCTC 13319 / Type A),0.99,CBO_2052
CBO_2053,GCA-001273255.1-protein904,GCA_001273255.1,LGIK01000019.1,285444,286784,904,1,tr|A5HZP1|A5HZP1_CLOBH,Probable glycine dehydrogenase (decarboxylating) subunit 1,gcvP,Clostridium botulinum (strain Hall / ATCC 3502 / NCTC 13319 / Type A),0.99,CBO_2053
CBO_2054,GCA-001273255.1-protein483,GCA_001273255.1,LGIK01000015.1,27104,27688,483,1,tr|A5I6V7|A5I6V7_CLOBH,Probable GTP-binding protein EngB,engB,Clostridium botulinum (strain Hall / ATCC 3502 / NCTC 13319 / Type A),1.0,CBO_2054
CBO_2055,GCA-054771215.1-protein3708,GCA_054771215.1,NKTA01000009.1,113448,114590,3708,-1,tr|A5I121|A5I121_CLOBH,cysteine desulfurase,iscS,Clostridium botulinum (strain Hall / ATCC 3502 / NCTC 13319 / Type A),0.95,CBO_2055
CBO_2056,GCA-001273255.1-protein239,GCA_001273255.1,LGIK01000012.1,246480,248591,239,1,tr|A5I3G6|A5I3G6_CLOBH,AAA domain family protein,CBO2042,Clostridium botulinum (strain Hall / ATCC 3502 / NCTC 13319 / Type A),1.0,CBO_2056
CBO_2057,GCA-001573235.1-protein3442,GCA_001573235.1,LFOL01000008.1,95606,96427,3442,1,tr|A5I590|A5I590_CLOBH,Basal-body rod modification protein FlgD,flgD,Clostridium botulinum (strain Hall / ATCC 3502 / NCTC 13319 / Type A),0.93,CBO_2057
CBO_2058,GCA-001273255.1-protein1937,GCA_001273255.1,LGIK01000030.1,89807,90181,1937,1,tr|A5I7T5|A5I7T5_CLOBH,DUF3783 domain-containing protein,CBO3560,Clostridium botulinum (strain Hall / ATCC 3502 / NCTC 13319 / Type A),1.0,CBO_2058
CBO_2059,GCA-001273255.1-protein3466,GCA_001273255.1,LGIK01000054.1,290725,291297,3466,1,sp|A5HYL0|XPT1_CLOBH,Xanthine phosphoribosyltransferase 1,xpt1,Clostridium botulinum (strain Hall / ATCC 3502 / NCTC 13319 / Type A),0.97,CBO_2059
CBO_2060,GCA-001273255.1-protein2357,GCA_001273255.1,LGIK01000043.1,279377,280750,2357,-1,tr|A5I6Y9|A5I6Y9_CLOBH,Uncharacterized protein,CBO3262,Clostridium botulinum (strain Hall / ATCC 3502 / NCTC 13319 / Type A),1.0,CBO_2060
CBO_2061,GCA-001273255.1-protein1572,GCA_001273255.1,LGIK01000025.1,207290,208327,1572,-1,tr|A5I588|A5I588_CLOBH,Flagellar hook protein FlgE,flgE,Clostridium botulinum (strain Hall / ATCC 3502 / NCTC 13319 / Type A),1.0,CBO_2061
CBO_2062,GCA-001273255.1-protein1714,GCA_001273255.1,LGIK01000026.1,124091,124885,1714,1,tr|A5I0Z7|A5I0Z7_CLOBH,Membrane protein,CBO1156,Clostridium botulinum (strain Hall / ATCC 3502 / NCTC 13319 / Type A),1.0,CBO_2062
CBO_2063,GCA-001273255.1-protein716,GCA_001273255.1,LGIK01000019.1,68310,69392,716,1,tr|A5HZ33|A5HZ33_CLOBH,Cytolysin-associated protein,sagC,Clostridium botulinum (strain Hall / ATCC 3502 / NCTC 13319 / Type A),1.0,CBO_2063
CBO_2064,GCA-001273255.1-protein2051,GCA_001273255.1,LGIK01000036.1,23977,24243,2051,1,tr|A5I1D9|A5I1D9_CLOBH,Copper-sensing transcriptional repressor CsoR,CBO1303,Clostridium botulinum (strain Hall / ATCC 3502 / NCTC 13319 / Type A),1.0,CBO_2064
CBO_2065,GCA-001273255.1-protein2937,GCA_001273255.1,LGIK01000051.1,25647,26333,2937,-1,tr|A5I1H0|A5I1H0_CLOBH,Cyclic AMP-binding regulatory protein,CBO1335,Clostridium botulinum (strain Hall / ATCC 3502 / NCTC 13319 / Type A),1.0,CBO_2065
CBO_2066,GCA-001273255.1-protein2682,GCA_001273255.1,LGIK01000049.1,129484,130578,2682,-1,tr|A5I6I5|A5I6I5_CLOBH,Capsular polysaccharide biosynthesis leucine rich repeat protein,CBO3104,Clostridium botulinum (strain Hall / ATCC 3502 / NCTC 13319 / Type A),1.0,CBO_2066
CBO_2067,GCA-001273255.1-protein753,GCA_001273255.1,LGIK01000019.1,112702,113076,753,1,tr|A5HZ71|A5HZ71_CLOBH,Membrane protein,CBO0527,Clostridium botulinum (strain Hall / ATCC 3502 / NCTC 13319 / Type A),1.0,CBO_2067
CBO_2068,GCA-001273255.1-protein1462,GCA_001273255.1,LGIK01000025.1,104660,105148,1462,1,tr|A5I528|A5I528_CLOBH,Membrane protein,CBO2597,Clostridium botulinum (strain Hall / ATCC 3502 / NCTC 13319 / Type A),1.0,CBO_2068
CBO_2069,GCA-001273255.1-protein794,GCA_001273255.1,LGIK01000019.1,162579,162929,794,1,tr|A5HZB7|A5HZB7_CLOBH,Probable tRNA-binding protein,CBO0573,Clostridium botulinum (strain Hall / ATCC 3502 / NCTC 13319 / Type A),0.97,CBO_2069
CBO_2070,GCA-001273255.1-protein2160,GCA_001273255.1,LGIK01000043.1,48178,49455,2160,1,tr|A5I7I6|A5I7I6_CLOBH,Protein translocase subunit SecY,secY,Clostridium botulinum (strain Hall / ATCC 3502 / NCTC 13319 / Type A),1.0,CBO_2070
CBO_2071,GCA-001273255.1-protein3365,GCA_001273255.1,LGIK01000054.1,173308,174660,3365,1,tr|A5HYA8|A5HYA8_CLOBH,Exported protein,CBO0215,Clostridium botulinum (strain Hall / ATCC 3502 / NCTC 13319 / Type A),0.99,CBO_2071
CBO_2072,GCA-001273255.1-protein1598,GCA_001273255.1,LGIK01000026.1,3404,3742,1598,-1,tr|A5I1B4|A5I1B4_CLOBH,Membrane protein,CBO1277,Clostridium botulinum (strain Hall / ATCC 3502 / NCTC 13319 / Type A),1.0,CBO_2072
CBO_2073,GCA-001273255.1-protein2670,GCA_001273255.1,LGIK01000049.1,114658,115374,2670,-1,tr|A5I6H3|A5I6H3_CLOBH,N-acetylglucosaminyldiphosphoundecaprenol N-acetyl-beta-D-mannosaminyltransferase,tagA,Clostridium botulinum (strain Hall / ATCC 3502 / NCTC 13319 / Type A),1.0,CBO_2073
CBO_2074,GCA-001273255.1-protein2477,GCA_001273255.1,LGIK01000047.1,61382,61828,2477,1,tr|A5I5I6|A5I5I6_CLOBH,Chemotaxis protein CheW,cheW,Clostridium botulinum (strain Hall / ATCC 3502 / NCTC 13319 / Type A),1.0,CBO_2074
CBO_2075,GCA-001573905.1-protein3563,GCA_001573905.1,LFPO01000007.1,65280,65564,3563,1,tr|A5I7Q9|A5I7Q9_CLOBH,DNA-binding protein HU,hup,Clostridium botulinum (strain Hall / ATCC 3502 / NCTC 13319 / Type A),0.71,CBO_2075
CBO_2076,GCA-001273255.1-protein3489,GCA_001273255.1,LGIK01000055.1,9127,10893,3489,1,tr|A5HYW5|A5HYW5_CLOBH,Na+/H+ antiporter,CBO0421,Clostridium botulinum (strain Hall / ATCC 3502 / NCTC 13319 / Type A),1.0,CBO_2076
CBO_2077,GCA-001273255.1-protein907,GCA_001273255.1,LGIK01000019.1,290141,291118,907,1,tr|A5HZP4|A5HZP4_CLOBH,lipoate--protein ligase,lplA1,Clostridium botulinum (strain Hall / ATCC 3502 / NCTC 13319 / Type A),0.96,CBO_2077
CBO_2078,GCA-001273255.1-protein3049,GCA_001273255.1,LGIK01000051.1,147864,149165,3049,-1,tr|A5I1S7|A5I1S7_CLOBH,L-aspartate oxidase,nadB,Clostridium botulinum (strain Hall / ATCC 3502 / NCTC 13319 / Type A),1.0,CBO_2078
CBO_2079,GCA-001273255.1-protein1533,GCA_001273255.1,LGIK01000025.1,169482,170651,1533,-1,tr|A5I551|A5I551_CLOBH,Flavoprotein,CBO2619,Clostridium botulinum (strain Hall / ATCC 3502 / NCTC 13319 / Type A),1.0,CBO_2079
CBO_2080,GCA-001273255.1-protein1915,GCA_001273255.1,LGIK01000030.1,68376,69575,1915,-1,tr|A5I7V8|A5I7V8_CLOBH,ATP/GTP-binding protein,CBO3584,Clostridium botulinum (strain Hall / ATCC 3502 / NCTC 13319 / Type A),1.0,CBO_2080
CBO_2081,GCA-001273255.1-protein561,GCA_001273255.1,LGIK01000017.1,45549,46319,561,-1,tr|A5I0G4|A5I0G4_CLOBH,"Iron(III) dicitrate ABC transporter,ATP-binding protein",fecE,Clostridium botulinum (strain Hall / ATCC 3502 / NCTC 13319 / Type A),1.0,CBO_2081
CBO_2082,GCA-001273255.1-protein2380,GCA_001273255.1,LGIK01000044.1,26293,28200,2380,-1,sp|A5I6L8|SYT_CLOBH,Threonine--tRNA ligase,thrS,Clostridium botulinum (strain Hall / ATCC 3502 / NCTC 13319 / Type A),1.0,CBO_2082
CBO_2083,GCA-001273255.1-protein484,GCA_001273255.1,LGIK01000015.1,27712,28437,484,1,tr|A5I6V6|A5I6V6_CLOBH,CAAX prenyl protease 2/Lysostaphin resistance protein A-like domain-containing protein,CBO3226,Clostridium botulinum (strain Hall / ATCC 3502 / NCTC 13319 / Type A),1.0,CBO_2083
CBO_2084,GCA-001273255.1-protein2808,GCA_001273255.1,LGIK01000005.1,141269,143176,2808,1,tr|A5I5S8|A5I5S8_CLOBH,Acyl-CoA dehydrogenase,CBO2843,Clostridium botulinum (strain Hall / ATCC 3502 / NCTC 13319 / Type A),1.0,CBO_2084
CBO_2085,GCA-001273255.1-protein2468,GCA_001273255.1,LGIK01000047.1,47792,48856,2468,1,sp|A5I5J5|MURG_CLOBH,UDP-N-acetylglucosamine--N-acetylmuramyl-(pentapeptide) pyrophosphoryl-undecaprenol N-acetylglucosamine transferase,murG,Clostridium botulinum (strain Hall / ATCC 3502 / NCTC 13319 / Type A),1.0,CBO_2085
CBO_2086,GCA-001273255.1-protein1591,GCA_001273255.1,LGIK01000025.1,225556,226446,1591,1,tr|A5I5A9|A5I5A9_CLOBH,Exported protein,CBO2675,Clostridium botulinum (strain Hall / ATCC 3502 / NCTC 13319 / Type A),0.99,CBO_2086
CBO_2087,GCA-001273255.1-protein3239,GCA_001273255.1,LGIK01000054.1,33855,34688,3239,1,tr|A5HXY1|A5HXY1_CLOBH,Lipoprotein,CBO0084,Clostridium botulinum (strain Hall / ATCC 3502 / NCTC 13319 / Type A),1.0,CBO_2087
CBO_2088,GCA-001273255.1-protein334,GCA_001273255.1,LGIK01000012.1,362395,364299,334,1,tr|A5I366|A5I366_CLOBH,Molybdopterin molybdenumtransferase,moeA2,Clostridium botulinum (strain Hall / ATCC 3502 / NCTC 13319 / Type A),1.0,CBO_2088
CBO_2089,GCA-001273255.1-protein1159,GCA_001273255.1,LGIK01000021.1,41409,42206,1159,1,tr|A5I4K7|A5I4K7_CLOBH,Phosphatidate cytidylyltransferase,CBO2430,Clostridium botulinum (strain Hall / ATCC 3502 / NCTC 13319 / Type A),1.0,CBO_2089
CBO_2090,GCA-001273255.1-protein2436,GCA_001273255.1,LGIK01000047.1,6852,8564,2436,-1,tr|A5I5M8|A5I5M8_CLOBH,Hydroxylamine reductase,hcp,Clostridium botulinum (strain Hall / ATCC 3502 / NCTC 13319 / Type A),1.0,CBO_2090
CBO_2091,GCA-001273255.1-protein580,GCA_001273255.1,LGIK01000017.1,64580,66739,580,1,tr|A5I0I4|A5I0I4_CLOBH,Membrane protein,CBO0993,Clostridium botulinum (strain Hall / ATCC 3502 / NCTC 13319 / Type A),1.0,CBO_2091
CBO_2092,GCA-001273255.1-protein3079,GCA_001273255.1,LGIK01000051.1,177713,179056,3079,1,tr|A5I1V7|A5I1V7_CLOBH,Uracil permease,pyrP,Clostridium botulinum (strain Hall / ATCC 3502 / NCTC 13319 / Type A),1.0,CBO_2092
CBO_2093,GCA-001273255.1-protein306,GCA_001273255.1,LGIK01000012.1,328041,328856,306,1,tr|A5I394|A5I394_CLOBH,DUF169 domain-containing protein,CBO1969,Clostridium botulinum (strain Hall / ATCC 3502 / NCTC 13319 / Type A),1.0,CBO_2093
CBO_2094,GCA-001273255.1-protein385,GCA_001273255.1,LGIK01000012.1,414128,414718,385,1,tr|A5I314|A5I314_CLOBH,Stage III sporulation protein AF,spoIIIAF,Clostridium botulinum (strain Hall / ATCC 3502 / NCTC 13319 / Type A),1.0,CBO_2094
CBO_2095,GCA-001273255.1-protein3609,GCA_001273255.1,LGIK01000009.1,40837,42600,3609,1,tr|A5I0R9|A5I0R9_CLOBH,Ferrous iron transport protein B,feoB,Clostridium botulinum (strain Hall / ATCC 3502 / NCTC 13319 / Type A),1.0,CBO_2095
CBO_2096,GCA-001273255.1-protein2414,GCA_001273255.1,LGIK01000044.1,68580,68927,2414,1,tr|A5I6Q2|A5I6Q2_CLOBH,TPR-family repetative protein,CBO3173,Clostridium botulinum (strain Hall / ATCC 3502 / NCTC 13319 / Type A),1.0,CBO_2096
CBO_2097,GCA-001273255.1-protein2121,GCA_001273255.1,LGIK01000043.1,19131,19904,2121,1,tr|A5I7M5|A5I7M5_CLOBH,tRNA/rRNA methyltransferase,yacO,Clostridium botulinum (strain Hall / ATCC 3502 / NCTC 13319 / Type A),1.0,CBO_2097
CBO_2098,GCA-001573255.1-protein2955,GCA_001573255.1,LFON01000004.1,233355,234098,2955,-1,tr|A5I7G2|A5I7G2_CLOBH,Lipoprotein,CBO3437,Clostridium botulinum (strain Hall / ATCC 3502 / NCTC 13319 / Type A),0.96,CBO_2098
CBO_2099,GCA-001273255.1-protein1877,GCA_001273255.1,LGIK01000030.1,30143,30586,1877,1,sp|A5I7Z5|RL9_CLOBH,Large ribosomal subunit protein bL9,rplI,Clostridium botulinum (strain Hall / ATCC 3502 / NCTC 13319 / Type A),1.0,CBO_2099
CBO_2100,GCA-001273255.1-protein811,GCA_001273255.1,LGIK01000019.1,177519,177782,811,1,tr|A5HZD2|A5HZD2_CLOBH,Uncharacterized protein,CBO0588,Clostridium botulinum (strain Hall / ATCC 3502 / NCTC 13319 / Type A),1.0,CBO_2100
CBO_2101,GCA-001273255.1-protein602,GCA_001273255.1,LGIK01000017.1,90085,91269,602,-1,tr|A5I0K6|A5I0K6_CLOBH,Aminotransferase,CBO1014,Clostridium botulinum (strain Hall / ATCC 3502 / NCTC 13319 / Type A),1.0,CBO_2101
CBO_2102,GCA-001573175.1-protein1083,GCA_001573175.1,LFOK01000017.1,21044,21829,1083,1,tr|A5I014|A5I014_CLOBH,PurM-like N-terminal domain-containing protein,CBO0822,Clostridium botulinum (strain Hall / ATCC 3502 / NCTC 13319 / Type A),0.88,CBO_2102
CBO_2103,GCA-001273255.1-protein59,GCA_001273255.1,LGIK01000012.1,51156,51497,59,1,tr|A5I401|A5I401_CLOBH,PqqD family protein,CBO2230,Clostridium botulinum (strain Hall / ATCC 3502 / NCTC 13319 / Type A),1.0,CBO_2103
CBO_2104,GCA-001273255.1-protein817,GCA_001273255.1,LGIK01000019.1,186563,187954,817,1,sp|A5HZE1|SYN_CLOBH,Asparagine--tRNA ligase,asnS,Clostridium botulinum (strain Hall / ATCC 3502 / NCTC 13319 / Type A),1.0,CBO_2104
CBO_2105,GCA-001273255.1-protein3308,GCA_001273255.1,LGIK01000054.1,108360,109208,3308,1,sp|A5HY51|ATPG_CLOBH,ATP synthase gamma chain,atpG,Clostridium botulinum (strain Hall / ATCC 3502 / NCTC 13319 / Type A),1.0,CBO_2105
CBO_2106,GCA-001273255.1-protein3251,GCA_001273255.1,LGIK01000054.1,45814,46152,3251,-1,tr|A5HXZ4|A5HXZ4_CLOBH,PadR-family transcriptional regulator,CBO0097,Clostridium botulinum (strain Hall / ATCC 3502 / NCTC 13319 / Type A),1.0,CBO_2106
CBO_2107,GCA-001273255.1-protein3451,GCA_001273255.1,LGIK01000054.1,272998,274035,3451,1,tr|A5HYJ3|A5HYJ3_CLOBH,AraC-family transcriptional regulator,CBO0300,Clostridium botulinum (strain Hall / ATCC 3502 / NCTC 13319 / Type A),1.0,CBO_2107
CBO_2108,GCA-001273255.1-protein1133,GCA_001273255.1,LGIK01000021.1,16031,16264,1133,1,tr|A5I4N3|A5I4N3_CLOBH,Acyl carrier protein,acp,Clostridium botulinum (strain Hall / ATCC 3502 / NCTC 13319 / Type A),1.0,CBO_2108
CBO_2109,GCA-001273255.1-protein1551,GCA_001273255.1,LGIK01000025.1,186405,187604,1551,-1,tr|A5I567|A5I567_CLOBH,Membrane protein,CBO2633,Clostridium botulinum (strain Hall / ATCC 3502 / NCTC 13319 / Type A),1.0,CBO_2109
CBO_2110,GCA-001573935.1-protein2683,GCA_001573935.1,LFPP01000005.1,293654,295702,2683,-1,tr|A5I5I7|A5I5I7_CLOBH,RNA-binding protein KhpB N-terminal domain-containing protein,CBO2753,Clostridium botulinum (strain Hall / ATCC 3502 / NCTC 13319 / Type A),0.97,CBO_2110
CBO_2111,GCA-001273255.1-protein3345,GCA_001273255.1,LGIK01000054.1,151974,152642,3345,-1,tr|A5HY88|A5HY88_CLOBH,Membrane protein,CBO0195,Clostridium botulinum (strain Hall / ATCC 3502 / NCTC 13319 / Type A),0.99,CBO_2111
CBO_2112,GCA-001273255.1-protein1976,GCA_001273255.1,LGIK01000030.1,133348,134175,1976,1,tr|A5I7P6|A5I7P6_CLOBH,Uncharacterized protein,CBO3520,Clostridium botulinum (strain Hall / ATCC 3502 / NCTC 13319 / Type A),0.98,CBO_2112
CBO_2113,GCA-001273255.1-protein140,GCA_001273255.1,LGIK01000012.1,139590,140357,140,1,tr|A5I3R9|A5I3R9_CLOBH,"ABC transporter, ATP-binding protein",CBO2147,Clostridium botulinum (strain Hall / ATCC 3502 / NCTC 13319 / Type A),0.98,CBO_2113
CBO_2114,GCA-001273255.1-protein2145,GCA_001273255.1,LGIK01000043.1,42163,42498,2145,1,tr|A5I7K1|A5I7K1_CLOBH,Large ribosomal subunit protein uL22,rplV,Clostridium botulinum (strain Hall / ATCC 3502 / NCTC 13319 / Type A),0.99,CBO_2114
CBO_2115,GCA-001273255.1-protein1007,GCA_001273255.1,LGIK01000019.1,401419,403899,1007,-1,tr|A5I007|A5I007_CLOBH,Bifunctional protein [include methyl-accepting chemotaxis protein and an extracellular solute-binding protein],CBO0815,Clostridium botulinum (strain Hall / ATCC 3502 / NCTC 13319 / Type A),1.0,CBO_2115
CBO_2116,GCA-001273255.1-protein1948,GCA_001273255.1,LGIK01000030.1,101180,101488,1948,-1,tr|A5I7S4|A5I7S4_CLOBH,Membrane protein,CBO3549,Clostridium botulinum (strain Hall / ATCC 3502 / NCTC 13319 / Type A),1.0,CBO_2116
CBO_2117,GCA-001273255.1-protein1582,GCA_001273255.1,LGIK01000025.1,216669,217103,1582,-1,tr|A5I598|A5I598_CLOBH,Flagellar basal-body rod protein FlgC,flgC,Clostridium botulinum (strain Hall / ATCC 3502 / NCTC 13319 / Type A),1.0,CBO_2117
CBO_2118,GCA-001273255.1-protein2006,GCA_001273255.1,LGIK01000034.1,16822,17349,2006,1,tr|A5HYP4|A5HYP4_CLOBH,Phosphatase,CBO0350,Clostridium botulinum (strain Hall / ATCC 3502 / NCTC 13319 / Type A),1.0,CBO_2118
CBO_2119,GCA-001573175.1-protein1771,GCA_001573175.1,LFOK01000026.1,24155,27607,1771,-1,sp|A5HYX0|ADDB_CLOBH,ATP-dependent helicase/deoxyribonuclease subunit B,addB,Clostridium botulinum (strain Hall / ATCC 3502 / NCTC 13319 / Type A),0.99,CBO_2119
CBO_2120,GCA-001273255.1-protein2989,GCA_001273255.1,LGIK01000051.1,82954,83718,2989,1,tr|A5I1M3|A5I1M3_CLOBH,"ABC transporter, ATP-binding protein",CBO1391A,Clostridium botulinum (strain Hall / ATCC 3502 / NCTC 13319 / Type A),1.0,CBO_2120
CBO_2121,GCA-001273255.1-protein1711,GCA_001273255.1,LGIK01000026.1,120457,120876,1711,-1,tr|A5I100|A5I100_CLOBH,Thioesterase,CBO1160,Clostridium botulinum (strain Hall / ATCC 3502 / NCTC 13319 / Type A),1.0,CBO_2121
CBO_2122,GCA-001273255.1-protein756,GCA_001273255.1,LGIK01000019.1,117212,117721,756,1,tr|A5HZ74|A5HZ74_CLOBH,Transferase,CBO0530,Clostridium botulinum (strain Hall / ATCC 3502 / NCTC 13319 / Type A),0.99,CBO_2122
CBO_2123,GCA-001273255.1-protein805,GCA_001273255.1,LGIK01000019.1,170185,170682,805,1,tr|A5HZC6|A5HZC6_CLOBH,N-acetyltransferase,CBO0582,Clostridium botulinum (strain Hall / ATCC 3502 / NCTC 13319 / Type A),0.92,CBO_2123
CBO_2124,GCA-001273255.1-protein2067,GCA_001273255.1,LGIK01000037.1,2270,2956,2067,1,tr|A5I2U1|A5I2U1_CLOBH,Cytochrome C-type biogenesis protein,ccdA2,Clostridium botulinum (strain Hall / ATCC 3502 / NCTC 13319 / Type A),1.0,CBO_2124
CBO_2125,GCA-001273255.1-protein632,GCA_001273255.1,LGIK01000017.1,120143,120829,632,-1,tr|A5I0N5|A5I0N5_CLOBH,DNA alkylation repair protein,CBO1043,Clostridium botulinum (strain Hall / ATCC 3502 / NCTC 13319 / Type A),1.0,CBO_2125
CBO_2126,GCA-001273255.1-protein2252,GCA_001273255.1,LGIK01000043.1,142362,142715,2252,1,tr|A5I795|A5I795_CLOBH,DUF1540 domain-containing protein,CBO3370,Clostridium botulinum (strain Hall / ATCC 3502 / NCTC 13319 / Type A),1.0,CBO_2126
CBO_2127,GCA-001273255.1-protein1330,GCA_001273255.1,LGIK01000023.1,23525,24940,1330,-1,tr|A5HYR1|A5HYR1_CLOBH,Sodium/solute symporter,CBO0367,Clostridium botulinum (strain Hall / ATCC 3502 / NCTC 13319 / Type A),0.99,CBO_2127
CBO_2128,GCA-001273255.1-protein248,GCA_001273255.1,LGIK01000012.1,259512,261005,248,1,tr|A5I3F7|A5I3F7_CLOBH,Transporter,CBO2033,Clostridium botulinum (strain Hall / ATCC 3502 / NCTC 13319 / Type A),1.0,CBO_2128
CBO_2129,GCA-001273255.1-protein3273,GCA_001273255.1,LGIK01000054.1,74671,77292,3273,1,tr|A5HY16|A5HY16_CLOBH,Cyanophycin synthetase,cphA,Clostridium botulinum (strain Hall / ATCC 3502 / NCTC 13319 / Type A),1.0,CBO_2129
CBO_2130,GCA-001273255.1-protein2871,GCA_001273255.1,LGIK01000050.1,29609,30928,2871,1,sp|A5I4V0|DER_CLOBH,GTPase Der,der,Clostridium botulinum (strain Hall / ATCC 3502 / NCTC 13319 / Type A),1.0,CBO_2130
CBO_2131,GCA-001273255.1-protein1562,GCA_001273255.1,LGIK01000025.1,198083,199309,1562,-1,tr|A5I578|A5I578_CLOBH,Flagellar biosynthesis protein FlhF,flhF,Clostridium botulinum (strain Hall / ATCC 3502 / NCTC 13319 / Type A),1.0,CBO_2131
CBO_2132,GCA-001273255.1-protein767,GCA_001273255.1,LGIK01000019.1,129753,130988,767,1,tr|A5HZ86|A5HZ86_CLOBH,Xaa-Pro aminopeptidase,pepP,Clostridium botulinum (strain Hall / ATCC 3502 / NCTC 13319 / Type A),1.0,CBO_2132
CBO_2133,GCA-001273255.1-protein1568,GCA_001273255.1,LGIK01000025.1,204784,205305,1568,-1,tr|A5I584|A5I584_CLOBH,Flagellar protein FliL,fliL,Clostridium botulinum (strain Hall / ATCC 3502 / NCTC 13319 / Type A),1.0,CBO_2133
CBO_2134,GCA-001273255.1-protein2016,GCA_001273255.1,LGIK01000035.1,3656,4684,2016,1,tr|A5I5P9|A5I5P9_CLOBH,Ribonucleoside-diphosphate reductase subunit beta,nrdF,Clostridium botulinum (strain Hall / ATCC 3502 / NCTC 13319 / Type A),1.0,CBO_2134
CBO_2135,GCA-001273255.1-protein1694,GCA_001273255.1,LGIK01000026.1,102884,103693,1694,-1,tr|A5I116|A5I116_CLOBH,Zinc transporter,CBO1177,Clostridium botulinum (strain Hall / ATCC 3502 / NCTC 13319 / Type A),1.0,CBO_2135
CBO_2136,GCA-001273255.1-protein541,GCA_001273255.1,LGIK01000017.1,26567,27055,541,1,tr|A5I0E4|A5I0E4_CLOBH,Probable transport protein,CBO0951,Clostridium botulinum (strain Hall / ATCC 3502 / NCTC 13319 / Type A),1.0,CBO_2136
CBO_2137,GCA-001273255.1-protein2675,GCA_001273255.1,LGIK01000049.1,120986,122113,2675,-1,tr|A5I6H8|A5I6H8_CLOBH,Glycosyltransferase,CBO3097,Clostridium botulinum (strain Hall / ATCC 3502 / NCTC 13319 / Type A),1.0,CBO_2137
CBO_2138,GCA-001273255.1-protein721,GCA_001273255.1,LGIK01000019.1,73368,74492,721,1,tr|A5HZ38|A5HZ38_CLOBH,Cytolysin ABC transporter,sagH,Clostridium botulinum (strain Hall / ATCC 3502 / NCTC 13319 / Type A),1.0,CBO_2138
CBO_2139,GCA-001273255.1-protein1669,GCA_001273255.1,LGIK01000026.1,70234,71862,1669,-1,tr|A5I140|A5I140_CLOBH,Beta-amylase,CBO1203,Clostridium botulinum (strain Hall / ATCC 3502 / NCTC 13319 / Type A),1.0,CBO_2139
CBO_2140,GCA-001273255.1-protein2329,GCA_001273255.1,LGIK01000043.1,248722,249945,2329,1,tr|A5I715|A5I715_CLOBH,R-phenyllactate dehydratase medium subunit,fldB,Clostridium botulinum (strain Hall / ATCC 3502 / NCTC 13319 / Type A),1.0,CBO_2140
CBO_2141,GCA-001273255.1-protein2230,GCA_001273255.1,LGIK01000043.1,112054,112956,2230,1,tr|A5I7B6|A5I7B6_CLOBH,Membrane protein,CBO3392,Clostridium botulinum (strain Hall / ATCC 3502 / NCTC 13319 / Type A),0.96,CBO_2141
CBO_2142,GCA-001273255.1-protein275,GCA_001273255.1,LGIK01000012.1,290622,290900,275,1,tr|A5I3C8|A5I3C8_CLOBH,ATP-cone domain-containing protein,CBO2003,Clostridium botulinum (strain Hall / ATCC 3502 / NCTC 13319 / Type A),1.0,CBO_2142
CBO_2143,GCA-001273255.1-protein2550,GCA_001273255.1,LGIK01000049.1,2985,4499,2550,-1,tr|A5I653|A5I653_CLOBH,Membrane protein,CBO2972,Clostridium botulinum (strain Hall / ATCC 3502 / NCTC 13319 / Type A),1.0,CBO_2143
CBO_2144,GCA-001573175.1-protein2024,GCA_001573175.1,LFOK01000003.1,153602,154699,2024,-1,tr|A5I3R3|A5I3R3_CLOBH,Protein CbrA,CBO2141,Clostridium botulinum (strain Hall / ATCC 3502 / NCTC 13319 / Type A),0.94,CBO_2144
CBO_2145,GCA-001273255.1-protein2985,GCA_001273255.1,LGIK01000051.1,77830,79293,2985,1,tr|A5I1L9|A5I1L9_CLOBH,Cytosol non-specific dipeptidase,CBO1388,Clostridium botulinum (strain Hall / ATCC 3502 / NCTC 13319 / Type A),1.0,CBO_2145
CBO_2146,GCA-001273255.1-protein357,GCA_001273255.1,LGIK01000012.1,392353,392694,357,1,tr|A5I342|A5I342_CLOBH,Uncharacterized protein,CBO1918,Clostridium botulinum (strain Hall / ATCC 3502 / NCTC 13319 / Type A),1.0,CBO_2146
CBO_2147,GCA-001273255.1-protein1747,GCA_001273255.1,LGIK01000028.1,33824,34774,1747,-1,tr|A5I2N0|A5I2N0_CLOBH,Exported protein,CBO1758,Clostridium botulinum (strain Hall / ATCC 3502 / NCTC 13319 / Type A),1.0,CBO_2147
CBO_2148,GCA-001273255.1-protein2812,GCA_001273255.1,LGIK01000005.1,148077,149519,2812,-1,tr|A5I5S4|A5I5S4_CLOBH,"PTS system, N-acetylglucosamine-specific IIabc component",nagE,Clostridium botulinum (strain Hall / ATCC 3502 / NCTC 13319 / Type A),1.0,CBO_2148
CBO_2149,GCA-001273255.1-protein1600,GCA_001273255.1,LGIK01000026.1,4411,5139,1600,-1,tr|A5I1B2|A5I1B2_CLOBH,Membrane protein,CBO1275,Clostridium botulinum (strain Hall / ATCC 3502 / NCTC 13319 / Type A),1.0,CBO_2149
CBO_2150,GCA-001273255.1-protein717,GCA_001273255.1,LGIK01000019.1,69408,70766,717,1,tr|A5HZ34|A5HZ34_CLOBH,Cytolysin-associated protein,sagD,Clostridium botulinum (strain Hall / ATCC 3502 / NCTC 13319 / Type A),1.0,CBO_2150
CBO_2151,GCA-001273255.1-protein1623,GCA_001273255.1,LGIK01000026.1,26382,26609,1623,-1,tr|A5I192|A5I192_CLOBH,Glutaredoxin,grxC,Clostridium botulinum (strain Hall / ATCC 3502 / NCTC 13319 / Type A),1.0,CBO_2151
CBO_2152,GCA-001273255.1-protein185,GCA_001273255.1,LGIK01000012.1,189181,191805,185,-1,tr|A5I3M4|A5I3M4_CLOBH,Glycosyltransferase,CBO2103,Clostridium botulinum (strain Hall / ATCC 3502 / NCTC 13319 / Type A),1.0,CBO_2152
CBO_2153,GCA-001273255.1-protein2684,GCA_001273255.1,LGIK01000049.1,131953,132699,2684,-1,tr|A5I6I7|A5I6I7_CLOBH,Capsular polysaccharide biosynthesis transferase,CBO3106,Clostridium botulinum (strain Hall / ATCC 3502 / NCTC 13319 / Type A),1.0,CBO_2153
CBO_2154,GCA-001273255.1-protein643,GCA_001273255.1,LGIK01000017.1,133345,134220,643,-1,tr|A5I0P7|A5I0P7_CLOBH,Uncharacterized protein,CBO1054,Clostridium botulinum (strain Hall / ATCC 3502 / NCTC 13319 / Type A),1.0,CBO_2154
CBO_2155,GCA-001573235.1-protein2081,GCA_001573235.1,LFOL01000032.1,17550,18398,2081,-1,tr|A5I5T7|A5I5T7_CLOBH,"Dehydrogenase, FAD binding subunit",CBO2851,Clostridium botulinum (strain Hall / ATCC 3502 / NCTC 13319 / Type A),0.95,CBO_2155
CBO_2156,GCA-001273255.1-protein1699,GCA_001273255.1,LGIK01000026.1,106833,107681,1699,-1,sp|A5I112|FOLD_CLOBH,Bifunctional protein FolD,folD,Clostridium botulinum (strain Hall / ATCC 3502 / NCTC 13319 / Type A),1.0,CBO_2156
CBO_2157,GCA-001273255.1-protein400,GCA_001273255.1,LGIK01000012.1,428414,429640,400,1,tr|A5I2Z9|A5I2Z9_CLOBH,Homoserine dehydrogenase,hom,Clostridium botulinum (strain Hall / ATCC 3502 / NCTC 13319 / Type A),1.0,CBO_2157
CBO_2158,GCA-001573255.1-protein2460,GCA_001573255.1,LFON01000031.1,23065,24894,2460,1,tr|A5I6K5|A5I6K5_CLOBH,Uncharacterized protein,CBO3124,Clostridium botulinum (strain Hall / ATCC 3502 / NCTC 13319 / Type A),0.94,CBO_2158
CBO_2159,GCA-001273255.1-protein3589,GCA_001273255.1,LGIK01000009.1,20796,21440,3589,-1,tr|A5I0U0|A5I0U0_CLOBH,Metal dependent phosphohydrolase,CBO1098,Clostridium botulinum (strain Hall / ATCC 3502 / NCTC 13319 / Type A),0.98,CBO_2159
CBO_2160,GCA-001273255.1-protein3359,GCA_001273255.1,LGIK01000054.1,166259,166900,3359,1,tr|A5HYA2|A5HYA2_CLOBH,Endonuclease III,nth,Clostridium botulinum (strain Hall / ATCC 3502 / NCTC 13319 / Type A),1.0,CBO_2160
CBO_2161,GCA-001273255.1-protein746,GCA_001273255.1,LGIK01000019.1,104306,105001,746,-1,tr|A5HZ63|A5HZ63_CLOBH,Uncharacterized protein,CBO0519,Clostridium botulinum (strain Hall / ATCC 3502 / NCTC 13319 / Type A),1.0,CBO_2161
CBO_2162,GCA-001273255.1-protein3160,GCA_001273255.1,LGIK01000051.1,265853,266500,3160,1,tr|A5I240|A5I240_CLOBH,ATP phosphoribosyltransferase,hisG,Clostridium botulinum (strain Hall / ATCC 3502 / NCTC 13319 / Type A),1.0,CBO_2162
CBO_2163,GCA-001273255.1-protein32,GCA_001273255.1,LGIK01000012.1,23601,24557,32,1,sp|A5I427|BIOB_CLOBH,Biotin synthase,bioB,Clostridium botulinum (strain Hall / ATCC 3502 / NCTC 13319 / Type A),1.0,CBO_2163
CBO_2164,GCA-001273255.1-protein167,GCA_001273255.1,LGIK01000012.1,170891,171187,167,1,tr|A5I3P2|A5I3P2_CLOBH,Propanediol utilization protein,pduA2,Clostridium botulinum (strain Hall / ATCC 3502 / NCTC 13319 / Type A),1.0,CBO_2164
CBO_2165,GCA-001273255.1-protein2480,GCA_001273255.1,LGIK01000047.1,63435,64205,2480,1,tr|A5I5I3|A5I5I3_CLOBH,protein-glutamate O-methyltransferase,cheR,Clostridium botulinum (strain Hall / ATCC 3502 / NCTC 13319 / Type A),1.0,CBO_2165
CBO_2166,GCA-001273255.1-protein1794,GCA_001273255.1,LGIK01000028.1,90271,91254,1794,-1,tr|A5I2A0|A5I2A0_CLOBH,Pyruvate dehydrogenase E1 component subunit alpha,acoA,Clostridium botulinum (strain Hall / ATCC 3502 / NCTC 13319 / Type A),1.0,CBO_2166
CBO_2167,GCA-001273255.1-protein2457,GCA_001273255.1,LGIK01000047.1,30197,30574,2457,1,tr|A5I5K7|A5I5K7_CLOBH,Membrane protein,CBO2771,Clostridium botulinum (strain Hall / ATCC 3502 / NCTC 13319 / Type A),1.0,CBO_2167
CBO_2168,GCA-001273255.1-protein798,GCA_001273255.1,LGIK01000019.1,165186,165887,798,1,tr|A5HZB9|A5HZB9_CLOBH,Stage 0 sporulation protein A homolog,CBO0575,Clostridium botulinum (strain Hall / ATCC 3502 / NCTC 13319 / Type A),0.99,CBO_2168
CBO_2169,GCA-002103825.1-protein1249,GCA_002103825.1,MWIY01000014.1,9548,10480,1249,-1,tr|A5HYV2|A5HYV2_CLOBH,DUF2935 domain-containing protein,CBO0408,Clostridium botulinum (strain Hall / ATCC 3502 / NCTC 13319 / Type A),0.98,CBO_2169
CBO_2170,GCA-001273255.1-protein2086,GCA_001273255.1,LGIK01000037.1,25727,28525,2086,1,sp|A5I2S2|MUTS_CLOBH,DNA mismatch repair protein MutS,mutS,Clostridium botulinum (strain Hall / ATCC 3502 / NCTC 13319 / Type A),0.99,CBO_2170
CBO_2171,GCA-001273255.1-protein2765,GCA_001273255.1,LGIK01000005.1,80772,81386,2765,-1,tr|A5I5X5|A5I5X5_CLOBH,MobA-like NTP transferase domain-containing protein,CBO2891,Clostridium botulinum (strain Hall / ATCC 3502 / NCTC 13319 / Type A),1.0,CBO_2171
CBO_2172,GCA-001273255.1-protein1588,GCA_001273255.1,LGIK01000025.1,222915,223253,1588,-1,tr|A5I5A6|A5I5A6_CLOBH,Uncharacterized protein,CBO2672,Clostridium botulinum (strain Hall / ATCC 3502 / NCTC 13319 / Type A),1.0,CBO_2172
CBO_2173,GCA-001273255.1-protein1670,GCA_001273255.1,LGIK01000026.1,72533,73978,1670,-1,tr|A5I139|A5I139_CLOBH,6-phospho-beta-glucosidase,CBO1202,Clostridium botulinum (strain Hall / ATCC 3502 / NCTC 13319 / Type A),1.0,CBO_2173
CBO_2174,GCA-001273255.1-protein3370,GCA_001273255.1,LGIK01000054.1,178860,180374,3370,1,tr|A5HYB3|A5HYB3_CLOBH,"ABC-transporter, ATP-binding protein",CBO0220,Clostridium botulinum (strain Hall / ATCC 3502 / NCTC 13319 / Type A),1.0,CBO_2174
CBO_2175,GCA-001273255.1-protein2586,GCA_001273255.1,LGIK01000049.1,39153,39590,2586,-1,sp|A5I689|Y3010_CLOBH,UPF0735 ACT domain-containing protein CBO3010/CLC_2906,CBO3010,Clostridium botulinum (strain Hall / ATCC 3502 / NCTC 13319 / Type A),1.0,CBO_2175
CBO_2176,GCA-001273255.1-protein3614,GCA_001273255.1,LGIK01000009.1,47319,48656,3614,-1,tr|A5I0R4|A5I0R4_CLOBH,Glycerol-3-phosphate transporter,glpT,Clostridium botulinum (strain Hall / ATCC 3502 / NCTC 13319 / Type A),0.99,CBO_2176
CBO_2177,GCA-001573255.1-protein327,GCA_001573255.1,LFON01000010.1,115069,116523,327,-1,tr|A5HXV0|A5HXV0_CLOBH,Lysine decarboxylase,CBO0053,Clostridium botulinum (strain Hall / ATCC 3502 / NCTC 13319 / Type A),0.97,CBO_2177
CBO_2178,GCA-001273255.1-protein1728,GCA_001273255.1,LGIK01000028.1,13893,14786,1728,1,tr|A5I2P9|A5I2P9_CLOBH,Stage 0 sporulation protein A homolog,cheV,Clostridium botulinum (strain Hall / ATCC 3502 / NCTC 13319 / Type A),1.0,CBO_2178
CBO_2179,GCA-001273255.1-protein3068,GCA_001273255.1,LGIK01000051.1,167745,168020,3068,1,tr|A5I1U6|A5I1U6_CLOBH,Membrane protein,CBO1467,Clostridium botulinum (strain Hall / ATCC 3502 / NCTC 13319 / Type A),1.0,CBO_2179
CBO_2180,GCA-001574355.1-protein1003,GCA_001574355.1,LFQF01000016.1,337947,338459,1003,-1,tr|A5HZS4|A5HZS4_CLOBH,DUF985 domain-containing protein,CBO0731,Clostridium botulinum (strain Hall / ATCC 3502 / NCTC 13319 / Type A),0.95,CBO_2180
CBO_2181,GCA-001273255.1-protein879,GCA_001273255.1,LGIK01000019.1,254691,255158,879,1,tr|A5HZK6|A5HZK6_CLOBH,Uncharacterized protein,CBO0663,Clostridium botulinum (strain Hall / ATCC 3502 / NCTC 13319 / Type A),0.98,CBO_2181
CBO_2182,GCA-001273255.1-protein3585,GCA_001273255.1,LGIK01000009.1,15043,15480,3585,-1,tr|A5I0U4|A5I0U4_CLOBH,MarR-family transcriptional regulator,CBO1102,Clostridium botulinum (strain Hall / ATCC 3502 / NCTC 13319 / Type A),1.0,CBO_2182
CBO_2183,GCA-001273255.1-protein1589,GCA_001273255.1,LGIK01000025.1,223276,223620,1589,-1,tr|A5I5A7|A5I5A7_CLOBH,Uncharacterized protein,CBO2673,Clostridium botulinum (strain Hall / ATCC 3502 / NCTC 13319 / Type A),0.99,CBO_2183
CBO_2184,GCA-001273255.1-protein2897,GCA_001273255.1,LGIK01000050.1,58268,58825,2897,1,tr|A5I4S2|A5I4S2_CLOBH,16S rRNA (Guanine(966)-N(2))-methyltransferase RsmD,CBO2495,Clostridium botulinum (strain Hall / ATCC 3502 / NCTC 13319 / Type A),1.0,CBO_2184
CBO_2185,GCA-001573255.1-protein893,GCA_001573255.1,LFON01000016.1,15171,16514,893,-1,tr|A5I5Z3|A5I5Z3_CLOBH,Modulator of ions transport,CBO2909,Clostridium botulinum (strain Hall / ATCC 3502 / NCTC 13319 / Type A),0.96,CBO_2185
CBO_2186,GCA-001273255.1-protein479,GCA_001273255.1,LGIK01000015.1,20930,21514,479,1,sp|A5I6W1|CLPP_CLOBH,ATP-dependent Clp protease proteolytic subunit,clpP,Clostridium botulinum (strain Hall / ATCC 3502 / NCTC 13319 / Type A),1.0,CBO_2186
CBO_2187,GCA-001273255.1-protein1335,GCA_001273255.1,LGIK01000023.1,29398,30720,1335,1,tr|A5HYQ6|A5HYQ6_CLOBH,cysteine desulfurase,CBO0362,Clostridium botulinum (strain Hall / ATCC 3502 / NCTC 13319 / Type A),1.0,CBO_2187
CBO_2188,GCA-001273255.1-protein2360,GCA_001273255.1,LGIK01000044.1,523,1059,2360,-1,tr|A5I6J6|A5I6J6_CLOBH,Large ribosomal subunit protein bL25,ctc,Clostridium botulinum (strain Hall / ATCC 3502 / NCTC 13319 / Type A),1.0,CBO_2188
CBO_2189,GCA-001273255.1-protein3549,GCA_001273255.1,LGIK01000007.1,13244,13678,3549,1,tr|A5HYT9|A5HYT9_CLOBH,Ferric uptake regulation protein,CBO0395,Clostridium botulinum (strain Hall / ATCC 3502 / NCTC 13319 / Type A),0.95,CBO_2189
CBO_2190,GCA-001273255.1-protein63,GCA_001273255.1,LGIK01000012.1,55017,55802,63,1,tr|A5I3Z8|A5I3Z8_CLOBH,Chemotaxis MotA protein,CBO2227,Clostridium botulinum (strain Hall / ATCC 3502 / NCTC 13319 / Type A),1.0,CBO_2190
CBO_2191,GCA-001273255.1-protein1618,GCA_001273255.1,LGIK01000026.1,20294,21337,1618,-1,tr|A5I197|A5I197_CLOBH,Glycine reductase complex component b gamma subunit,grdB,Clostridium botulinum (strain Hall / ATCC 3502 / NCTC 13319 / Type A),1.0,CBO_2191
CBO_2192,GCA-001273255.1-protein2173,GCA_001273255.1,LGIK01000043.1,56272,57075,2173,1,tr|A5I7H3|A5I7H3_CLOBH,Energy-coupling factor transporter transmembrane protein EcfT,ecfT,Clostridium botulinum (strain Hall / ATCC 3502 / NCTC 13319 / Type A),1.0,CBO_2192
CBO_2193,GCA-001273255.1-protein3481,GCA_001273255.1,LGIK01000054.1,304920,306623,3481,1,tr|A5HYM7|A5HYM7_CLOBH,Signaling protein,CBO0333,Clostridium botulinum (strain Hall / ATCC 3502 / NCTC 13319 / Type A),1.0,CBO_2193
CBO_2194,GCA-001273255.1-protein3259,GCA_001273255.1,LGIK01000054.1,59484,60230,3259,1,tr|A5HY02|A5HY02_CLOBH,PurE domain-containing protein,CBO0105,Clostridium botulinum (strain Hall / ATCC 3502 / NCTC 13319 / Type A),1.0,CBO_2194
CBO_2195,GCA-001574035.1-protein1908,GCA_001574035.1,LFPU01000038.1,750807,752876,1908,-1,tr|A5I298|A5I298_CLOBH,Signal-transduction and transcriptional-control protein,acoR,Clostridium botulinum (strain Hall / ATCC 3502 / NCTC 13319 / Type A),0.93,CBO_2195
CBO_2196,GCA-001273255.1-protein1674,GCA_001273255.1,LGIK01000026.1,77253,78143,1674,1,tr|A5I135|A5I135_CLOBH,AraC-family transcriptional regulator,CBO1198,Clostridium botulinum (strain Hall / ATCC 3502 / NCTC 13319 / Type A),1.0,CBO_2196
CBO_2197,GCA-001273255.1-protein3295,GCA_001273255.1,LGIK01000054.1,97902,98957,3295,1,tr|A5HY38|A5HY38_CLOBH,Threonylcarbamoyl-AMP synthase,CBO0142,Clostridium botulinum (strain Hall / ATCC 3502 / NCTC 13319 / Type A),1.0,CBO_2197
CBO_2198,GCA-001273255.1-protein297,GCA_001273255.1,LGIK01000012.1,317625,318734,297,-1,tr|A5I3A3|A5I3A3_CLOBH,Spore germination protein,gerAB3,Clostridium botulinum (strain Hall / ATCC 3502 / NCTC 13319 / Type A),1.0,CBO_2198
CBO_2199,GCA-001273255.1-protein49,GCA_001273255.1,LGIK01000012.1,38946,39410,49,1,tr|A5I410|A5I410_CLOBH,MarR family regulatory protein,CBO2241,Clostridium botulinum (strain Hall / ATCC 3502 / NCTC 13319 / Type A),0.98,CBO_2199
CBO_2200,GCA-001273255.1-protein1569,GCA_001273255.1,LGIK01000025.1,205302,206045,1569,-1,tr|A5I585|A5I585_CLOBH,Chemotaxis MotB protein,motB,Clostridium botulinum (strain Hall / ATCC 3502 / NCTC 13319 / Type A),1.0,CBO_2200
CBO_2201,GCA-001273255.1-protein2188,GCA_001273255.1,LGIK01000043.1,72008,72910,2188,1,tr|A5I7F8|A5I7F8_CLOBH,Thioredoxin reductase,trxB3,Clostridium botulinum (strain Hall / ATCC 3502 / NCTC 13319 / Type A),0.95,CBO_2201
CBO_2202,GCA-001273255.1-protein3311,GCA_001273255.1,LGIK01000054.1,111232,111939,3311,1,tr|A5HY54|A5HY54_CLOBH,Exported protein,CBO0158,Clostridium botulinum (strain Hall / ATCC 3502 / NCTC 13319 / Type A),1.0,CBO_2202
CBO_2203,GCA-001273255.1-protein66,GCA_001273255.1,LGIK01000012.1,57832,58191,66,1,tr|A5I3Z5|A5I3Z5_CLOBH,Dinitrogenase iron-molybdenum cofactor protein,CBO2224,Clostridium botulinum (strain Hall / ATCC 3502 / NCTC 13319 / Type A),0.96,CBO_2203
CBO_2204,GCA-001573175.1-protein2931,GCA_001573175.1,LFOK01000006.1,1170,3014,2931,-1,tr|A5HZA8|A5HZA8_CLOBH,Spermidine/putrescine transport system permease protein,potCD,Clostridium botulinum (strain Hall / ATCC 3502 / NCTC 13319 / Type A),1.0,CBO_2204
CBO_2205,GCA-001273255.1-protein2326,GCA_001273255.1,LGIK01000043.1,245000,246631,2326,1,tr|A5I718|A5I718_CLOBH,CoA-ligase,fldL,Clostridium botulinum (strain Hall / ATCC 3502 / NCTC 13319 / Type A),1.0,CBO_2205
CBO_2206,GCA-001273255.1-protein2362,GCA_001273255.1,LGIK01000044.1,2909,3742,2362,-1,tr|A5I6J8|A5I6J8_CLOBH,Uncharacterized protein,CBO3117,Clostridium botulinum (strain Hall / ATCC 3502 / NCTC 13319 / Type A),1.0,CBO_2206
CBO_2207,GCA-001273255.1-protein1163,GCA_001273255.1,LGIK01000021.1,43871,45028,1163,1,sp|A5I4K2|DXR_CLOBH,1-deoxy-D-xylulose 5-phosphate reductoisomerase,dxr,Clostridium botulinum (strain Hall / ATCC 3502 / NCTC 13319 / Type A),0.99,CBO_2207
CBO_2208,GCA-001273255.1-protein1739,GCA_001273255.1,LGIK01000028.1,25603,26577,1739,-1,tr|A5I2N8|A5I2N8_CLOBH,Uncharacterized protein,CBO1766,Clostridium botulinum (strain Hall / ATCC 3502 / NCTC 13319 / Type A),1.0,CBO_2208
CBO_2209,GCA-001273255.1-protein1180,GCA_001273255.1,LGIK01000021.1,64483,65688,1180,1,tr|A5I4I4|A5I4I4_CLOBH,Aspartokinase,CBO2410,Clostridium botulinum (strain Hall / ATCC 3502 / NCTC 13319 / Type A),1.0,CBO_2209
CBO_2210,GCA-001273255.1-protein1020,GCA_001273255.1,LGIK01000019.1,415901,417097,1020,1,tr|A5I020|A5I020_CLOBH,Dihydropteroate synthase,folP,Clostridium botulinum (strain Hall / ATCC 3502 / NCTC 13319 / Type A),0.93,CBO_2210
CBO_2211,GCA-001273255.1-protein1947,GCA_001273255.1,LGIK01000030.1,99585,100934,1947,-1,tr|A5I7S5|A5I7S5_CLOBH,Iron-only hydrogenase,CBO3550,Clostridium botulinum (strain Hall / ATCC 3502 / NCTC 13319 / Type A),1.0,CBO_2211
CBO_2212,GCA-001273255.1-protein2155,GCA_001273255.1,LGIK01000043.1,46089,46631,2155,1,sp|A5I7J1|RL6_CLOBH,Large ribosomal subunit protein uL6,rplF,Clostridium botulinum (strain Hall / ATCC 3502 / NCTC 13319 / Type A),1.0,CBO_2212
CBO_2213,GCA-001273255.1-protein508,GCA_001273255.1,LGIK01000017.1,257,904,508,1,tr|A5I0B1|A5I0B1_CLOBH,precorrin-2 dehydrogenase,CBO0919,Clostridium botulinum (strain Hall / ATCC 3502 / NCTC 13319 / Type A),0.99,CBO_2213
CBO_2214,GCA-001273255.1-protein1152,GCA_001273255.1,LGIK01000021.1,33865,35967,1152,1,tr|A5I4L5|A5I4L5_CLOBH,DNA topoisomerase 1,topA,Clostridium botulinum (strain Hall / ATCC 3502 / NCTC 13319 / Type A),0.99,CBO_2214
CBO_2215,GCA-001273255.1-protein2082,GCA_001273255.1,LGIK01000037.1,21128,22318,2082,-1,tr|A5I2S6|A5I2S6_CLOBH,Aminotransferase,aspC,Clostridium botulinum (strain Hall / ATCC 3502 / NCTC 13319 / Type A),1.0,CBO_2215
CBO_2216,GCA-001273255.1-protein381,GCA_001273255.1,LGIK01000012.1,411752,412270,381,1,tr|A5I318|A5I318_CLOBH,Stage III sporulation protein AB,spoIIIAB,Clostridium botulinum (strain Hall / ATCC 3502 / NCTC 13319 / Type A),0.99,CBO_2216
CBO_2217,GCA-001273255.1-protein617,GCA_001273255.1,LGIK01000017.1,105224,105433,617,1,tr|A5I0M0|A5I0M0_CLOBH,Ferrous iron transport protein,CBO1028,Clostridium botulinum (strain Hall / ATCC 3502 / NCTC 13319 / Type A),1.0,CBO_2217
CBO_2218,GCA-001573255.1-protein2904,GCA_001573255.1,LFON01000004.1,184060,185355,2904,-1,,,,,,CBO_2218
CBO_2219,GCA-054771215.1-protein3390,GCA_054771215.1,NKTA01000007.1,205292,206380,3390,-1,tr|A5I335|A5I335_CLOBH,Lipoprotein,CBO1911,Clostridium botulinum (strain Hall / ATCC 3502 / NCTC 13319 / Type A),0.97,CBO_2219
CBO_2220,GCA-001273255.1-protein607,GCA_001273255.1,LGIK01000017.1,95761,97050,607,-1,tr|A5I0L1|A5I0L1_CLOBH,Aspartate--tRNA ligase,aspS,Clostridium botulinum (strain Hall / ATCC 3502 / NCTC 13319 / Type A),1.0,CBO_2220
CBO_2221,GCA-001273255.1-protein232,GCA_001273255.1,LGIK01000012.1,237373,238512,232,1,tr|A5I3H4|A5I3H4_CLOBH,Nucleotide sugar transaminase,CBO2053,Clostridium botulinum (strain Hall / ATCC 3502 / NCTC 13319 / Type A),0.99,CBO_2221
CBO_2222,GCA-001273255.1-protein940,GCA_001273255.1,LGIK01000019.1,322521,323780,940,1,tr|A5HZS8|A5HZS8_CLOBH,Phage replication protein,CBO0735,Clostridium botulinum (strain Hall / ATCC 3502 / NCTC 13319 / Type A),0.88,CBO_2222
CBO_2223,GCA-001573175.1-protein2662,GCA_001573175.1,LFOK01000042.1,7529,7759,2662,-1,tr|A5I1L5|A5I1L5_CLOBH,Membrane protein,CBO1384,Clostridium botulinum (strain Hall / ATCC 3502 / NCTC 13319 / Type A),0.73,CBO_2223
CBO_2224,GCA-001273255.1-protein2172,GCA_001273255.1,LGIK01000043.1,55409,56275,2172,1,tr|A5I7H4|A5I7H4_CLOBH,Energy-coupling factor transporter ATP-binding protein EcfA2,CBO3449,Clostridium botulinum (strain Hall / ATCC 3502 / NCTC 13319 / Type A),1.0,CBO_2224
CBO_2225,GCA-001273255.1-protein2570,GCA_001273255.1,LGIK01000049.1,24657,25508,2570,-1,tr|A5I673|A5I673_CLOBH,Stage IV sporulation protein FB (Peptidase),spoIVFB,Clostridium botulinum (strain Hall / ATCC 3502 / NCTC 13319 / Type A),1.0,CBO_2225
CBO_2226,GCA-001273255.1-protein629,GCA_001273255.1,LGIK01000017.1,117190,117426,629,1,tr|A5I0N2|A5I0N2_CLOBH,Membrane protein,CBO1040,Clostridium botulinum (strain Hall / ATCC 3502 / NCTC 13319 / Type A),1.0,CBO_2226
CBO_2227,GCA-001273255.1-protein2161,GCA_001273255.1,LGIK01000043.1,49479,50129,2161,1,sp|A5I7I5|KAD_CLOBH,Adenylate kinase,adk,Clostridium botulinum (strain Hall / ATCC 3502 / NCTC 13319 / Type A),1.0,CBO_2227
CBO_2228,GCA-007833455.1-protein3269,GCA_007833455.1,CP022403.1,3644314,3645711,3269,-1,tr|A5I794|A5I794_CLOBH,RNA methyltransferase,CBO3369,Clostridium botulinum (strain Hall / ATCC 3502 / NCTC 13319 / Type A),0.97,CBO_2228
CBO_2229,GCA-001273255.1-protein399,GCA_001273255.1,LGIK01000012.1,427094,428374,399,1,tr|A5I300|A5I300_CLOBH,O-acetylhomoserine sulfhydrylase,cysD,Clostridium botulinum (strain Hall / ATCC 3502 / NCTC 13319 / Type A),1.0,CBO_2229
CBO_2230,GCA-001273255.1-protein2341,GCA_001273255.1,LGIK01000043.1,261303,262655,2341,1,sp|A5I705|G6PI_CLOBH,Glucose-6-phosphate isomerase,pgi,Clostridium botulinum (strain Hall / ATCC 3502 / NCTC 13319 / Type A),1.0,CBO_2230
CBO_2231,GCA-001273255.1-protein682,GCA_001273255.1,LGIK01000019.1,33607,34479,682,1,tr|A5HYZ8|A5HYZ8_CLOBH,"Branched-chain amino acid transport system,permease protein",CBO0454,Clostridium botulinum (strain Hall / ATCC 3502 / NCTC 13319 / Type A),1.0,CBO_2231
CBO_2232,GCA-001273255.1-protein2584,GCA_001273255.1,LGIK01000049.1,37575,38114,2584,-1,tr|A5I687|A5I687_CLOBH,GNAT family N-acetyltransferase,CBO3007,Clostridium botulinum (strain Hall / ATCC 3502 / NCTC 13319 / Type A),0.97,CBO_2232
CBO_2233,GCA-001273255.1-protein1965,GCA_001273255.1,LGIK01000030.1,120355,120645,1965,1,tr|A5I7Q7|A5I7Q7_CLOBH,Sporulation protein YabP,CBO3532,Clostridium botulinum (strain Hall / ATCC 3502 / NCTC 13319 / Type A),1.0,CBO_2233
CBO_2234,GCA-001273255.1-protein587,GCA_001273255.1,LGIK01000017.1,73287,75761,587,1,tr|A5I0J1|A5I0J1_CLOBH,DUF3298 domain-containing protein,CBO0999,Clostridium botulinum (strain Hall / ATCC 3502 / NCTC 13319 / Type A),0.98,CBO_2234
CBO_2235,GCA-001273255.1-protein604,GCA_001273255.1,LGIK01000017.1,92935,93459,604,1,tr|A5I0K8|A5I0K8_CLOBH,MarR-family transcriptional regulator,CBO1016,Clostridium botulinum (strain Hall / ATCC 3502 / NCTC 13319 / Type A),1.0,CBO_2235
CBO_2236,GCA-001273255.1-protein729,GCA_001273255.1,LGIK01000019.1,81711,82205,729,-1,tr|A5HZ46|A5HZ46_CLOBH,Thiol peroxidase,tpx,Clostridium botulinum (strain Hall / ATCC 3502 / NCTC 13319 / Type A),1.0,CBO_2236
CBO_2237,GCA-001273255.1-protein389,GCA_001273255.1,LGIK01000012.1,416654,417085,389,1,sp|A5I310|NUSB_CLOBH,Transcription antitermination protein NusB,nusB,Clostridium botulinum (strain Hall / ATCC 3502 / NCTC 13319 / Type A),1.0,CBO_2237
CBO_2238,GCA-001273255.1-protein3211,GCA_001273255.1,LGIK01000054.1,7483,8178,3211,1,tr|A5HXV1|A5HXV1_CLOBH,Thymidylate kinase,CBO0054,Clostridium botulinum (strain Hall / ATCC 3502 / NCTC 13319 / Type A),1.0,CBO_2238
CBO_2239,GCA-001273255.1-protein635,GCA_001273255.1,LGIK01000017.1,123012,123962,635,1,tr|A5I0N8|A5I0N8_CLOBH,"Ferric siderophore ABC transporter, permease protein",CBO1045A,Clostridium botulinum (strain Hall / ATCC 3502 / NCTC 13319 / Type A),1.0,CBO_2239
CBO_2240,GCA-001273255.1-protein2330,GCA_001273255.1,LGIK01000043.1,249947,251071,2330,1,tr|A5I714|A5I714_CLOBH,R-phenyllactate dehydratase small subunit,fldC,Clostridium botulinum (strain Hall / ATCC 3502 / NCTC 13319 / Type A),1.0,CBO_2240
CBO_2241,GCA-001273255.1-protein3172,GCA_001273255.1,LGIK01000051.1,274683,275573,3172,-1,tr|A5I252|A5I252_CLOBH,LysR-family transcriptional regulator,CBO1578,Clostridium botulinum (strain Hall / ATCC 3502 / NCTC 13319 / Type A),1.0,CBO_2241
CBO_2242,GCA-001273255.1-protein2355,GCA_001273255.1,LGIK01000043.1,277544,279106,2355,1,tr|A5I6Z1|A5I6Z1_CLOBH,Extracellular solute-binding protein,CBO3264,Clostridium botulinum (strain Hall / ATCC 3502 / NCTC 13319 / Type A),1.0,CBO_2242
CBO_2243,GCA-001273255.1-protein2958,GCA_001273255.1,LGIK01000051.1,50412,51206,2958,1,tr|A5I1J2|A5I1J2_CLOBH,"ABC transporter, ATP-binding protein",CBO1358,Clostridium botulinum (strain Hall / ATCC 3502 / NCTC 13319 / Type A),1.0,CBO_2243
CBO_2244,GCA-001273255.1-protein65,GCA_001273255.1,LGIK01000012.1,56880,57257,65,1,tr|A5I3Z6|A5I3Z6_CLOBH,Uncharacterized protein,CBO2225,Clostridium botulinum (strain Hall / ATCC 3502 / NCTC 13319 / Type A),0.96,CBO_2244
CBO_2245,GCA-001273255.1-protein850,GCA_001273255.1,LGIK01000019.1,221391,223286,850,1,tr|A5HZH4|A5HZH4_CLOBH,DNA mismatch repair protein,CBO0630,Clostridium botulinum (strain Hall / ATCC 3502 / NCTC 13319 / Type A),1.0,CBO_2245
CBO_2246,GCA-001273255.1-protein2694,GCA_001273255.1,LGIK01000005.1,3828,4802,2694,1,tr|A5I647|A5I647_CLOBH,Germination protease,gpr,Clostridium botulinum (strain Hall / ATCC 3502 / NCTC 13319 / Type A),1.0,CBO_2246
CBO_2247,GCA-001273255.1-protein1167,GCA_001273255.1,LGIK01000021.1,52155,52616,1167,1,sp|A5I4J7|RIMP_CLOBH,Ribosome maturation factor RimP,rimP,Clostridium botulinum (strain Hall / ATCC 3502 / NCTC 13319 / Type A),1.0,CBO_2247
CBO_2248,GCA-001273255.1-protein3229,GCA_001273255.1,LGIK01000054.1,22944,23516,3229,1,tr|A5HXX0|A5HXX0_CLOBH,Type-4 uracil-DNA glycosylase,CBO0073,Clostridium botulinum (strain Hall / ATCC 3502 / NCTC 13319 / Type A),1.0,CBO_2248
CBO_2249,GCA-001273255.1-protein2637,GCA_001273255.1,LGIK01000049.1,84611,85129,2637,-1,sp|A5I6E1|APT_CLOBH,Adenine phosphoribosyltransferase,apt,Clostridium botulinum (strain Hall / ATCC 3502 / NCTC 13319 / Type A),1.0,CBO_2249
CBO_2250,GCA-001273255.1-protein1651,GCA_001273255.1,LGIK01000026.1,50265,51080,1651,1,tr|A5I161|A5I161_CLOBH,"ABC transporter, exported protein",CBO1223,Clostridium botulinum (strain Hall / ATCC 3502 / NCTC 13319 / Type A),1.0,CBO_2250
CBO_2251,GCA-001273255.1-protein1065,GCA_001273255.1,LGIK01000019.1,456554,457054,1065,-1,tr|A5I068|A5I068_CLOBH,Peptide deformylase,defA,Clostridium botulinum (strain Hall / ATCC 3502 / NCTC 13319 / Type A),1.0,CBO_2251
CBO_2252,GCA-001273255.1-protein930,GCA_001273255.1,LGIK01000019.1,313570,314022,930,-1,tr|A5HZR8|A5HZR8_CLOBH,S-ribosylhomocysteine lyase,luxS,Clostridium botulinum (strain Hall / ATCC 3502 / NCTC 13319 / Type A),0.99,CBO_2252
CBO_2253,GCA-001273255.1-protein3086,GCA_001273255.1,LGIK01000051.1,185275,185844,3086,1,tr|A5I1W4|A5I1W4_CLOBH,Membrane protein,CBO1486,Clostridium botulinum (strain Hall / ATCC 3502 / NCTC 13319 / Type A),0.97,CBO_2253
CBO_2254,GCA-001273255.1-protein965,GCA_001273255.1,LGIK01000019.1,350136,350597,965,1,tr|A5HZW0|A5HZW0_CLOBH,5-hydroxymethylcytidine 5'-monophosphate nucleosidase subunit BcmB,CBO0767A,Clostridium botulinum (strain Hall / ATCC 3502 / NCTC 13319 / Type A),0.98,CBO_2254
CBO_2255,GCA-001273255.1-protein2302,GCA_001273255.1,LGIK01000043.1,209526,210416,2302,1,tr|A5I742|A5I742_CLOBH,Integral membrane protein,CBO3317,Clostridium botulinum (strain Hall / ATCC 3502 / NCTC 13319 / Type A),1.0,CBO_2255
CBO_2256,GCA-001273255.1-protein3127,GCA_001273255.1,LGIK01000051.1,232896,233249,3127,-1,tr|A5I206|A5I206_CLOBH,Transcriptional regulator,CBO1529,Clostridium botulinum (strain Hall / ATCC 3502 / NCTC 13319 / Type A),1.0,CBO_2256
CBO_2257,GCA-001273255.1-protein2197,GCA_001273255.1,LGIK01000043.1,82013,82222,2197,1,tr|A5I7E9|A5I7E9_CLOBH,Ferredoxin subunit of pyruvate:flavodoxin oxidoreductase,CBO3424,Clostridium botulinum (strain Hall / ATCC 3502 / NCTC 13319 / Type A),1.0,CBO_2257
CBO_2258,GCA-001273255.1-protein284,GCA_001273255.1,LGIK01000012.1,300547,301503,284,1,tr|A5I3B7|A5I3B7_CLOBH,Tagatose-6-phosphate kinase,CBO1992,Clostridium botulinum (strain Hall / ATCC 3502 / NCTC 13319 / Type A),0.96,CBO_2258
CBO_2259,GCA-001273255.1-protein1981,GCA_001273255.1,LGIK01000030.1,138859,140235,1981,1,sp|A5I7P2|MURD_CLOBH,UDP-N-acetylmuramoylalanine--D-glutamate ligase,murD,Clostridium botulinum (strain Hall / ATCC 3502 / NCTC 13319 / Type A),1.0,CBO_2259
CBO_2260,GCA-001273255.1-protein1435,GCA_001273255.1,LGIK01000025.1,69883,71133,1435,-1,tr|A5I501|A5I501_CLOBH,ATPase,CBO2570,Clostridium botulinum (strain Hall / ATCC 3502 / NCTC 13319 / Type A),1.0,CBO_2260
CBO_2261,GCA-001273255.1-protein151,GCA_001273255.1,LGIK01000012.1,153832,154542,151,1,tr|A5I3Q9|A5I3Q9_CLOBH,Membrane protein,CBO2137,Clostridium botulinum (strain Hall / ATCC 3502 / NCTC 13319 / Type A),0.95,CBO_2261
CBO_2262,GCA-001273255.1-protein2347,GCA_001273255.1,LGIK01000043.1,267396,267695,2347,1,tr|A5I6Z9|A5I6Z9_CLOBH,TrpR-like protein YerC/YecD,CBO3272,Clostridium botulinum (strain Hall / ATCC 3502 / NCTC 13319 / Type A),1.0,CBO_2262
CBO_2263,GCA-001573665.1-protein1987,GCA_001573665.1,LFPF01000003.1,79960,80568,1987,-1,tr|A5I565|A5I565_CLOBH,Class I SAM-dependent methyltransferase,CBO2631,Clostridium botulinum (strain Hall / ATCC 3502 / NCTC 13319 / Type A),0.93,CBO_2263
CBO_2264,GCA-001273255.1-protein2778,GCA_001273255.1,LGIK01000005.1,100705,102153,2778,1,tr|A5I5W2|A5I5W2_CLOBH,Amidophosphoribosyltransferase,purF,Clostridium botulinum (strain Hall / ATCC 3502 / NCTC 13319 / Type A),1.0,CBO_2264
CBO_2265,GCA-001273255.1-protein2709,GCA_001273255.1,LGIK01000005.1,19366,19662,2709,1,tr|A5I632|A5I632_CLOBH,Sporulation protein YqfC,CBO2951A,Clostridium botulinum (strain Hall / ATCC 3502 / NCTC 13319 / Type A),1.0,CBO_2265
CBO_2266,GCA-001273255.1-protein3008,GCA_001273255.1,LGIK01000051.1,103613,105094,3008,-1,tr|A5I1P2|A5I1P2_CLOBH,Nicotinate phosphoribosyltransferase,CBO1410,Clostridium botulinum (strain Hall / ATCC 3502 / NCTC 13319 / Type A),1.0,CBO_2266
CBO_2267,GCA-001273255.1-protein2044,GCA_001273255.1,LGIK01000036.1,14525,15370,2044,1,tr|A5I1D2|A5I1D2_CLOBH,Signaling protein,CBO1295,Clostridium botulinum (strain Hall / ATCC 3502 / NCTC 13319 / Type A),1.0,CBO_2267
CBO_2268,GCA-001273255.1-protein2775,GCA_001273255.1,LGIK01000005.1,96199,98754,2775,1,tr|A5I5W5|A5I5W5_CLOBH,"Xanthine dehydrogenase, molybdenum binding and iron-sulfur binding subunits",xdhAC,Clostridium botulinum (strain Hall / ATCC 3502 / NCTC 13319 / Type A),0.99,CBO_2268
CBO_2269,GCA-001273255.1-protein2363,GCA_001273255.1,LGIK01000044.1,3940,4842,2363,-1,tr|A5I6J9|A5I6J9_CLOBH,Phosphate butyryltransferase,ptb1,Clostridium botulinum (strain Hall / ATCC 3502 / NCTC 13319 / Type A),1.0,CBO_2269
CBO_2270,GCA-001273255.1-protein2185,GCA_001273255.1,LGIK01000043.1,69052,70305,2185,1,tr|A5I7G1|A5I7G1_CLOBH,TPR-repeat-containing protein,CBO3436,Clostridium botulinum (strain Hall / ATCC 3502 / NCTC 13319 / Type A),1.0,CBO_2270
CBO_2271,GCA-001273255.1-protein2070,GCA_001273255.1,LGIK01000037.1,5955,7358,2070,1,tr|A5I2T8|A5I2T8_CLOBH,Glycosyltransferase,CBO1816,Clostridium botulinum (strain Hall / ATCC 3502 / NCTC 13319 / Type A),1.0,CBO_2271
CBO_2272,GCA-001273255.1-protein3313,GCA_001273255.1,LGIK01000054.1,113489,114565,3313,1,tr|A5HY56|A5HY56_CLOBH,Stage II sporulation protein D,spoIID,Clostridium botulinum (strain Hall / ATCC 3502 / NCTC 13319 / Type A),1.0,CBO_2272
CBO_2273,GCA-001273255.1-protein1094,GCA_001273255.1,LGIK01000019.1,485449,486477,1094,1,tr|A5I097|A5I097_CLOBH,Heme sensor protein HssS,CBO0906,Clostridium botulinum (strain Hall / ATCC 3502 / NCTC 13319 / Type A),1.0,CBO_2273
CBO_2274,GCA-001273255.1-protein3011,GCA_001273255.1,LGIK01000051.1,107148,107696,3011,1,tr|A5I1P5|A5I1P5_CLOBH,DUF523 domain-containing protein,CBO1413,Clostridium botulinum (strain Hall / ATCC 3502 / NCTC 13319 / Type A),1.0,CBO_2274
CBO_2275,GCA-001273255.1-protein74,GCA_001273255.1,LGIK01000012.1,65548,68010,74,-1,tr|A5I3Y7|A5I3Y7_CLOBH,Exported protein,CBO2216,Clostridium botulinum (strain Hall / ATCC 3502 / NCTC 13319 / Type A),0.97,CBO_2275
CBO_2276,GCA-001573825.1-protein2125,GCA_001573825.1,LFPL01000035.1,33355,34080,2125,1,tr|A5HYY6|A5HYY6_CLOBH,Metallo-beta-lactamase family protein,CBO0442,Clostridium botulinum (strain Hall / ATCC 3502 / NCTC 13319 / Type A),0.94,CBO_2276
CBO_2277,GCA-001273255.1-protein1867,GCA_001273255.1,LGIK01000030.1,22807,23052,1867,1,tr|A5I805|A5I805_CLOBH,Putative Se/S carrier protein-like domain-containing protein,CBO3632,Clostridium botulinum (strain Hall / ATCC 3502 / NCTC 13319 / Type A),1.0,CBO_2277
CBO_2278,GCA-001273255.1-protein1764,GCA_001273255.1,LGIK01000028.1,58325,58879,1764,-1,tr|A5I2C7|A5I2C7_CLOBH,Hemerythrin-like domain-containing protein,CBO1659,Clostridium botulinum (strain Hall / ATCC 3502 / NCTC 13319 / Type A),1.0,CBO_2278
CBO_2279,GCA-001273255.1-protein534,GCA_001273255.1,LGIK01000017.1,20557,20901,534,1,tr|A5I0D7|A5I0D7_CLOBH,Membrane protein,CBO0944,Clostridium botulinum (strain Hall / ATCC 3502 / NCTC 13319 / Type A),0.99,CBO_2279
CBO_2280,GCA-001273255.1-protein704,GCA_001273255.1,LGIK01000019.1,55812,56177,704,1,tr|A5HZ21|A5HZ21_CLOBH,ArsR-family transcriptional regulator,CBO0477,Clostridium botulinum (strain Hall / ATCC 3502 / NCTC 13319 / Type A),1.0,CBO_2280
CBO_2281,GCA-001273255.1-protein601,GCA_001273255.1,LGIK01000017.1,89237,89782,601,1,tr|A5I0K5|A5I0K5_CLOBH,Cyclase,CBO1013,Clostridium botulinum (strain Hall / ATCC 3502 / NCTC 13319 / Type A),1.0,CBO_2281
CBO_2282,GCA-001273255.1-protein2487,GCA_001273255.1,LGIK01000047.1,70553,70834,2487,1,tr|A5I5H6|A5I5H6_CLOBH,Negative regulator of flagellin synthesis,flgM,Clostridium botulinum (strain Hall / ATCC 3502 / NCTC 13319 / Type A),1.0,CBO_2282
CBO_2283,GCA-016989635.1-protein3126,GCA_016989635.1,NKSA01000005.1,195373,196179,3126,-1,tr|A5I7D8|A5I7D8_CLOBH,Sorbitol-6-phosphate 2-dehydrogenase,srlD,Clostridium botulinum (strain Hall / ATCC 3502 / NCTC 13319 / Type A),0.94,CBO_2283
CBO_2284,GCA-001273255.1-protein743,GCA_001273255.1,LGIK01000019.1,100852,102858,743,-1,sp|A5HZ60|F16PC_CLOBH,"Fructose-1,6-bisphosphatase class 3",fbp,Clostridium botulinum (strain Hall / ATCC 3502 / NCTC 13319 / Type A),1.0,CBO_2284
CBO_2285,GCA-001273255.1-protein1169,GCA_001273255.1,LGIK01000021.1,54066,54338,1169,1,tr|A5I4J5|A5I4J5_CLOBH,YlxR domain-containing protein,CBO2419A,Clostridium botulinum (strain Hall / ATCC 3502 / NCTC 13319 / Type A),1.0,CBO_2285
CBO_2286,GCA-001273255.1-protein2183,GCA_001273255.1,LGIK01000043.1,66565,68181,2183,1,tr|A5I7G3|A5I7G3_CLOBH,Phosphoenolpyruvate-protein phosphotransferase,ptsI,Clostridium botulinum (strain Hall / ATCC 3502 / NCTC 13319 / Type A),1.0,CBO_2286
CBO_2287,GCA-001273255.1-protein2179,GCA_001273255.1,LGIK01000043.1,61824,62666,2179,1,tr|A5I7G7|A5I7G7_CLOBH,"Fumarate hydratase, subunit A",fumA,Clostridium botulinum (strain Hall / ATCC 3502 / NCTC 13319 / Type A),1.0,CBO_2287
CBO_2288,GCA-001273255.1-protein2366,GCA_001273255.1,LGIK01000044.1,7193,9559,2366,-1,tr|A5I6K2|A5I6K2_CLOBH,Endonuclease MutS2,mutS2,Clostridium botulinum (strain Hall / ATCC 3502 / NCTC 13319 / Type A),1.0,CBO_2288
CBO_2289,GCA-001273255.1-protein3505,GCA_001273255.1,LGIK01000056.1,3459,4355,3505,1,tr|A5I6J3|A5I6J3_CLOBH,UTP--glucose-1-phosphate uridylyltransferase,gtaB,Clostridium botulinum (strain Hall / ATCC 3502 / NCTC 13319 / Type A),1.0,CBO_2289
CBO_2290,GCA-001273255.1-protein2485,GCA_001273255.1,LGIK01000047.1,67828,68823,2485,1,tr|A5I5H8|A5I5H8_CLOBH,Flagellar motor switch protein FliM,fliM,Clostridium botulinum (strain Hall / ATCC 3502 / NCTC 13319 / Type A),1.0,CBO_2290
CBO_2291,GCA-001273255.1-protein3539,GCA_001273255.1,LGIK01000007.1,4497,5369,3539,1,tr|A5HYS9|A5HYS9_CLOBH,Phosphate transport system permease protein,CBO0385,Clostridium botulinum (strain Hall / ATCC 3502 / NCTC 13319 / Type A),0.99,CBO_2291
CBO_2292,GCA-001273255.1-protein2236,GCA_001273255.1,LGIK01000043.1,119486,122308,2236,1,tr|A5I7B1|A5I7B1_CLOBH,UvrABC system protein A,uvrA,Clostridium botulinum (strain Hall / ATCC 3502 / NCTC 13319 / Type A),1.0,CBO_2292
CBO_2293,GCA-001273255.1-protein804,GCA_001273255.1,LGIK01000019.1,169576,170166,804,1,tr|A5HZC5|A5HZC5_CLOBH,Peptidase MA superfamily protein,CBO0581,Clostridium botulinum (strain Hall / ATCC 3502 / NCTC 13319 / Type A),0.96,CBO_2293
CBO_2294,GCA-001273255.1-protein2267,GCA_001273255.1,LGIK01000043.1,161232,162227,2267,1,tr|A5I778|A5I778_CLOBH,PLL-like beta propeller domain-containing protein,CBO3353,Clostridium botulinum (strain Hall / ATCC 3502 / NCTC 13319 / Type A),1.0,CBO_2294
CBO_2295,GCA-001273255.1-protein2137,GCA_001273255.1,LGIK01000043.1,35235,37304,2137,1,sp|A5I7K9|EFG_CLOBH,Elongation factor G,fusA,Clostridium botulinum (strain Hall / ATCC 3502 / NCTC 13319 / Type A),1.0,CBO_2295
CBO_2296,GCA-001273255.1-protein2690,GCA_001273255.1,LGIK01000005.1,228,458,2690,1,tr|A5I651|A5I651_CLOBH,Uncharacterized protein,CBO2970,Clostridium botulinum (strain Hall / ATCC 3502 / NCTC 13319 / Type A),1.0,CBO_2296
CBO_2297,GCA-001273255.1-protein916,GCA_001273255.1,LGIK01000019.1,298922,299668,916,1,tr|A5HZQ3|A5HZQ3_CLOBH,Transport permease protein,CBO0710,Clostridium botulinum (strain Hall / ATCC 3502 / NCTC 13319 / Type A),0.98,CBO_2297
CBO_2298,GCA-001273255.1-protein1980,GCA_001273255.1,LGIK01000030.1,138433,138714,1980,-1,,,,,,CBO_2298
CBO_2299,GCA-001273255.1-protein225,GCA_001273255.1,LGIK01000012.1,229369,230043,225,1,tr|A5I3I3|A5I3I3_CLOBH,Membrane protein,CBO2062,Clostridium botulinum (strain Hall / ATCC 3502 / NCTC 13319 / Type A),1.0,CBO_2299
CBO_2300,GCA-001273255.1-protein2120,GCA_001273255.1,LGIK01000043.1,18376,19128,2120,1,tr|A5I7M6|A5I7M6_CLOBH,Flavin-dependent thymidylate synthase,thyX,Clostridium botulinum (strain Hall / ATCC 3502 / NCTC 13319 / Type A),1.0,CBO_2300
CBO_2301,GCA-001273255.1-protein2710,GCA_001273255.1,LGIK01000005.1,19652,20812,2710,1,tr|A5I631|A5I631_CLOBH,Stage IV sporulation protein,spoIV,Clostridium botulinum (strain Hall / ATCC 3502 / NCTC 13319 / Type A),1.0,CBO_2301
CBO_2302,GCA-001273255.1-protein748,GCA_001273255.1,LGIK01000019.1,106438,107088,748,-1,tr|A5HZ65|A5HZ65_CLOBH,superoxide dismutase,CBO0521,Clostridium botulinum (strain Hall / ATCC 3502 / NCTC 13319 / Type A),1.0,CBO_2302
CBO_2303,GCA-001273255.1-protein2177,GCA_001273255.1,LGIK01000043.1,59097,60713,2177,1,tr|A5I7G9|A5I7G9_CLOBH,Sodium/phosphate cotransporter,CBO3444,Clostridium botulinum (strain Hall / ATCC 3502 / NCTC 13319 / Type A),1.0,CBO_2303
CBO_2304,GCA-001273255.1-protein2327,GCA_001273255.1,LGIK01000043.1,246685,247923,2327,1,tr|A5I717|A5I717_CLOBH,E-cinnamoyl-CoA:R-phenyllactate CoA transferase large subunit,fldA,Clostridium botulinum (strain Hall / ATCC 3502 / NCTC 13319 / Type A),1.0,CBO_2304
CBO_2305,GCA-001273255.1-protein2053,GCA_001273255.1,LGIK01000036.1,26838,27053,2053,1,tr|A5I1E1|A5I1E1_CLOBH,Heavy-metal binding protein,CBO1305,Clostridium botulinum (strain Hall / ATCC 3502 / NCTC 13319 / Type A),1.0,CBO_2305
CBO_2306,GCA-001273255.1-protein2303,GCA_001273255.1,LGIK01000043.1,210479,210865,2303,1,tr|A5I741|A5I741_CLOBH,Zinc-ribbon 15 domain-containing protein,CBO3316,Clostridium botulinum (strain Hall / ATCC 3502 / NCTC 13319 / Type A),0.98,CBO_2306
CBO_2307,GCA-001273255.1-protein321,GCA_001273255.1,LGIK01000012.1,348953,350683,321,1,tr|A5I378|A5I378_CLOBH,"ABC transporter, ATP-binding/permease protein",CBO1953,Clostridium botulinum (strain Hall / ATCC 3502 / NCTC 13319 / Type A),1.0,CBO_2307
CBO_2308,GCA-001273255.1-protein581,GCA_001273255.1,LGIK01000017.1,67102,67404,581,-1,tr|A5I0I5|A5I0I5_CLOBH,Membrane protein,CBO0993A,Clostridium botulinum (strain Hall / ATCC 3502 / NCTC 13319 / Type A),1.0,CBO_2308
CBO_2309,GCA-001273255.1-protein3479,GCA_001273255.1,LGIK01000054.1,304041,304730,3479,1,tr|A5HYM5|A5HYM5_CLOBH,Accessory gene regulator protein B,CBO0332,Clostridium botulinum (strain Hall / ATCC 3502 / NCTC 13319 / Type A),1.0,CBO_2309
CBO_2310,GCA-001273255.1-protein3198,GCA_001273255.1,LGIK01000051.1,308435,309226,3198,1,tr|A5I278|A5I278_CLOBH,Endonuclease/exonuclease/phosphatase family protein,CBO1606,Clostridium botulinum (strain Hall / ATCC 3502 / NCTC 13319 / Type A),1.0,CBO_2310
CBO_2311,GCA-001273255.1-protein182,GCA_001273255.1,LGIK01000012.1,183831,184121,182,1,tr|A5I3M7|A5I3M7_CLOBH,Ethanolamine utilization protein,eutM,Clostridium botulinum (strain Hall / ATCC 3502 / NCTC 13319 / Type A),1.0,CBO_2311
CBO_2312,GCA-001273255.1-protein735,GCA_001273255.1,LGIK01000019.1,89674,90258,735,1,tr|A5HZ52|A5HZ52_CLOBH,Metal dependent phosphohydrolase,CBO0507,Clostridium botulinum (strain Hall / ATCC 3502 / NCTC 13319 / Type A),1.0,CBO_2312
CBO_2313,GCA-001273255.1-protein2118,GCA_001273255.1,LGIK01000043.1,16500,17897,2118,1,sp|A5I7M8|SYC_CLOBH,Cysteine--tRNA ligase,cysS,Clostridium botulinum (strain Hall / ATCC 3502 / NCTC 13319 / Type A),1.0,CBO_2313
CBO_2314,GCA-001273255.1-protein558,GCA_001273255.1,LGIK01000017.1,41617,42393,558,1,tr|A5I0G1|A5I0G1_CLOBH,Transporter,CBO0968,Clostridium botulinum (strain Hall / ATCC 3502 / NCTC 13319 / Type A),0.99,CBO_2314
CBO_2315,GCA-001273255.1-protein773,GCA_001273255.1,LGIK01000019.1,135874,136383,773,1,tr|A5HZ94|A5HZ94_CLOBH,Phage-related protein,CBO0549,Clostridium botulinum (strain Hall / ATCC 3502 / NCTC 13319 / Type A),1.0,CBO_2315
CBO_2316,GCA-001273255.1-protein2203,GCA_001273255.1,LGIK01000043.1,87434,88483,2203,1,tr|A5I7E3|A5I7E3_CLOBH,Sorbitol dehydrogenase,CBO3418,Clostridium botulinum (strain Hall / ATCC 3502 / NCTC 13319 / Type A),1.0,CBO_2316
CBO_2317,GCA-001273255.1-protein1425,GCA_001273255.1,LGIK01000025.1,60924,61376,1425,-1,tr|A5I4Z1|A5I4Z1_CLOBH,Ferric uptake regulation protein,fur,Clostridium botulinum (strain Hall / ATCC 3502 / NCTC 13319 / Type A),1.0,CBO_2317
CBO_2318,GCA-001273255.1-protein2693,GCA_001273255.1,LGIK01000005.1,3352,3618,2693,-1,sp|A5I648|RS20_CLOBH,Small ribosomal subunit protein bS20,rpsT,Clostridium botulinum (strain Hall / ATCC 3502 / NCTC 13319 / Type A),1.0,CBO_2318
CBO_2319,GCA-001273255.1-protein3310,GCA_001273255.1,LGIK01000054.1,110638,111039,3310,1,sp|A5HY53|ATPE_CLOBH,ATP synthase epsilon chain,atpC,Clostridium botulinum (strain Hall / ATCC 3502 / NCTC 13319 / Type A),1.0,CBO_2319
CBO_2320,GCA-002103975.1-protein235,GCA_002103975.1,MWJE01000012.1,5524,8289,235,1,tr|A5I3Q6|A5I3Q6_CLOBH,Cell surface-anchored phosphoesterase,CBO2134,Clostridium botulinum (strain Hall / ATCC 3502 / NCTC 13319 / Type A),0.94,CBO_2320
CBO_2321,GCA-001273255.1-protein2988,GCA_001273255.1,LGIK01000051.1,81766,82404,2988,-1,tr|A5I1M2|A5I1M2_CLOBH,peptide-methionine (S)-S-oxide reductase,CBO1391,Clostridium botulinum (strain Hall / ATCC 3502 / NCTC 13319 / Type A),1.0,CBO_2321
CBO_2322,GCA-001273255.1-protein1009,GCA_001273255.1,LGIK01000019.1,404503,405285,1009,1,tr|A5I009|A5I009_CLOBH,Ferrous iron transport protein B,feoB,Clostridium botulinum (strain Hall / ATCC 3502 / NCTC 13319 / Type A),1.0,CBO_2322
CBO_2323,GCA-001273255.1-protein870,GCA_001273255.1,LGIK01000019.1,244794,246635,870,1,tr|A5HZJ8|A5HZJ8_CLOBH,"PTS system, beta-glucoside-specific IIabc component",CBO0655,Clostridium botulinum (strain Hall / ATCC 3502 / NCTC 13319 / Type A),0.99,CBO_2323
CBO_2324,GCA-001273255.1-protein1864,GCA_001273255.1,LGIK01000030.1,19754,20335,1864,-1,tr|A5I808|A5I808_CLOBH,Spore protease YyaC,CBO3635,Clostridium botulinum (strain Hall / ATCC 3502 / NCTC 13319 / Type A),1.0,CBO_2324
CBO_2325,GCA-001273255.1-protein3294,GCA_001273255.1,LGIK01000054.1,97162,97881,3294,1,tr|A5HY37|A5HY37_CLOBH,Zinc transporter,CBO0141,Clostridium botulinum (strain Hall / ATCC 3502 / NCTC 13319 / Type A),1.0,CBO_2325
CBO_2326,GCA-001273255.1-protein3443,GCA_001273255.1,LGIK01000054.1,262306,262953,3443,1,tr|A5HYI5|A5HYI5_CLOBH,Probable KDPG/KHG aldolase aldolase,kdgA,Clostridium botulinum (strain Hall / ATCC 3502 / NCTC 13319 / Type A),1.0,CBO_2326
CBO_2327,GCA-001273255.1-protein84,GCA_001273255.1,LGIK01000012.1,77454,78842,84,1,tr|A5I3X8|A5I3X8_CLOBH,Gluconate permease,CBO2207,Clostridium botulinum (strain Hall / ATCC 3502 / NCTC 13319 / Type A),1.0,CBO_2327
CBO_2328,GCA-001273255.1-protein502,GCA_001273255.1,LGIK01000015.1,45269,46033,502,1,sp|A5I6T8|LGT_CLOBH,Phosphatidylglycerol--prolipoprotein diacylglyceryl transferase,lgt,Clostridium botulinum (strain Hall / ATCC 3502 / NCTC 13319 / Type A),1.0,CBO_2328
CBO_2329,GCA-001273255.1-protein1659,GCA_001273255.1,LGIK01000026.1,57228,57902,1659,-1,tr|A5I150|A5I150_CLOBH,L-serine deaminase,sdhB,Clostridium botulinum (strain Hall / ATCC 3502 / NCTC 13319 / Type A),1.0,CBO_2329
CBO_2330,GCA-001273255.1-protein2696,GCA_001273255.1,LGIK01000005.1,6149,6544,2696,1,tr|A5I645|A5I645_CLOBH,Exported protein,CBO2964,Clostridium botulinum (strain Hall / ATCC 3502 / NCTC 13319 / Type A),1.0,CBO_2330
CBO_2331,GCA-001273255.1-protein2632,GCA_001273255.1,LGIK01000049.1,78430,79677,2632,-1,sp|A5I6D6|SYH_CLOBH,Histidine--tRNA ligase,hisS,Clostridium botulinum (strain Hall / ATCC 3502 / NCTC 13319 / Type A),1.0,CBO_2331
CBO_2332,GCA-001273255.1-protein1854,GCA_001273255.1,LGIK01000030.1,10914,11567,1854,1,tr|A5I818|A5I818_CLOBH,Membrane protein,spoIIIJ,Clostridium botulinum (strain Hall / ATCC 3502 / NCTC 13319 / Type A),1.0,CBO_2332
CBO_2333,GCA-001273255.1-protein396,GCA_001273255.1,LGIK01000012.1,423780,424625,396,1,tr|A5I303|A5I303_CLOBH,NAD kinase,nadK,Clostridium botulinum (strain Hall / ATCC 3502 / NCTC 13319 / Type A),1.0,CBO_2333
CBO_2334,GCA-001273255.1-protein696,GCA_001273255.1,LGIK01000019.1,46211,46801,696,1,tr|A5HZ12|A5HZ12_CLOBH,AraC-family transcriptional regulator,CBO0468,Clostridium botulinum (strain Hall / ATCC 3502 / NCTC 13319 / Type A),1.0,CBO_2334
CBO_2335,GCA-001273255.1-protein1806,GCA_001273255.1,LGIK01000028.1,107097,107864,1806,1,tr|A5I287|A5I287_CLOBH,DeoR-family transcriptional regulator,CBO1616,Clostridium botulinum (strain Hall / ATCC 3502 / NCTC 13319 / Type A),0.97,CBO_2335
CBO_2336,GCA-001273255.1-protein2980,GCA_001273255.1,LGIK01000051.1,73564,74664,2980,1,tr|A5I1L4|A5I1L4_CLOBH,"ABC transporter, permease protein",CBO1383,Clostridium botulinum (strain Hall / ATCC 3502 / NCTC 13319 / Type A),1.0,CBO_2336
CBO_2337,GCA-001273255.1-protein712,GCA_001273255.1,LGIK01000019.1,64662,65666,712,1,tr|A5HZ29|A5HZ29_CLOBH,Exported protein,CBO0484,Clostridium botulinum (strain Hall / ATCC 3502 / NCTC 13319 / Type A),1.0,CBO_2337
CBO_2338,GCA-001273255.1-protein3084,GCA_001273255.1,LGIK01000051.1,183551,184222,3084,1,tr|A5I1W2|A5I1W2_CLOBH,Molybdenum transport system permease,modB,Clostridium botulinum (strain Hall / ATCC 3502 / NCTC 13319 / Type A),1.0,CBO_2338
CBO_2339,GCA-001273255.1-protein3363,GCA_001273255.1,LGIK01000054.1,170781,171815,3363,-1,tr|A5HYA6|A5HYA6_CLOBH,Glutamyl-aminopeptidase,CBO0213,Clostridium botulinum (strain Hall / ATCC 3502 / NCTC 13319 / Type A),1.0,CBO_2339
CBO_2340,GCA-001273255.1-protein540,GCA_001273255.1,LGIK01000017.1,25720,26487,540,1,tr|A5I0E3|A5I0E3_CLOBH,Precorrin-6x reductase,cbiJ,Clostridium botulinum (strain Hall / ATCC 3502 / NCTC 13319 / Type A),1.0,CBO_2340
CBO_2341,GCA-001273255.1-protein3224,GCA_001273255.1,LGIK01000054.1,18612,19481,3224,1,tr|A5HXW5|A5HXW5_CLOBH,Probable polysaccharide deacetylase,CBO0068,Clostridium botulinum (strain Hall / ATCC 3502 / NCTC 13319 / Type A),1.0,CBO_2341
CBO_2342,GCA-001273255.1-protein3579,GCA_001273255.1,LGIK01000009.1,8700,9572,3579,-1,tr|A5I0V0|A5I0V0_CLOBH,"Polyamine transport system, permease protein",potB,Clostridium botulinum (strain Hall / ATCC 3502 / NCTC 13319 / Type A),0.98,CBO_2342
CBO_2343,GCA-001273255.1-protein2176,GCA_001273255.1,LGIK01000043.1,58399,58791,2176,1,sp|A5I7H0|RS9_CLOBH,Small ribosomal subunit protein uS9,rpsI,Clostridium botulinum (strain Hall / ATCC 3502 / NCTC 13319 / Type A),1.0,CBO_2343
CBO_2344,GCA-001273255.1-protein2998,GCA_001273255.1,LGIK01000051.1,93551,94729,2998,1,tr|A5I1N2|A5I1N2_CLOBH,cysteine-S-conjugate beta-lyase,CBO1400,Clostridium botulinum (strain Hall / ATCC 3502 / NCTC 13319 / Type A),1.0,CBO_2344
CBO_2345,GCA-001574335.1-protein139,GCA_001574335.1,LFQE01000001.1,171410,171931,139,-1,tr|A5I2U8|A5I2U8_CLOBH,Acetyltransferase,CBO1826,Clostridium botulinum (strain Hall / ATCC 3502 / NCTC 13319 / Type A),0.95,CBO_2345
CBO_2346,GCA-001273255.1-protein2119,GCA_001273255.1,LGIK01000043.1,17946,18386,2119,1,tr|A5I7M7|A5I7M7_CLOBH,Mini-ribonuclease 3,mrnC,Clostridium botulinum (strain Hall / ATCC 3502 / NCTC 13319 / Type A),1.0,CBO_2346
CBO_2347,GCA-001273255.1-protein2935,GCA_001273255.1,LGIK01000051.1,23023,24249,2935,1,tr|A5I1G8|A5I1G8_CLOBH,"Oxidoreductase, NAD/FAD binding subunit",CBO1333,Clostridium botulinum (strain Hall / ATCC 3502 / NCTC 13319 / Type A),0.96,CBO_2347
CBO_2348,GCA-001573175.1-protein1845,GCA_001573175.1,LFOK01000028.1,31554,32192,1845,-1,tr|A5I817|A5I817_CLOBH,RNA-binding protein KhpB,jag,Clostridium botulinum (strain Hall / ATCC 3502 / NCTC 13319 / Type A),0.99,CBO_2348
CBO_2349,GCA-001273255.1-protein2262,GCA_001273255.1,LGIK01000043.1,154825,157554,2262,1,tr|A5I783|A5I783_CLOBH,Transcriptional regulatory protein,CBO3358,Clostridium botulinum (strain Hall / ATCC 3502 / NCTC 13319 / Type A),1.0,CBO_2349
CBO_2350,GCA-001273255.1-protein1225,GCA_001273255.1,LGIK01000021.1,107303,108223,1225,1,tr|A5I452|A5I452_CLOBH,"ABC transporter, ATP-binding protein",CBO2283,Clostridium botulinum (strain Hall / ATCC 3502 / NCTC 13319 / Type A),1.0,CBO_2350
CBO_2351,GCA-001273255.1-protein1845,GCA_001273255.1,LGIK01000030.1,3287,5200,1845,-1,tr|A5HXQ2|A5HXQ2_CLOBH,DNA gyrase subunit B,gyrB,Clostridium botulinum (strain Hall / ATCC 3502 / NCTC 13319 / Type A),1.0,CBO_2351
CBO_2352,GCA-001273255.1-protein2987,GCA_001273255.1,LGIK01000051.1,80642,81478,2987,1,tr|A5I1M1|A5I1M1_CLOBH,pyridoxal kinase,CBO1390,Clostridium botulinum (strain Hall / ATCC 3502 / NCTC 13319 / Type A),1.0,CBO_2352
CBO_2353,GCA-001273255.1-protein666,GCA_001273255.1,LGIK01000019.1,14962,16653,666,1,tr|A5HYY1|A5HYY1_CLOBH,Methyl-accepting chemotaxis protein,CBO0437,Clostridium botulinum (strain Hall / ATCC 3502 / NCTC 13319 / Type A),0.99,CBO_2353
CBO_2354,GCA-001273255.1-protein982,GCA_001273255.1,LGIK01000019.1,368854,370116,982,1,tr|A5HZY0|A5HZY0_CLOBH,histidine kinase,CBO0787,Clostridium botulinum (strain Hall / ATCC 3502 / NCTC 13319 / Type A),0.98,CBO_2354
CBO_2355,GCA-001273255.1-protein1048,GCA_001273255.1,LGIK01000019.1,441107,442549,1048,1,tr|A5I055|A5I055_CLOBH,triacylglycerol lipase,lipA,Clostridium botulinum (strain Hall / ATCC 3502 / NCTC 13319 / Type A),1.0,CBO_2355
CBO_2356,GCA-001273255.1-protein3162,GCA_001273255.1,LGIK01000051.1,268032,268622,3162,1,sp|A5I242|HIS7_CLOBH,Imidazoleglycerol-phosphate dehydratase,hisB,Clostridium botulinum (strain Hall / ATCC 3502 / NCTC 13319 / Type A),1.0,CBO_2356
CBO_2357,GCA-001273255.1-protein1887,GCA_001273255.1,LGIK01000030.1,41999,42373,1887,1,tr|A5I7Y5|A5I7Y5_CLOBH,CoA-binding domain-containing protein,CBO3612,Clostridium botulinum (strain Hall / ATCC 3502 / NCTC 13319 / Type A),1.0,CBO_2357
CBO_2358,GCA-001573175.1-protein13,GCA_001573175.1,LFOK01000001.1,15540,16229,13,1,tr|A5I292|A5I292_CLOBH,Methionine synthase,CBO1622,Clostridium botulinum (strain Hall / ATCC 3502 / NCTC 13319 / Type A),0.96,CBO_2358
CBO_2359,GCA-001273255.1-protein1543,GCA_001273255.1,LGIK01000025.1,178540,179541,1543,-1,tr|A5I559|A5I559_CLOBH,V-type sodium ATP synthase subunit C,ntpC,Clostridium botulinum (strain Hall / ATCC 3502 / NCTC 13319 / Type A),1.0,CBO_2359
CBO_2360,GCA-001273255.1-protein3181,GCA_001273255.1,LGIK01000051.1,285481,286707,3181,1,tr|A5I261|A5I261_CLOBH,Arginine deiminase,arcA2,Clostridium botulinum (strain Hall / ATCC 3502 / NCTC 13319 / Type A),1.0,CBO_2360
CBO_2361,GCA-016990335.1-protein1698,GCA_016990335.1,NQVV01000002.1,476473,477228,1698,-1,tr|A5I692|A5I692_CLOBH,Dephospho-CoA kinase,coaE,Clostridium botulinum (strain Hall / ATCC 3502 / NCTC 13319 / Type A),0.8,CBO_2361
CBO_2362,GCA-001273255.1-protein3119,GCA_001273255.1,LGIK01000051.1,222723,223433,3119,1,tr|A5I1Z7|A5I1Z7_CLOBH,GntR-family transcriptional regulator,CBO1520,Clostridium botulinum (strain Hall / ATCC 3502 / NCTC 13319 / Type A),1.0,CBO_2362
CBO_2363,GCA-001273255.1-protein2323,GCA_001273255.1,LGIK01000043.1,239754,241208,2323,1,tr|A5I721|A5I721_CLOBH,Inosine-5'-monophosphate dehydrogenase,guaB,Clostridium botulinum (strain Hall / ATCC 3502 / NCTC 13319 / Type A),1.0,CBO_2363
CBO_2364,GCA-001273255.1-protein858,GCA_001273255.1,LGIK01000019.1,229491,230768,858,1,tr|A5HZI6|A5HZI6_CLOBH,ATP-dependent RNA helicase CshA,rhlE,Clostridium botulinum (strain Hall / ATCC 3502 / NCTC 13319 / Type A),1.0,CBO_2364
CBO_2365,GCA-001273255.1-protein2872,GCA_001273255.1,LGIK01000050.1,31099,32097,2872,1,tr|A5I4U9|A5I4U9_CLOBH,Glycerol-3-phosphate dehydrogenase [NAD(P)+],gpsA,Clostridium botulinum (strain Hall / ATCC 3502 / NCTC 13319 / Type A),1.0,CBO_2365
CBO_2366,GCA-001273255.1-protein3065,GCA_001273255.1,LGIK01000051.1,165760,166491,3065,1,tr|A5I1U3|A5I1U3_CLOBH,Membrane protein,CBO1464,Clostridium botulinum (strain Hall / ATCC 3502 / NCTC 13319 / Type A),1.0,CBO_2366
CBO_2367,GCA-001273255.1-protein649,GCA_001273255.1,LGIK01000017.1,144033,144617,649,1,tr|A5I0Q3|A5I0Q3_CLOBH,Protein kinase,CBO1060,Clostridium botulinum (strain Hall / ATCC 3502 / NCTC 13319 / Type A),1.0,CBO_2367
CBO_2368,GCA-016990055.1-protein721,GCA_016990055.1,NKTD01000010.1,84564,85352,721,1,tr|A5HYG2|A5HYG2_CLOBH,Transcriptional regulator of phosphosugar synthesis,CBO0269,Clostridium botulinum (strain Hall / ATCC 3502 / NCTC 13319 / Type A),0.93,CBO_2368
CBO_2369,GCA-001273255.1-protein1218,GCA_001273255.1,LGIK01000021.1,102121,102357,1218,1,tr|A5I459|A5I459_CLOBH,DNA-binding protein,CBO2290,Clostridium botulinum (strain Hall / ATCC 3502 / NCTC 13319 / Type A),1.0,CBO_2369
CBO_2370,GCA-001273255.1-protein2949,GCA_001273255.1,LGIK01000051.1,39189,39830,2949,1,tr|A5I1I2|A5I1I2_CLOBH,LUD domain-containing protein,CBO1348,Clostridium botulinum (strain Hall / ATCC 3502 / NCTC 13319 / Type A),1.0,CBO_2370
CBO_2371,GCA-001273255.1-protein3254,GCA_001273255.1,LGIK01000054.1,50620,51618,3254,1,tr|A5HXZ7|A5HXZ7_CLOBH,LacI-family transcriptional regulator (Catabolite control protein),ccpA,Clostridium botulinum (strain Hall / ATCC 3502 / NCTC 13319 / Type A),1.0,CBO_2371
CBO_2372,GCA-001273255.1-protein2438,GCA_001273255.1,LGIK01000047.1,9686,10066,2438,1,tr|A5I5M6|A5I5M6_CLOBH,GntR-family transcriptional regulator,CBO2790,Clostridium botulinum (strain Hall / ATCC 3502 / NCTC 13319 / Type A),1.0,CBO_2372
CBO_2373,GCA-001273255.1-protein322,GCA_001273255.1,LGIK01000012.1,350680,352437,322,1,tr|A5I377|A5I377_CLOBH,"ABC transporter, ATP-binding/permease protein",CBO1952,Clostridium botulinum (strain Hall / ATCC 3502 / NCTC 13319 / Type A),1.0,CBO_2373
CBO_2374,GCA-001273255.1-protein1731,GCA_001273255.1,LGIK01000028.1,17148,18728,1731,1,tr|A5I2P6|A5I2P6_CLOBH,"ABC transporter, ATP-binding protein",CBO1774,Clostridium botulinum (strain Hall / ATCC 3502 / NCTC 13319 / Type A),1.0,CBO_2374
CBO_2375,GCA-001273255.1-protein1607,GCA_001273255.1,LGIK01000026.1,9048,10097,1607,-1,sp|A5I1A6|DRDI_CLOBH,5-deoxyribose 1-phosphate isomerase,drdI,Clostridium botulinum (strain Hall / ATCC 3502 / NCTC 13319 / Type A),1.0,CBO_2375
CBO_2376,GCA-001573825.1-protein437,GCA_001573825.1,LFPL01000012.1,54623,55126,437,-1,tr|A5I5D0|A5I5D0_CLOBH,Exported protein,CBO2696,Clostridium botulinum (strain Hall / ATCC 3502 / NCTC 13319 / Type A),0.79,CBO_2376
CBO_2377,GCA-001273255.1-protein2922,GCA_001273255.1,LGIK01000051.1,3595,5040,2922,1,tr|A5I1F4|A5I1F4_CLOBH,Potassium uptake protein,CBO1319,Clostridium botulinum (strain Hall / ATCC 3502 / NCTC 13319 / Type A),1.0,CBO_2377
CBO_2378,GCA-001273255.1-protein3171,GCA_001273255.1,LGIK01000051.1,274125,274652,3171,1,tr|A5I251|A5I251_CLOBH,Membrane protein,CBO1577,Clostridium botulinum (strain Hall / ATCC 3502 / NCTC 13319 / Type A),1.0,CBO_2378
CBO_2379,GCA-001273255.1-protein1848,GCA_001273255.1,LGIK01000030.1,6665,6871,1848,-1,tr|A5HXP9|A5HXP9_CLOBH,RNA-binding mediating protein,CBO0003,Clostridium botulinum (strain Hall / ATCC 3502 / NCTC 13319 / Type A),1.0,CBO_2379
CBO_2380,GCA-001273255.1-protein1949,GCA_001273255.1,LGIK01000030.1,101553,102929,1949,-1,sp|A5I7S3|MURC_CLOBH,UDP-N-acetylmuramate--L-alanine ligase,murC,Clostridium botulinum (strain Hall / ATCC 3502 / NCTC 13319 / Type A),1.0,CBO_2380
CBO_2381,GCA-001273255.1-protein784,GCA_001273255.1,LGIK01000019.1,149242,150003,784,1,tr|A5HZA5|A5HZA5_CLOBH,Membrane protein,CBO0560,Clostridium botulinum (strain Hall / ATCC 3502 / NCTC 13319 / Type A),1.0,CBO_2381
CBO_2382,GCA-001273255.1-protein1846,GCA_001273255.1,LGIK01000030.1,5218,5481,1846,-1,tr|A5HXQ1|A5HXQ1_CLOBH,DUF370 domain-containing protein,CBO0005,Clostridium botulinum (strain Hall / ATCC 3502 / NCTC 13319 / Type A),1.0,CBO_2382
CBO_2383,GCA-001273255.1-protein1668,GCA_001273255.1,LGIK01000026.1,68263,69465,1668,-1,tr|A5I141|A5I141_CLOBH,Tyrosine--tRNA ligase,tyrZ,Clostridium botulinum (strain Hall / ATCC 3502 / NCTC 13319 / Type A),1.0,CBO_2383
CBO_2384,GCA-001273255.1-protein3375,GCA_001273255.1,LGIK01000054.1,185225,186256,3375,1,tr|A5HYB8|A5HYB8_CLOBH,Central glycolytic genes regulator,cggR,Clostridium botulinum (strain Hall / ATCC 3502 / NCTC 13319 / Type A),1.0,CBO_2384
CBO_2385,GCA-001273255.1-protein1566,GCA_001273255.1,LGIK01000025.1,203544,204320,1566,-1,tr|A5I582|A5I582_CLOBH,Flagellar biosynthetic protein FliP,fliP,Clostridium botulinum (strain Hall / ATCC 3502 / NCTC 13319 / Type A),1.0,CBO_2385
CBO_2386,GCA-001273255.1-protein3341,GCA_001273255.1,LGIK01000054.1,148265,148804,3341,-1,tr|A5HY84|A5HY84_CLOBH,Adenylate cyclase,CBO0191,Clostridium botulinum (strain Hall / ATCC 3502 / NCTC 13319 / Type A),1.0,CBO_2386
CBO_2387,GCA-001273255.1-protein2047,GCA_001273255.1,LGIK01000036.1,18564,20660,2047,1,tr|A5I1D5|A5I1D5_CLOBH,Cell wall anchored protein,CBO1298,Clostridium botulinum (strain Hall / ATCC 3502 / NCTC 13319 / Type A),1.0,CBO_2387
CBO_2388,GCA-016990395.1-protein3041,GCA_016990395.1,NQVW01000006.1,88811,97468,3041,-1,tr|A5I759|A5I759_CLOBH,Cyclic beta 1-2 glucan synthetase,CBO3335,Clostridium botulinum (strain Hall / ATCC 3502 / NCTC 13319 / Type A),0.99,CBO_2388
CBO_2389,GCA-001273255.1-protein1024,GCA_001273255.1,LGIK01000019.1,418914,420266,1024,1,tr|A5I024|A5I024_CLOBH,MerR-family transcriptional regulator,CBO0832,Clostridium botulinum (strain Hall / ATCC 3502 / NCTC 13319 / Type A),1.0,CBO_2389
CBO_2390,GCA-001273255.1-protein2991,GCA_001273255.1,LGIK01000051.1,85767,86264,2991,1,tr|A5I1M5|A5I1M5_CLOBH,Exported protein,CBO1393,Clostridium botulinum (strain Hall / ATCC 3502 / NCTC 13319 / Type A),1.0,CBO_2390
CBO_2391,GCA-001273255.1-protein1577,GCA_001273255.1,LGIK01000025.1,211605,212921,1577,-1,tr|A5I593|A5I593_CLOBH,Flagellum-specific ATP synthase,fliI,Clostridium botulinum (strain Hall / ATCC 3502 / NCTC 13319 / Type A),1.0,CBO_2391
CBO_2392,GCA-001273255.1-protein1640,GCA_001273255.1,LGIK01000026.1,40314,40718,1640,1,tr|A5I172|A5I172_CLOBH,Uncharacterized protein,CBO1234,Clostridium botulinum (strain Hall / ATCC 3502 / NCTC 13319 / Type A),1.0,CBO_2392
CBO_2393,GCA-001273255.1-protein1544,GCA_001273255.1,LGIK01000025.1,179556,180158,1544,-1,sp|A5I560|VATE_CLOBH,V-type ATP synthase subunit E,atpE,Clostridium botulinum (strain Hall / ATCC 3502 / NCTC 13319 / Type A),0.99,CBO_2393
CBO_2394,GCA-001273255.1-protein2385,GCA_001273255.1,LGIK01000044.1,33692,34582,2385,-1,sp|A5I6M3|HSLO_CLOBH,33 kDa chaperonin,hslO,Clostridium botulinum (strain Hall / ATCC 3502 / NCTC 13319 / Type A),1.0,CBO_2394
CBO_2395,GCA-016990285.1-protein1952,GCA_016990285.1,NQVS01000002.1,59106,60830,1952,-1,tr|A5I4V7|A5I4V7_CLOBH,histidine kinase,CBO2526,Clostridium botulinum (strain Hall / ATCC 3502 / NCTC 13319 / Type A),0.98,CBO_2395
CBO_2396,GCA-001276985.1-protein2933,GCA_001276985.1,LHUL01000008.1,235137,236117,2933,-1,tr|A5I1G9|A5I1G9_CLOBH,Membrane protein,CBO1334,Clostridium botulinum (strain Hall / ATCC 3502 / NCTC 13319 / Type A),1.0,CBO_2396
CBO_2397,GCA-001273255.1-protein2280,GCA_001273255.1,LGIK01000043.1,178330,179421,2280,-1,tr|A5I764|A5I764_CLOBH,ATP/GTP-binding protein,CBO3340,Clostridium botulinum (strain Hall / ATCC 3502 / NCTC 13319 / Type A),1.0,CBO_2397
CBO_2398,GCA-001273255.1-protein2740,GCA_001273255.1,LGIK01000005.1,54006,54377,2740,1,tr|A5I601|A5I601_CLOBH,GntR-family transcriptional regulator,CBO2918,Clostridium botulinum (strain Hall / ATCC 3502 / NCTC 13319 / Type A),0.99,CBO_2398
CBO_2399,GCA-001273255.1-protein1783,GCA_001273255.1,LGIK01000028.1,76759,78078,1783,-1,tr|A5I2B0|A5I2B0_CLOBH,Aspartokinase,lysC,Clostridium botulinum (strain Hall / ATCC 3502 / NCTC 13319 / Type A),1.0,CBO_2399
CBO_2400,GCA-001273255.1-protein3177,GCA_001273255.1,LGIK01000051.1,281294,282025,3177,1,tr|A5I257|A5I257_CLOBH,"Lantibiotic ABC transporter, permease protein",CBO1583,Clostridium botulinum (strain Hall / ATCC 3502 / NCTC 13319 / Type A),1.0,CBO_2400
CBO_2401,GCA-001273255.1-protein3413,GCA_001273255.1,LGIK01000054.1,229184,229867,3413,1,tr|A5HYF5|A5HYF5_CLOBH,Cytochrome C biogenesis protein,ccdA1,Clostridium botulinum (strain Hall / ATCC 3502 / NCTC 13319 / Type A),1.0,CBO_2401
CBO_2402,GCA-001273255.1-protein1849,GCA_001273255.1,LGIK01000030.1,6890,7993,1849,-1,tr|A5HXP8|A5HXP8_CLOBH,Beta sliding clamp,dnaN,Clostridium botulinum (strain Hall / ATCC 3502 / NCTC 13319 / Type A),1.0,CBO_2402
CBO_2403,GCA-001273255.1-protein1585,GCA_001273255.1,LGIK01000025.1,219174,219542,1585,-1,tr|A5I5A2|A5I5A2_CLOBH,DUF8042 domain-containing protein,CBO2668,Clostridium botulinum (strain Hall / ATCC 3502 / NCTC 13319 / Type A),0.91,CBO_2403
CBO_2404,GCA-001273255.1-protein3296,GCA_001273255.1,LGIK01000054.1,98966,99418,3296,1,tr|A5HY39|A5HY39_CLOBH,Low molecular weight protein-tyrosine-phosphatase,CBO0143,Clostridium botulinum (strain Hall / ATCC 3502 / NCTC 13319 / Type A),1.0,CBO_2404
CBO_2405,GCA-001273255.1-protein775,GCA_001273255.1,LGIK01000019.1,138499,139188,775,1,tr|A5HZ96|A5HZ96_CLOBH,Membrane protein,CBO0551,Clostridium botulinum (strain Hall / ATCC 3502 / NCTC 13319 / Type A),1.0,CBO_2405
CBO_2406,GCA-001273255.1-protein1925,GCA_001273255.1,LGIK01000030.1,78729,79364,1925,1,tr|A5I7U7|A5I7U7_CLOBH,Iron-sulfur flavoprotein,CBO3573,Clostridium botulinum (strain Hall / ATCC 3502 / NCTC 13319 / Type A),1.0,CBO_2406
CBO_2407,GCA-001273255.1-protein969,GCA_001273255.1,LGIK01000019.1,353669,354496,969,1,tr|A5HZW4|A5HZW4_CLOBH,Hydroxymethylpyrimidine/phosphomethylpyrimidine kinase,thiD2,Clostridium botulinum (strain Hall / ATCC 3502 / NCTC 13319 / Type A),0.99,CBO_2407
CBO_2408,GCA-001273255.1-protein3093,GCA_001273255.1,LGIK01000051.1,193335,194207,3093,1,tr|A5I1X1|A5I1X1_CLOBH,Methylcobamide:CoM methyltransferase,CBO1493,Clostridium botulinum (strain Hall / ATCC 3502 / NCTC 13319 / Type A),1.0,CBO_2408
CBO_2409,GCA-001276985.1-protein3032,GCA_001276985.1,LHUL01000008.1,338960,339625,3032,1,tr|A5I1R6|A5I1R6_CLOBH,Rubrerythrin diiron-binding domain-containing protein,CBO1436,Clostridium botulinum (strain Hall / ATCC 3502 / NCTC 13319 / Type A),0.84,CBO_2409
CBO_2410,GCA-001273255.1-protein1894,GCA_001273255.1,LGIK01000030.1,49153,50133,1894,1,sp|A5I7X8|FABH_CLOBH,Beta-ketoacyl-[acyl-carrier-protein] synthase III,fabH,Clostridium botulinum (strain Hall / ATCC 3502 / NCTC 13319 / Type A),1.0,CBO_2410
CBO_2411,GCA-001273255.1-protein50,GCA_001273255.1,LGIK01000012.1,39424,39879,50,1,tr|A5I409|A5I409_CLOBH,Protein ElaA,CBO2240,Clostridium botulinum (strain Hall / ATCC 3502 / NCTC 13319 / Type A),0.94,CBO_2411
CBO_2412,GCA-001273255.1-protein450,GCA_001273255.1,LGIK01000012.1,482846,483340,450,1,tr|A5I2U9|A5I2U9_CLOBH,Lipoprotein,CBO1827,Clostridium botulinum (strain Hall / ATCC 3502 / NCTC 13319 / Type A),1.0,CBO_2412
CBO_2413,GCA-001276985.1-protein2496,GCA_001276985.1,LHUL01000004.1,700306,700701,2496,1,tr|A5I0S1|A5I0S1_CLOBH,PilZ domain-containing protein,CBO1078,Clostridium botulinum (strain Hall / ATCC 3502 / NCTC 13319 / Type A),1.0,CBO_2413
CBO_2414,GCA-001273255.1-protein2087,GCA_001273255.1,LGIK01000037.1,28659,30659,2087,1,tr|A5I2S1|A5I2S1_CLOBH,DNA mismatch repair protein MutL,mutL,Clostridium botulinum (strain Hall / ATCC 3502 / NCTC 13319 / Type A),0.8,CBO_2414
CBO_2415,GCA-001273255.1-protein3588,GCA_001273255.1,LGIK01000009.1,19370,20740,3588,-1,tr|A5I0U1|A5I0U1_CLOBH,Aldehyde dehydrogenase,aldH,Clostridium botulinum (strain Hall / ATCC 3502 / NCTC 13319 / Type A),0.99,CBO_2415
CBO_2416,GCA-001273255.1-protein1008,GCA_001273255.1,LGIK01000019.1,404122,404358,1008,1,tr|A5I008|A5I008_CLOBH,Ferrous iron transport protein A,feoA,Clostridium botulinum (strain Hall / ATCC 3502 / NCTC 13319 / Type A),1.0,CBO_2416
CBO_2417,GCA-001273255.1-protein52,GCA_001273255.1,LGIK01000012.1,41078,42256,52,1,tr|A5I407|A5I407_CLOBH,Transport system protein,CBO2238,Clostridium botulinum (strain Hall / ATCC 3502 / NCTC 13319 / Type A),1.0,CBO_2417
CBO_2418,GCA-054635055.1-protein3280,GCA_054635055.1,NKRQ01000005.1,179875,180129,3280,1,tr|A5I769|A5I769_CLOBH,Endo/excinuclease,CBO3345,Clostridium botulinum (strain Hall / ATCC 3502 / NCTC 13319 / Type A),0.95,CBO_2418
CBO_2419,GCA-001273255.1-protein3405,GCA_001273255.1,LGIK01000054.1,220661,221563,3405,1,tr|A5HYE7|A5HYE7_CLOBH,Acetyltransferase,CBO0254,Clostridium botulinum (strain Hall / ATCC 3502 / NCTC 13319 / Type A),1.0,CBO_2419
CBO_2420,GCA-001273255.1-protein333,GCA_001273255.1,LGIK01000012.1,361157,362383,333,1,tr|A5I367|A5I367_CLOBH,Molybdopterin molybdenumtransferase,moeA1,Clostridium botulinum (strain Hall / ATCC 3502 / NCTC 13319 / Type A),1.0,CBO_2420
CBO_2421,GCA-001273255.1-protein1935,GCA_001273255.1,LGIK01000030.1,88351,89124,1935,1,sp|A5I7T7|MURI_CLOBH,Glutamate racemase,murI,Clostridium botulinum (strain Hall / ATCC 3502 / NCTC 13319 / Type A),1.0,CBO_2421
CBO_2422,GCA-001273255.1-protein3573,GCA_001273255.1,LGIK01000009.1,4228,4506,3573,-1,tr|A5I0V6|A5I0V6_CLOBH,Membrane protein,CBO1114,Clostridium botulinum (strain Hall / ATCC 3502 / NCTC 13319 / Type A),1.0,CBO_2422
CBO_2423,GCA-001273255.1-protein807,GCA_001273255.1,LGIK01000019.1,172539,173288,807,1,tr|A5HZC8|A5HZC8_CLOBH,Lipoprotein,CBO0584,Clostridium botulinum (strain Hall / ATCC 3502 / NCTC 13319 / Type A),0.98,CBO_2423
CBO_2424,GCA-001273255.1-protein3300,GCA_001273255.1,LGIK01000054.1,101677,102711,3300,1,tr|A5HY43|A5HY43_CLOBH,Probable undecaprenyl-phosphate N-acetylglucosaminyl 1-phosphate transferase,tagO,Clostridium botulinum (strain Hall / ATCC 3502 / NCTC 13319 / Type A),1.0,CBO_2424
CBO_2425,GCA-001273255.1-protein1176,GCA_001273255.1,LGIK01000021.1,60007,60270,1176,1,sp|A5I4I8|RS15_CLOBH,Small ribosomal subunit protein uS15,rpsO,Clostridium botulinum (strain Hall / ATCC 3502 / NCTC 13319 / Type A),1.0,CBO_2425
CBO_2426,GCA-001273255.1-protein413,GCA_001273255.1,LGIK01000012.1,444041,445345,413,1,tr|A5I2Y6|A5I2Y6_CLOBH,Pyrimidine-nucleoside phosphorylase,pdp,Clostridium botulinum (strain Hall / ATCC 3502 / NCTC 13319 / Type A),1.0,CBO_2426
CBO_2427,GCA-001273255.1-protein3090,GCA_001273255.1,LGIK01000051.1,189024,190421,3090,1,tr|A5I1W8|A5I1W8_CLOBH,Na+/H+ antiporter,CBO1490,Clostridium botulinum (strain Hall / ATCC 3502 / NCTC 13319 / Type A),1.0,CBO_2427
CBO_2428,GCA-001273255.1-protein143,GCA_001273255.1,LGIK01000012.1,144127,144984,143,1,tr|A5I3R6|A5I3R6_CLOBH,Endonuclease,CBO2144,Clostridium botulinum (strain Hall / ATCC 3502 / NCTC 13319 / Type A),1.0,CBO_2428
CBO_2429,GCA-001273255.1-protein1580,GCA_001273255.1,LGIK01000025.1,214747,216327,1580,-1,tr|A5I596|A5I596_CLOBH,Flagellar M-ring protein,fliF,Clostridium botulinum (strain Hall / ATCC 3502 / NCTC 13319 / Type A),1.0,CBO_2429
CBO_2430,GCA-001273255.1-protein43,GCA_001273255.1,LGIK01000012.1,32043,33446,43,1,tr|A5I415|A5I415_CLOBH,Membrane protein,CBO2246,Clostridium botulinum (strain Hall / ATCC 3502 / NCTC 13319 / Type A),1.0,CBO_2430
CBO_2431,GCA-001273255.1-protein2217,GCA_001273255.1,LGIK01000043.1,100680,101339,2217,1,tr|A5I7C9|A5I7C9_CLOBH,Uncharacterized protein,CBO3404,Clostridium botulinum (strain Hall / ATCC 3502 / NCTC 13319 / Type A),1.0,CBO_2431
CBO_2432,GCA-002104015.1-protein2834,GCA_002104015.1,MWJH01000005.1,26966,28147,2834,-1,tr|A5I710|A5I710_CLOBH,Conserved membrane protein,CBO3285,Clostridium botulinum (strain Hall / ATCC 3502 / NCTC 13319 / Type A),0.99,CBO_2432
CBO_2433,GCA-016989775.1-protein2833,GCA_016989775.1,NKSK01000006.1,139130,140752,2833,-1,tr|A5I3Z9|A5I3Z9_CLOBH,Cell wall-associated protein,CBO2228,Clostridium botulinum (strain Hall / ATCC 3502 / NCTC 13319 / Type A),0.97,CBO_2433
CBO_2434,GCA-001273255.1-protein1200,GCA_001273255.1,LGIK01000021.1,85783,87033,1200,1,tr|A5I475|A5I475_CLOBH,histidine kinase,CBO2306,Clostridium botulinum (strain Hall / ATCC 3502 / NCTC 13319 / Type A),1.0,CBO_2434
CBO_2435,GCA-001273255.1-protein1183,GCA_001273255.1,LGIK01000021.1,69480,70817,1183,1,sp|A5I4I1|RIMO_CLOBH,Ribosomal protein uS12 methylthiotransferase RimO,rimO,Clostridium botulinum (strain Hall / ATCC 3502 / NCTC 13319 / Type A),1.0,CBO_2435
CBO_2436,GCA-001273255.1-protein3207,GCA_001273255.1,LGIK01000054.1,3898,4401,3207,1,tr|A5HXU7|A5HXU7_CLOBH,Membrane protein,CBO0051,Clostridium botulinum (strain Hall / ATCC 3502 / NCTC 13319 / Type A),1.0,CBO_2436
CBO_2437,GCA-001273255.1-protein1780,GCA_001273255.1,LGIK01000028.1,71087,72253,1780,-1,tr|A5I2B3|A5I2B3_CLOBH,Alcohol dehydrogenase,CBO1643,Clostridium botulinum (strain Hall / ATCC 3502 / NCTC 13319 / Type A),1.0,CBO_2437
CBO_2438,GCA-001273255.1-protein3606,GCA_001273255.1,LGIK01000009.1,38940,39665,3606,-1,tr|A5I0S2|A5I0S2_CLOBH,phosphoserine phosphatase,CBO1079,Clostridium botulinum (strain Hall / ATCC 3502 / NCTC 13319 / Type A),1.0,CBO_2438
CBO_2439,GCA-001273255.1-protein772,GCA_001273255.1,LGIK01000019.1,134698,135606,772,1,tr|A5HZ93|A5HZ93_CLOBH,Exported protein,CBO0548,Clostridium botulinum (strain Hall / ATCC 3502 / NCTC 13319 / Type A),1.0,CBO_2439
CBO_2440,GCA-001273255.1-protein391,GCA_001273255.1,LGIK01000012.1,418484,418699,391,1,sp|A5I308|EX7S_CLOBH,Exodeoxyribonuclease 7 small subunit,xseB,Clostridium botulinum (strain Hall / ATCC 3502 / NCTC 13319 / Type A),0.97,CBO_2440
CBO_2441,GCA-001273255.1-protein2365,GCA_001273255.1,LGIK01000044.1,6535,7005,2365,-1,tr|A5I6K1|A5I6K1_CLOBH,Uncharacterized protein,CBO3120,Clostridium botulinum (strain Hall / ATCC 3502 / NCTC 13319 / Type A),1.0,CBO_2441
CBO_2442,GCA-001574355.1-protein2480,GCA_001574355.1,LFQF01000006.1,127274,127612,2480,-1,tr|A5I782|A5I782_CLOBH,"PTS system, lichenan-specific IIb component",licB,Clostridium botulinum (strain Hall / ATCC 3502 / NCTC 13319 / Type A),0.9,CBO_2442
CBO_2443,GCA-054771325.1-protein486,GCA_054771325.1,NKTI01000001.1,499080,499850,486,-1,tr|A5HYL4|A5HYL4_CLOBH,"ABC transporter, ATP-binding protein",CBO0321,Clostridium botulinum (strain Hall / ATCC 3502 / NCTC 13319 / Type A),0.76,CBO_2443
CBO_2444,GCA-001273255.1-protein1198,GCA_001273255.1,LGIK01000021.1,84578,85117,1198,1,tr|A5I477|A5I477_CLOBH,Membrane protein,CBO2308,Clostridium botulinum (strain Hall / ATCC 3502 / NCTC 13319 / Type A),1.0,CBO_2444
CBO_2445,GCA-001273255.1-protein3182,GCA_001273255.1,LGIK01000051.1,286832,288250,3182,1,tr|A5I262|A5I262_CLOBH,Arginine/ornithine antiporter,arcD,Clostridium botulinum (strain Hall / ATCC 3502 / NCTC 13319 / Type A),1.0,CBO_2445
CBO_2446,GCA-001273255.1-protein2024,GCA_001273255.1,LGIK01000035.1,13563,15257,2024,1,tr|A5I5P1|A5I5P1_CLOBH,histidine kinase,CBO2805,Clostridium botulinum (strain Hall / ATCC 3502 / NCTC 13319 / Type A),1.0,CBO_2446
CBO_2447,GCA-001273255.1-protein1951,GCA_001273255.1,LGIK01000030.1,104047,104334,1951,1,sp|A5I7S1|SP5G_CLOBH,Putative septation protein SpoVG,spoVG,Clostridium botulinum (strain Hall / ATCC 3502 / NCTC 13319 / Type A),1.0,CBO_2447
CBO_2448,GCA-001273255.1-protein3206,GCA_001273255.1,LGIK01000054.1,2592,3533,3206,-1,tr|A5HXU6|A5HXU6_CLOBH,Probable transporter,CBO0050,Clostridium botulinum (strain Hall / ATCC 3502 / NCTC 13319 / Type A),1.0,CBO_2448
CBO_2449,GCA-001273255.1-protein1756,GCA_001273255.1,LGIK01000028.1,46210,46761,1756,1,tr|A5I2D6|A5I2D6_CLOBH,Uncharacterized protein,CBO1668,Clostridium botulinum (strain Hall / ATCC 3502 / NCTC 13319 / Type A),1.0,CBO_2449
CBO_2450,GCA-001273255.1-protein500,GCA_001273255.1,LGIK01000015.1,44188,44553,500,1,tr|A5I6U0|A5I6U0_CLOBH,Zinc ribbon domain-containing protein,CBO3211,Clostridium botulinum (strain Hall / ATCC 3502 / NCTC 13319 / Type A),1.0,CBO_2450
CBO_2451,GCA-001273255.1-protein244,GCA_001273255.1,LGIK01000012.1,255569,256216,244,1,tr|A5I3G1|A5I3G1_CLOBH,Exported protein,CBO2037,Clostridium botulinum (strain Hall / ATCC 3502 / NCTC 13319 / Type A),1.0,CBO_2451
